atlas_name	atlas_channel	atlas_platform	atlas_link	bsky_handle	bsky_followers	confirmed	notes
Aaron Parnas	Aaron Parnas	Video - TikTok	https://www.tiktok.com/@aaronparnas1	aaronparnas.substack.com.web.brid.gy	0	YES	Providing you with the Gen Z perspective on all the issues in the news. Click to read The Parnas Per
Aaron Rupar	Public Notice	Newsletter - Substack	https://www.publicnotice.co	atrupar.com	0	YES	Independent journalist, SnapStream brand ambassador, and publisher of the Public Notice newsletter h
Abbie Richards	Tofology	Video - TikTok	https://www.tiktok.com/@tofology	abbierichards.bsky.social	0	LIKELY	I research and create educational videos about misinformation, propaganda, fascism, and sometimes (u
Abby Martin	Empire Files	Video - YouTube	https://www.youtube.com/empirefiles	abbymartin0.bsky.social	0	LIKELY	Journalist #EmpireFiles Films: Gaza Fights For Freedom, Earth's Greatest Enemy abby@theempirefiles.t
Adam Cole	Howtown	Video - YouTube	https://www.youtube.com/@Howtown	adamcolekelly.bsky.social	0	LIKELY	
Adam Johnson	Citations Needed	Podcast	https://podcasts.apple.com/us/podcast/citations-needed/id1258545975	adamj.eu	0	LIKELY	"🐴 @djangoproject.com blogger and contributor
✍️ Author of three books on Django and Git
🍕 Django Lon"
Adam Klasfeld	All Rise News	Newsletter - Substack	https://allrisenews.com	klasfeldreports.com	0	YES	Editor in chief of @allrisenews.com. Fearless journalism about the law, your rights, and your powers
Adam Kucharski	Understanding the Unseen	Newsletter - Substack	https://kucharski.substack.com	adamjkucharski.bsky.social	0	YES	Epidemiologist/mathematician. Professor at London School of Hygiene & Tropical Medicine. Author of T
Adam Mastroianni	Experimental History	Newsletter - Substack	https://www.experimental-history.com	mastroianni.bsky.social	0	LIKELY	I do science and write about it
Adam Mockler	Adam Mockler	Video - YouTube	https://www.youtube.com/@adammockler	adammockler.com	0	YES	"22 | 1.8M+ on YouTube | @MeidasTouch.com

Join me now on Substack for more content at AdamMockler.co"
Adam Tooze	Chartbook	Newsletter - Substack	https://adamtooze.substack.com	adamtooze.bsky.social	0	YES	"Chartbook Substack https://adamtooze.substack.com/
OnesandTooze podcast https://foreignpolicy.com/po"
Adrienne Keene	All My Relations Podcast	Podcast	https://www.allmyrelationspodcast.com	nativeapprops.bsky.social	0	YES	ᏥᏣᎳᎩ. Cherokee Nation citizen. Writer/scholar. Tulsa Artist Fellow. Author of Native Appropriations 
Aella	Knowingless	Website	https://knowingless.com	aella.bsky.social	0	LIKELY	aella.substack.com, @aella_girl on X
Afeef Nessouli	Afeef	Video - Instagram	https://www.instagram.com/afeefness	afeefness.bsky.social	0	LIKELY	
Aidan Hall	Aidan Hall	Video - YouTube	http://youtube.com/@aidan_hall	aidanhallaudio.bsky.social	0	LIKELY	"Sound Designer @Coatsink, Audio Engineer, IG50 Winner 2022 💜♠️ 26 | Ace & NB |
He/They |"
Alastair Campbell	Rest Is Politics	Video - YouTube	https://www.youtube.com/@restispolitics	alastaircampbell2.bsky.social	0	YES	Writer, strategist, co-presenter the U.K. No1 podcast The Rest Is Politics … love Britain hate Brexi
Alberto Cairo	Open Visualization Academy	Website	https://openvisualizationacademy.beehiiv.com	albertocairo.com	0	YES	"Designer, journalist, and professor.
Author of 'The Art of Insight' (2023) 'How Charts Lie' (2019), "
Alec Karakatsanis	Copaganda Newsletter	Newsletter - Substack	https://equalityalec.substack.com	equalityalec.bsky.social	0	YES	"founder, Civil Rights Corps

civil rights lawyer
author of usual cruelty (2019) and 
copaganda (2025"
Alessandra Ram	Good Luck Media	Podcast	https://www.goodluckmedia.co	alessandraram.bsky.social	0	YES	"journalist 
ceo @goodluckmedia.bsky.social"
Alex Dobrenko	Both Are True	Newsletter - Substack	https://botharetrue.substack.com	alexd23.bsky.social	0	YES	"Sinner saint no shame. Writer comedian guy. 

head of creative at www.sublime.app

head of writing a"
Alex Falcone	Alex Falcone	Video - Instagram	https://www.instagram.com/alexfalcone	alexfalcone.bsky.social	0	LIKELY	"🎤 Comedian, scam hunter, explainer of things.
✉️ Sign up for my free Fun Fact Friday newsletter:
htt"
Alex González Ormerod	The Mexico Political Economist	Social - LinkedIn	www.mxpe.org	alexgonzor.bsky.social	0	YES	"Editing The Mexico Political Economist—Mexican politics, policy, and markets for a global audience.
"
Alex H	A Map Nerd	Video - TikTok	https://www.tiktok.com/@map_nerd	llhallj.bsky.social	0	LIKELY	"Horrendous human, QA Lead in game dev, Twitch Affiliate, Actor

Don’t worry, I’ve never heard of me "
Alex Heath	Sources	Newsletter - Substack	https://sources.news	alexeheath.com	0	YES	writing sources.news, co-hosting the Access podcast
Alex Kantrowitz	Big Technology	Newsletter - Substack	https://www.bigtechnology.com	kantrowitz.bsky.social	0	YES	Hello Bluesky! I’m Alex Kantrowitz, host of Big Technology Podcast and author of Big Technology on S
Alex Konrad	Upstarts Media	Newsletter - Substack	https://www.upstartsmedia.com	alexrkonrad.bsky.social	0	YES	Founder and editor of @upstarts.bsky.social, a tech publication focused on the startup ecosystem. Pr
Alex Steffen	The Snap Forward	Newsletter - Substack	https://alexsteffen.substack.com	alexsteffen.bsky.social	0	YES	"Planetary foresight and personal climate strategies.

Courses: https://alexsteffen.thinkific.com/
Po"
Alexander C. Kaufman	FIELD NOTES	Newsletter - Substack	https://kaufman.substack.com	alexckaufman.bsky.social	0	YES	Reporter. I write about energy, climate, and geopolitics. I'm especially into nuclear power, mineral
Alexander Russo	The Grade	Newsletter - Substack	https://alexanderrusso.substack.com	alexanderrusso.bsky.social	0	YES	Founder @thegrade_ and many other things. Author: Stray Dogs, Saints, and Savors. London-born, Chica
Alexandra Stewart	Sassy Confetti	Video - TikTok	https://www.tiktok.com/@.sassyconfetti	alexandrastewart.bsky.social	0	LIKELY	Alexandra Stewart spends her days reading copiously and widely, researching random topics that she w
Alexios Mantzarlis	Indicator	Newsletter - Beehiiv	https://indicator.media	mantzarlis.com	0	LIKELY	"Tech, facts, and carbonara.

mantzarlis.com"
Ali Van Fleet	Ali Van Fleet	Video - TikTok	https://www.tiktok.com/@alivanfleet	alivanfleet.bsky.social	0	LIKELY	"Current grad student @TTU 
As seen on @weatherchannel & @pattrnsocial 📺 former meteorologist @KTVL @"
Alicia Kennedy	From the Desk of Alicia Kennedy	Newsletter (Substack)	https://www.aliciakennedy.news	aliciadkennedy.bsky.social	507	YES	Confirmed from brief
Alissa Walker	Torched LA	Newsletter - Ghost	https://www.torched.la	awalkerinla.bsky.social	0	YES	I'm a writer and a walker in LA. Tracking the city's megaevent progress at Torched. Co-host LA Podca
Aly Walansky	Aly Walansky	Video - Instagram	https://www.instagram.com/alywalansky	alywalansky.bsky.social	0	LIKELY	New York-based travel & food journalist, rated #1 food journalist in 2022 & top 10 journalist in 202
Amanda Informed	Amanda Informed	Video - TikTok	https://www.tiktok.com/@amandainformed	ammo88.bsky.social	0	LIKELY	"🚀 I design, build & enhance websites
💻 Webflow | Figma | HTML & CSS | Basic UI/UX
🔧 Fix • Update • O"
Amanda Shendruk	Not-Ship	Newsletter - Ghost	https://www.not-ship.com	ashendruk.com	0	YES	"https://www.not-ship.com/

Explaining the world through data and design • Newsletter: Not-Ship •   F"
Amelia	Emberwing	Social - BlueSky	https://bsky.app/profile/thatwitchmia.bsky.social	watsonameliaen.bsky.social	0	YES	"This is an account that crossposts from @watsonameliaEN on Twitter!
No affiliation with Hololive.
#a"
Amy Boyle	Speaking of Phenomenal	Newsletter - Substack	https://amyboyle.substack.com/podcast	amymarieboyle.bsky.social	0	LIKELY	Feminist researcher of popular culture, media studies, TV studies / PhD @UOW / Sessional Academic / 
Anand Giridharadas	Anand Giridharadas	Video - Instagram	https://www.instagram.com/anandwrites	anandwrites.bsky.social	0	LIKELY	Writer.
Anastasiia Markova	anastasiia.dc	Video - Instagram	https://www.instagram.com/anastasiia.dc	nakunya.bsky.social	0	LIKELY	
Anders Puck Nielsen	Anders Puck Nielsen	Video - YouTube	https://www.youtube.com/@anderspuck	anderspucknielsen.dk	0	YES	"Military analyst, naval officer, based in Denmark, mostly #Russia and the war in #Ukraine.

YouTube:"
Andrew Callaghan	Channel 5	Video - YouTube	https://www.youtube.com/@Channel5YouTube	quajupeg.bsky.social	0	LIKELY	
Andrew Dessler	The Climate Brink	Newsletter - Substack	https://www.theclimatebrink.com	andrewdessler.com	0	YES	Prof of Atmospheric Sciences & climate scientist @ Texas A&M; AGU and AAAS Fellow; Native Texan; fin
Andrew Free	DetentionKills	Newsletter - Substack	https://detentionkills.substack.com	keiperjourno.bsky.social	0	LIKELY	Education reporter for Signal Akron. Ohio dog. Spend my free time fighting my friends for fun. Blue 
Andrew Gelman	Statistical Modeling	Newsletter - Substack	https://statmodeling.substack.com	statmodeling.bsky.social	0	YES	"Automatically tweets new posts from http://statmodeling.stat.columbia.edu
Please respond in the comm"
Andrew Gill	Rock That Doesn't Roll	Podcast	https://pod.link/1703257857	andrewgill.biz	0	YES	Podcaster: Rock That Doesn’t Roll w/ @drleahpayne.bsky.social and @SoundOpinions.bsky.social with @j
Andrew Janjigian	Word Loaf	Newsletter - Ghost	https://newsletter.wordloaf.org	wordloaf.org	0	YES	"bread-pilled

he/him

writing 'Breaducation: The Science and Practice of Bread Baking,' for Ten Spee"
Andrew Montalenti	pixelmonkey.org	Website	https://amontalenti.com	amontalenti.bsky.social	0	YES	Founder/CTO. Coding in: Python, JavaScript, Zig. Current startup: PX Systems @ https://px.app. Forme
Andrew Sullivan	The Weekly Dish	Newsletter - Substack	https://andrewsullivan.substack.com	anvilwalrusden.bsky.social	0	LIKELY	Cranky Canuck Torontonian. Failed repeatedly to get a job as corporate philosopher. Internet smarty-
Andy Dehnart	Reality Blurred	Newsletter - Other	https://www.realityblurred.com/realitytv	andydehnart.com	0	YES	Writer, TV critic, creator of realityblurred.com, TCA president, writing coach, husband, cat dad, im
Andy Hay	East Coast Kitchen	Video - Instagram	https://www.instagram.com/andyseastcoastkitchen_	andyhaymusic.bsky.social	0	LIKELY	"www.andyhay.bandcamp.com
Truth of spirit A life passion jazz Devotional drummer speaks through langu"
Angus Hervey	Fix The News	Newsletter - Substack	fixthenews.com	angushervey.com	0	YES	"fixthenews.com
Sharing stories of human progress, environmental restoration, clean energy, and scien"
Anil Dash	Anil Dash	Website	https://anildash.com	anildash.com	0	YES	the internet's uncle • waging a victorious 2-front war against cars and christmas • big fan of being
Anna Pujol-Mazzini	Good Story	Newsletter - Other	https://goodstory.kit.com/posts	annapujolmazzini.bsky.social	0	YES	Journalist and founder of the good story newsletter to reclaim journalism and nonfiction as tools fo
Anne Helen Petersen	Culture Study	Newsletter - Other	https://www.patreon.com/cw/CultureStudy	annehelen.bsky.social	0	YES	Author of four books and the CULTURE STUDY newsletter. PhD in celebrity gossip. My dogs are named St
Antonio Sánchez	NoticiasNW	Website	https://noticiasnw.com	selbryn.bsky.social	0	LIKELY	"🎮 Game designer at Tequila Works 🎮 Prev. at Funcom, CD Projekt Red, Saber Interactive.

📍 Valencia"
Anya Kamenetz	The Golden Hour	Newsletter - Substack	https://thegoldenhour.substack.com	anya1anya.bsky.social	0	YES	Ex-NPR. Writer. New Narratives Fellow, EHRP. Books: Generation Debt, DIY U, The Art of Screen Time, 
Ari Drennen	Ari's Threads	Newsletter - Substack	https://aridrennen.substack.com	aridrennen.bsky.social	0	YES	Media strategist. Misinformation researcher. Married woman. Former LGBTQ Program Director @MMFA. Fir
Ari Shapiro	Ari Shapiro	Newsletter - Substack	https://arishapiro.substack.com	ari-shapiro.bsky.social	0	YES	"📻: All Things Considered & Consider This on NPR
📺: The Mole on Netflix
📖: The Best Strangers In the "
Arvind Narayanan	AI as Normal Technology	Newsletter - Substack	https://www.normaltech.ai	randomwalker.bsky.social	0	LIKELY	Princeton computer science prof. I write about the societal impact of AI, tech ethics, & social medi
Ashlee Vance	Core Memory	Newsletter - Substack	https://www.corememory.com	ashleevance.bsky.social	0	YES	"Reporter. Author. Filmmaker
www.corememory.com"
Ashlyn	(Ask Ashlyn)	Chat - SMS	https://joinsubtext.com/c/askashlyn	ovyerus.com	0	LIKELY	"working on atproto music stuff: @comet.sh

javascript/elixir programmer, open source advocate, inter"
Austin Berg	The Last Ward	Newsletter - Substack	https://www.thelastward.org	austinberg.bsky.social	0	LIKELY	Co-founder @ironlightinc (2025 @C_and_E Public Affairs Firm of the Year) | Chicago Policy Center | C
Austin Graff	Austin K Graff	Video - Instagram	https://www.instagram.com/austinkgraff	austingraff.bsky.social	0	LIKELY	"Documentary Filmmaker
Researcher / AP"
Austin Kocher	Austin Kocher	Newsletter - Substack	https://austinkocher.substack.com	austinkocher.com	0	YES	I study immigration enforcement. Assistant Professor at Syracuse University and Research Fellow at t
Ayana Elizabeth Johnson	What If We Get It Right?	Newsletter - Substack	https://ayanaelizabeth.substack.com	ayanaeliza.bsky.social	0	LIKELY	Marine biologist, writer, policy nerd. Co-founder Urban Ocean Lab, think tank for the future of coas
Azi Paybarah	Azi Paybarah	Newsletter - Substack	https://azipaybarah.substack.com	azipaybarah.bsky.social	0	YES	🗳️I’m a national reporter with The Washington Post, covering campaigns and breaking political news. 
Baxstar Jonmarie Ferguson	Well Beings News	Newsletter - Beehiiv	https://well.beings.news	bjthehetheygay.ca	0	YES	(gender+neuro)queer writer, researcher, aspiring novelist. white 🇨🇦 immigrant in 🇲🇽. animist. anarch
Ben Shapiro	The Ben Shapiro Show	Video - YouTube	https://www.youtube.com/@BenShapiro	officialbenshapiro.bsky.social	0	LIKELY	"Daily Wire co-founder, host of 
@benshapiroshow, #1 NYT bestselling author, America’s #1 ex-rapper"
Ben Thompson	Stratechery	Website	https://stratechery.com	benthompson00.cnbc.com	0	LIKELY	18 Years at @CNBC -- Senior Producer: Squawk on the Street & former Kudlow Report. WHDH, WMUR & CN8 
Ben Whitelaw	Ctrl-Alt-Speech	Podcast	https://ctrlaltspeech.com	benwhitelaw.bsky.social	0	YES	Founder and editor of everythinginmoderation.co. Co-host & writer of ctrlaltspeech.com puns. Media c
Beth Shelburne	Moth to flame	Newsletter - Substack	https://bethshelburne.substack.com	bshelburne.bsky.social	0	LIKELY	Journalist, writer, teacher, podcaster. Mama, wife, pal to assorted humans. Mostly brave except with
Bianca Graulau	Bianca Graulau	Video - Instagram	https://www.instagram.com/biancagraulau	biancagraulau.bsky.social	0	LIKELY	Independent journalist from Puerto Rico 
Bill Bishop	Sinocism	Newsletter - Substack	https://sinocism.com	billbishop.bsky.social	0	YES	Writes Sinocism, @niubi on Twitter, https://sinocism.com 
Bill McBride	CalculatedRisk	Newsletter - Substack	https://calculatedrisk.substack.com	calculatedrisk.bsky.social	0	YES	Author of Calculated Risk Real Estate Newsletter at http://calculatedrisk.substack.com and Economic 
Bill Oakley	That Bill Oakley	Video - Instagram	https://www.instagram.com/thatbilloakley	thatbilloakley.bsky.social	0	LIKELY	"Culinary Event Producer, Food Enthusiast & TV Showrunner
BILLOAKLEY.com"
Bill Spindle	The Energy Adventure(r)	Newsletter - Substack	https://billspindle.substack.com	billspindle.bsky.social	0	YES	The Energy Adventure(r) on Substack. Ex-senior global correspondent for Cipher News. Former WSJ Japa
Bobby LaPin	saillocal	Video - Instagram	https://www.instagram.com/saillocal	makegoodchange.bsky.social	0	LIKELY	🫡 Veteran, 📚 Former School Teacher, and ⛵️ Small Business Owner running for State Senate in Baltimor
Bobby Ross Jr.	Religion Unplugged's Weekend Plug-In	Newsletter - Substack	https://weekendplugin.substack.com	bobbyrossjr.bsky.social	0	LIKELY	Editor-in-Chief, The Christian Chronicle. Reported from all 50 states and 18 nations. Husband. Dad. 
Brad DeLong	Grasping Reality	Newsletter - Substack	https://braddelong.substack.com	braddelong.bsky.social	0	YES	"Author of ""Slouching Towards Utopia: An Economic History of the 20th Century"". Too online since 1995"
Bradley Onishi	Straight White American Jesus	Podcast	https://www.straightwhiteamericanjesus.com	bradleyonishi.bsky.social	0	LIKELY	Scholar of Christian nationalism and the American Right. Award-winning author and podcaster. Co-host
Branden Andersen	Newsberg	Website	https://newsberg.org	newsberg.org	0	YES	"Community-supported news in Newberg, Ore. publishing a weekly email newsletter 🍇
www.newsberg.org"
Branko Milanovic	Global Inequality and More 3.0	Newsletter - Substack	https://branko2f7.substack.com	brankomilan.bsky.social	0	LIKELY	"1) Income inequality; 2) Politics;  3) History; 4) Soccer. 
Author of ""Global inequality"" and ""Capit"
Brett Cooper	THE SCROLL	Newsletter - Beehiiv	https://brettcooper.beehiiv.com	brettcooperrp.bsky.social	0	YES	Roleplay / Parody account ..  Not the views of the writer.  NSFW , Bisexual muse.  She/Her.
Brett Kollmann	Brett Kollmann	Video - YouTube	https://www.youtube.com/c/BrettKollmann	brettkollmann.bsky.social	0	YES	"Creator of All Thirty Two
Co-Host of the Bootleg Football Podcast.
https://www.youtube.com/c/brettko"
Brian Albrecht	Economic Forces	Newsletter - Substack	https://www.economicforces.xyz	briancalbrecht.bsky.social	0	LIKELY	Applied economic theorist: competition and information. Chief Economist @LawEconCenter Price Theory 
Brian Hansbury	Public Enlightenment	Newsletter - Substack	https://www.publicenlightenment.com	brianhansbury.bsky.social	0	YES	"Information nutritionist.
Creator: publicenlightenment.com
Co-founder: @mediaanddemocracy.bsky.socia"
Brian Howey	Brian Howey	Social - Twitter / X	https://x.com/hwypol	steelandballast.bsky.social	0	LIKELY	"Investigative journalist covering Southern law enforcement for @mississippitoday.org. 

Record nerd "
Brian Krebs	Krebs on Security	Website	https://krebsonsecurity.com	briankrebs.bsky.social	0	LIKELY	Did you think your little ass could hide from me? Don’t worry this username will be forwarded to my 
Brian Potter	Construction Physics	Newsletter - Substack	https://www.construction-physics.com	brainwave69.bsky.social	0	LIKELY	Valley boy potter
Brian Read	Automate Your Life	Video - YouTube	https://www.youtube.com/@AutomateYourLife	sholis.com	0	LIKELY	Chicagoan in Toronto, art worker, autodidact, dad. This is mostly a read-and-reply account. More abo
Brian Reed	Question Everything	Podcast	https://questioneverything.substack.com	brihreed.bsky.social	0	YES	"Host of Question Everything from KCRW and Placement Theory: lnk.to/khCBOC

Co-founder of Placement T"
Brian Skinner	Marin Buzz	Newsletter - Beehiiv	https://marinbuzz.com	skert.bsky.social	0	LIKELY	
Brian Tyler Cohen	Brian Tyler Cohen	Video - YouTube	https://www.youtube.com/@briantylercohen	briantylercohen.bsky.social	0	YES	"Political commentary. Over 3 billion views on YouTube. #1 NYT bestselling author. Past: MSNBC

https"
Bryan Anderson	Anderson Alerts	Newsletter - Substack	andersonalerts.substack.com	bryanranderson.bsky.social	0	YES	"NC Politics Reporter for The Assembly, #AndersonAlerts creator, aka ""Buzzkill Bryan."" Tips? Inquirie"
Bryan Schott	Utah Political Watch	Newsletter - Ghost	https://utahpolitics.news	schotthappens.com	0	YES	"Publisher/Managing Editor - Utah Political Watch

📝 I write about politics. Sometimes it goes well. "
Bryce Covert	Bryce Covert	Newsletter - Other	https://mailchi.mp/39215d5120eb/sign-up-for-bryce-coverts-newsletter	brycecovert.bsky.social	0	LIKELY	Journalist writing about the economy. Contributing writer at @thenation.com and member of @fspnwu.bs
CJ Gustafson	Mostly Metrics	Newsletter - Beehiiv	https://www.mostlymetrics.com	cjgustafson.bsky.social	0	YES	"Tech CFO | Miller Lite Enthusiast

Writer of mostlymetrics.com 

Podcaster of Run the Numbers

https"
Caitlin Dewey	Links I Would GChat You If We Were Friends	Newsletter - Substack	https://linksiwouldgchatyou.substack.com	caitlindewey.bsky.social	0	LIKELY	
Caitlin Johnstone	Caitlin Johnstone	Newsletter - Substack	https://www.caitlinjohnst.one	caitoz.bsky.social	0	YES	"100% reader-funded. All works free to republish/use/translate. All works co-authored by Tim Foley.
h"
Caitlin Rivers	Force of Infection	Newsletter - Substack	https://caitlinrivers.substack.com	cmyeaton.bsky.social	0	YES	Infectious disease epidemiologist @JohnsHopkinsSPH. Associate professor. Author of CRISIS AVERTED (V
Caleb Hammer	Caleb Hammer	Video - YouTube	youtube.com/calebhammer	chipmonkfunk.bsky.social	0	YES	I don't really care about Caleb Hammer. MTG, Texans fan, Rockets fan, and love learning but I'm pret
Cam Rodriguez	foiaday	Newsletter - Other	buttondown.com/foiaday	camrodriguez.bsky.social	0	YES	meddling kid / journalist. map nerd, midwest defender, chicago fanatic. 🇲🇽🇺🇲. data @wbez.org & reque
Candace Owens	Candace Owens	Video - YouTube	https://www.youtube.com/@RealCandaceO	realcandaceowens.bsky.social	0	YES	The Candace podcast returns June 10th. Be sure to subscribe to the NEW YouTube channel!
Carla Zanoni	The Em Dash	Newsletter - Substack	https://carla.substack.com	carlazanoni.bsky.social	0	YES	Poet/journalist/immigrant — Knowing/Saber author, working on literary memoir. Lead MA in engagement 
Caroline Chambers	What to Cook When You Don’t Feel Like Cooking	Video - Instagram	https://www.instagram.com/carochambers	carolinechambers.bsky.social	0	LIKELY	Communications specialist and storyteller. Choosing words wisely to engage audiences, inspire action
Caroline Crampton	The Browser	Newsletter - Ghost	https://thebrowser.com	cacrampton.bsky.social	0	LIKELY	I write books — The Way to the Sea (2019) and A Body Made of Glass (2024) — and I make the Shedunnit
Caroline Saunders	Pale Blue Tart	Newsletter - Substack	https://palebluetart.substack.com	car56.bsky.social	0	LIKELY	Promoting wellbeing economics for people and planet.
Carolyn Thomas	School of Traditional Skills	Website	https://schooloftraditionalskills.com	carolynthomasclwyd.bsky.social	0	LIKELY	Published and promoted by Tina Claydon on behalf of Welsh Labour's candidates for Clwyd, Unit 1 at L
Casey Fiesler	Professor Casey	Video - TikTok	https://www.tiktok.com/@professorcasey	cfiesler.bsky.social	0	LIKELY	"information science professor (tech ethics + internet stuff)
kind of a content creator (elsewhere al"
Casey Newton	Platformer	Newsletter - Ghost	https://www.platformer.news	caseynewton.bsky.social	0	YES	Email salesman at Platformer.news and co-host at Hard Fork.
Catherine Herridge	Catherine Herridge Reports	Newsletter - Beehiiv	https://catherineherridgereports.com	catherineherridge.bsky.social	0	YES	Emmy  winning investigative journalist. Telling the stories I could not tell before, where facts hav
Charlie Meyerson	Chicago Public Square	Newsletter - Other	https://www.chicagopublicsquare.com	charliemeyerson.com	0	LIKELY	Chicago news guy, itinerant flutist
Charlotte Clymer	Charlotte's Web Thoughts	Newsletter - Substack	https://charlotteclymer.substack.com	charlotteclymer.bsky.social	0	YES	Writer. Lesbian. Texan. Veteran. Hoya. Jesus Fan. She. | cmclymer@gmail.com | I write about politics
Charlotte Smith	Culture of Law Firm	Newsletter - Substack	https://cultureoflawfirm.substack.com	charsmiffy.bsky.social	0	LIKELY	Climate comms and all things German/ ex BBC/CNN/DWTV Journo. Currently clean on OPSEC
Charlotte Wilder	Sports Gossip Show	Newsletter - Substack	https://www.sportsgossipshow.com	thewilderthings.bsky.social	0	YES	"1/2 of The Sports Gossip Show
sportsgossipshow.bsky.social
Writer at thewilderthings.substack.com"
Chas Hundley	News in the Grove / Banks Post	Website	https://www.newsinthegrove.com	chashundley.bsky.social	0	LIKELY	Journalist, publisher, fighting the decay of local print media with innovative hyperlocal journalism
Chase Hughes	The Behavior Panel	Video - YouTube	https://www.youtube.com/@thebehaviorpanel	chasedcsports.bsky.social	0	LIKELY	Wizards and NBA @monsportsnet.
Cheryl Rofer	Nuclear Diner	Website	https://nucleardiner.wordpress.com	cherylrofer.bsky.social	0	YES	"Retired nuclear scientist. Worked in Estonia, Kazakhstan, and Los Alamos.

Posting on nuclear issues"
Chloe Cockburn	Just Impact	Newsletter - Substack	https://justimpact.substack.com	chloecockburn.bsky.social	0	YES	Advising donors on where to give money to end mass incarceration. Lawyer, painter, movement nerd.  S
Chris Cillizza	So What	Newsletter - Substack	https://chriscillizza.substack.com	chriscillizza.bsky.social	0	YES	Former WaPo. Former CNN. Now: Independent political journalist writing at Substack (chriscillizza.su
Chris Clarke	Letters from the Desert	Newsletter - Substack	https://lettersfromthedesert.substack.com	chris-clarke.bsky.social	0	LIKELY	Reader in Political Economy, University of Warwick. Politics of money/finance, fintech (and the like
Chris Dixon	Chris Dixon	Social - Twitter / X	https://x.com/cdixon	00chrisdixon00.bsky.social	0	YES	Degenerate mute
Chris Geidner	Law Dork	Newsletter - Substack	https://www.lawdork.com	chrisgeidner.bsky.social	0	YES	Subscribe to www.lawdork.com for SCOTUS and other legal news. / lawdorknews@gmail.com / Signal: crg.
Chris Hutton	TTRPG Insider	Newsletter - Beehiiv	https://www.ttrpginsider.news	newsnerd.bsky.social	0	YES	I'm a 33-year-old journalist obsessed with religion, technology, and other topics. I run a newslette
Chris La Tray	The Irritable Métis	Newsletter - Substack	https://chrislatray.substack.com	chrislatray.bsky.social	0	YES	"Chris La Tray (Little Shell Chippewa) writes the newsletter ""An Irritable Métis"" and lives near Fren"
Chris Mooney	Report Earth	Newsletter - Substack	https://reportearth.substack.com	chriscmooney.bsky.social	0	YES	Climate journalist, teacher, professor of practice @uvaenvironment.bsky.social. Former WaPo climate 
Chris Richards	The Future is Ours to Make	Newsletter - Substack	https://thefutureisourstomake.substack.com	chrisrichards.bsky.social	0	YES	Reccos/rants/prayers/curses at thefutureisourstomake.substack.com
Chris Wadsworth	The Burn	Website	https://theburn.com	chris-wadsworth.bsky.social	0	LIKELY	Anything. Everything. Some mine. Some not. 
Christopher Curtis	The Rover	Website	http://therover.ca	titocurtis.bsky.social	0	YES	"Journalist and co-founder of TheRover.ca
Trying to be a good neighbour and dad. And maybe take the t"
Clara	Hmm, That's Interesting	Newsletter - Substack	https://www.colormeloverly.com	clarajeffery.bsky.social	0	LIKELY	Editor-in-Chief of Mother Jones/Center for Investigative Reporting/Reveal. Past president of the Ame
Clara Soteras	clarasoteras.com	Website	https://clarasoteras.com/en/books	clarasoteras.com	0	YES	👩🏼‍💻SEO Consultant for News Publishers |💡Head of Innovation and Digital Strategy AMIC | 📚Associate P
Claudia Sahm	Stay-At-Home Macro	Newsletter - Substack	https://stayathomemacro.substack.com	claudia-sahm.bsky.social	0	YES	macro, fiscal, Fed. creator of the Sahm rule recession indicator. Stay-At-Home Macro (SAHM) Substack
Codie Sanchez	Codie Sanchez	Video - YouTube	https://codiesanchez.com	codiesanchez.bsky.social	0	YES	We should own our communities. Taking back Main Street | https://amzn.to/4hVE992
Connie Bowen	Agriculture Is for People	Newsletter - Substack	https://agricultureisforpeople.substack.com	conniebowen.bsky.social	0	LIKELY	Agrifoodtech nerd | Building a better future of work in agriculture at Farmhand Ventures
Corey Hutchins	Inside the News in Colorado	Newsletter - Substack	coloradomedia.substack.com	coreyhutchins.bsky.social	0	YES	Run: Colorado College Journalism Institute Write: ‘Inside the News in Colorado’ newsletter https://c
Cori Hanna	Cori In Chicago	Video - TikTok	https://www.tiktok.com/@coriinthecity	coriinthecity.bsky.social	0	YES	"Chicagoland foodie & creator🏙️
You’ve probably seen me on TikTok or IG!"
Cornelia Poku	Black Girls Explore DC	Video - TikTok	https://www.tiktok.com/@blackgirlsexploredc	bgexploredc.bsky.social	0	YES	DMV foodie journalist. You can read my work on @The51st, @resy,  @thisisinsider and more. Follow me 
Cory Doctorow	Pluralistic	Website	https://pluralistic.net	doctorow.pluralistic.net	0	YES	I post long threads. Writer (sf novels, etc); blogger (pluralistic.net); activist (eff.org). Latest 
Craig Calcaterra	Cup of Coffee	Newsletter - Substack	https://cupofcoffee.substack.com	craigcalcaterra.bsky.social	0	YES	I write Cup of Coffee, a daily baseball, politics, entertainment, and nonsense newsletter: https://w
Craig Campbell	Past Maps	Social - Threads	https://www.threads.com/@past.maps	nerdburgercraig.bsky.social	0	LIKELY	Architect. ENnie-nominated RPG designer. RPG R&D Podcast. Word nerd. Available for design and crowdf
Craig Mod	Craig Mod	Newsletter - Other	https://craigmod.com/newsletters	craigmod.com	0	YES	"Writer & photographer. Japan based for 20+ years. 

Author of Things Become Other Things (Random Hou"
Craig Silverman	Indicator	Newsletter - Beehiiv	https://indicator.media	craigsilverman.bsky.social	0	YES	Cofounder of https://indicator.media, your essential guide to understanding and investigating digita
Dan Blumberg	Future Around & Find Out	Podcast	https://www.futurearound.com	dblums.bsky.social	0	YES	Host of Future Around & Find Out. Honored 3x by The Webby Awards as a top tech podcast 👉 futurearoun
Dan Frommer	The New Consumer	Newsletter - Other	https://newconsumer.com	fromedome.bsky.social	0	YES	Writer, designer, explorer. Founder of @newconsumer.com: https://newconsumer.com/
Dan Froomkin	Press Watch	Website	https://presswatchers.org	froomkin.bsky.social	0	YES	Editor of Press Watch (https://presswatchers.org) and Heads Up News (http://headsupnews.org). Ex-Was
Dan Harris	10% Happier	Newsletter - Substack	https://www.danharris.com	danharriscan.bsky.social	0	YES	"X-Canadian Member of Parliament 4 Scarborough Southwest.
Francophone, Father, Gamer/Geek/Nerd/Lego/P"
Dan Shafer	The Recombobulation Area	Newsletter - Substack	https://www.therecombobulationarea.news	danshafer.bsky.social	0	YES	Founding editor, The Recombobulation Area. Contributing Editor, Civic Media. Exhausted Dad. Milwauke
Dana Drugmand	One Earth Now	Newsletter - Substack	https://www.oneearthnow.org	danad1012.bsky.social	0	LIKELY	Climate/enviro journalist covering climate accountability & litigation. New England native & citizen
Daniel B. Rodriguez	Daniel B. Rodriguez	Newsletter - Substack	https://danielbrodriguez.substack.com	dbrodriguez.bsky.social	0	LIKELY	Harold Washington Prof., Northwestern. Former dean (NU & USD). New book: Good Governing: The Police 
Daniel Carr	Police Law News	Newsletter - Substack	https://policelawnews.substack.com	danielcarr.bsky.social	0	LIKELY	
Daniel Drezner	Drezner's World	Newsletter - Substack	https://danieldrezner.substack.com	dandrezner.bsky.social	0	LIKELY	Political science professor, academic dean, writer, podcaster, shaker of hands with Mel Brooks — you
Daniel Hernandez	LA Taco	Newsletter - Beehiiv	https://lataco.com/products	natedhernandez.bsky.social	0	LIKELY	"(he/him) VisDev / Freelance Illustrator/ BG Art  (Pet comissions OPEN, 85 USD)
https://ndhart.carrd."
Daniel Larison	Eunomia	Newsletter - Substack	https://daniellarison.substack.com	daniellarison.bsky.social	0	YES	"Writer at Eunomia, Responsible Statecraft, and Antiwar
daniellarison.substack.com
"
Daniel Miller	Straight White American Jesus	Podcast	https://www.straightwhiteamericanjesus.com	danielnmiller.bsky.social	0	LIKELY	Politico reporter in L.A. covering the intersection of entertainment, media, sports, tech and politi
Daniel Rothberg	Invisible Waters	Newsletter - Substack	https://invisiblewaters.substack.com	danielrothberg.bsky.social	0	YES	Writing about (ground)water in the West on Substack and elsewhere • Master's student @ UC Davis • in
Danielle Wallace	The Virtuous Creative	Website	https://thevirtuouscreative.com	that-frog-gorl.bsky.social	0	LIKELY	PhD candidate at Melbourne uni studying frogs and disease 🐸 
Dave Bondy	Dave Bondy	Social - Facebook	https://www.facebook.com/DaveBondy25	davebondy.bsky.social	0	LIKELY	Chicago. Miami University alum. Mostly oblivious.
Dave Cantor	Red Onion Resources	Newsletter - Substack	https://redonionva.substack.com	davecantor.bsky.social	0	YES	"Reporter + Editor | Digital + Audio
redonionva.substack.com"
Dave Jorgensen	Local News International	Video - TikTok	https://lni.media	djorgensen.bsky.social	0	LIKELY	Dad of 3, Geospatial Analyst, looking for a cure for Duchenne Muscular Dystrophy.
Dave Kloc	Dave Kloc	Video - Instagram	https://www.instagram.com/davekloc	davekloc.bsky.social	0	LIKELY	I like to kiss my dog on the top of her head and forget that anything else exists.
David Begnaud	Do Good	Newsletter - Beehiiv	https://www.thedogoodcrew.com	davidbegnaud.bsky.social	0	LIKELY	"👍 GOOD NEWS? 🛑 
Storyteller With a Passion for Finding Everyday Heroes.
CBS News Contributor. 
‘Beg-"
David Cay Johnston	DCReport	Website	https://www.dcreport.org	davidcayjohnston.bsky.social	0	YES	Rochester Institute of Technology professor of practice: law, criminal justice, journalism & politic
David Coe	DaDavidCoe	Video - TikTok	https://www.tiktok.com/@dadavidcoe	davidonfleek.bsky.social	0	LIKELY	Basic NY gay, politics, wonky policy, transit, theater, Bravo, pop culture
David Crook	DCReport	Website	https://www.dcreport.org	davidcrooknyc.bsky.social	0	YES	Husband. Father. Journalist. Dog Walker. Creative. Experienced. Witty. Editor, Kiplinger Retirement 
David Lat	Original Jurisdiction	Newsletter - Substack	https://davidlat.substack.com	davidlat.bsky.social	0	YES	Lawyer turned writer, speaker, and podcaster: Original Jurisdiction, http://davidlat.substack.com. A
David Pakman	The David Pakman Show	Video - YouTube	https://www.youtube.com/@thedavidpakmanshow/videos	davidpakman.bsky.social	0	LIKELY	Host of @thedavidpakmanshow.bsky.social
David Pepper	David Pepper	Newsletter - Substack	https://davidpepper.substack.com	davidpepperoh.bsky.social	0	YES	Jack and Charlie’s dad, Alana’s husband. Cincy native. Running for Lieutenant Governor alongside @am
David R	Eat DC	Social - Twitter / X	https://x.com/eat_dc	drdrbrockman.bsky.social	0	LIKELY	
David Roberts	Volts	Newsletter - Substack	https://www.volts.wtf	volts.wtf	0	YES	I run a newsletter/podcast called Volts about clean energy & politics. Subscribe & join the communit
David Robson	60-Second Psychology	Newsletter - Substack	https://davidrobson.substack.com	davidarobson.bsky.social	0	LIKELY	Award-winning science writer and author of The Intelligence Trap, The Expectation Effect, and The La
David Sirota	The Lever	Newsletter - Ghost	https://www.levernews.com	davidsirota.com	0	YES	Founder/editor-in-chief, @LeverNews.com; Oscar-nominated for Don't Look Up. Spouse of @emilyforco.bs
David Wildstein	New Jersey Globe	Website	newjerseyglobe.com	wildstein.bsky.social	0	YES	Editor, New Jersey Globe
Deja Foxx	Gen Z Girl Gang	Video - Instagram	https://www.instagram.com/genzgirlgang	dejafoxx.bsky.social	0	LIKELY	Digital Strategist | Repro Rights Advocate | Fmr Congressional Candidate AZ07
Dennis Lee	Food Is Stupid	Newsletter - Substack	https://foodisstupid.substack.com	dennisdlee.bsky.social	0	LIKELY	Find the light inside of you & SHINE BRIGHT.
Derek Guy	Dieworkwear	Video - Instagram	https://www.instagram.com/die_workwear	dieworkwear.bsky.social	0	YES	Menswear writer. Editor at Put This On. Words at The New York Times, The Washington Post, The Financ
Derek Thompson	Derek Thompson	Newsletter - Substack	https://www.derekthompson.org	dkthomp.bsky.social	0	LIKELY	Staff writer at The Atlantic. Host of Plain English podcast. Books.
Devin Stone	LegalEagle	Video - YouTube	https://www.youtube.com/@LegalEagle	kasiski.bsky.social	0	LIKELY	
Diana	Hype Foodies	Video - Instagram	https://www.instagram.com/hypefoodies	degette.house.gov	0	LIKELY	Proudly representing Denver in the U.S. House. Fighting for our environment, public lands & reproduc
Diana Butler Bass	The Cottage	Newsletter - Substack	https://dianabutlerbass.substack.com	dianabutlerbass.bsky.social	0	YES	"Author - ""A Beautiful Year"" and 11 other books on faith, culture, politics & history. Duke PhD. Myri"
Dino-Ray Ramos	DIASPORA	Website	https://thediasporatimes.com	dinoray.bsky.social	0	YES	Journalism is dead. I am a journalist. QPOC. DIASPORA founder (thediasporatimes.com) Always working 
Don Lemon	Don Lemon	Video - Instagram	https://www.instagram.com/donlemonofficial	donlemonofficial.bsky.social	0	LIKELY	Truth Teller
Doug Lewin	Texas Energy and Power Newsletter	Newsletter - Substack	https://www.texasenergyandpower.com	douglewin.bsky.social	0	LIKELY	"⚡ Energy Expert 
🎙 Host: Energy Capital Podcast
📜 Author: Texas Energy & Power Newsletter
🌎 Founder "
Doug Shapiro	The Mediator	Newsletter - Substack	https://dougshapiro.substack.com	dougshapiro.bsky.social	0	YES	Leading values: Kindness & Integrity
Dr. Becky Smethurst	Dr. Becky	Video - YouTube	https://www.youtube.com/@DrBecky	drbecky.bsky.social	0	YES	Astrophysicist studying how supermassive black holes affect galaxies (s/h). I get overly enthusiasti
Dr. Jen Gunter	The Vagenda	Newsletter - Substack	https://vajenda.substack.com	drjengunter.bsky.social	0	YES	Doctor, writer, Canadian Spice, lasso of truth, I speak for no one but me. 2X NYT bestsellers. More 
Dylan Burns	DylanBurnsTV	Video - YouTube	https://www.youtube.com/channel/UCQghs3tMyfXBFIIpA7DI3eQ	forgetthemaine.bsky.social	0	LIKELY	50% Cinema Librarian 50% Music Librarian in Seattle. 
Dylan Page	News Daddy	Video - TikTok	https://www.tiktok.com/@dylanpage	dylan-page.bsky.social	0	YES	"NEWS DADDY
#1 News Account On BlueSky
Collabs@newsdaddy.co.uk"
Ed Zitron	Where's Your Ed At	Newsletter - Ghost	https://www.wheresyoured.at	edzitron.com	0	YES	"British, But In Las Vegas and NYC
ezitron.76 Sig
Newsletter - wheresyoured.at
https://linktr.ee/bett"
Edward Ongweso Jr.	This Machine Kills	Podcast	https://www.patreon.com/thismachinekills	edwardongwesojr.com	0	LIKELY	"writer, editor, degenerate, Luddite, decel

thetechbubble.substack.com"
Eliot Peper	The Profile	Website	https://www.theprofile.io	eliotpeper.bsky.social	0	LIKELY	Novelist: Foundry, Reap3r, Veil, Breach, Borderless, Bandwidth, Neon Fever Dream, Cumulus, Exit Stra
Elizabeth Booker Houston	Booker Squared	Video - Instagram	https://www.instagram.com/bookersquared	bookersquared.bsky.social	0	LIKELY	"JD | MPH
Political Snarkologist"
Elle Cordova	Elle Cordova	Video - Instagram	https://www.instagram.com/ellecordova	ellecordova.bsky.social	0	LIKELY	"A nerd at large. Writer. Musician. 
Sometimes funny. 🏳️‍🌈

Join my sci-fi book club: 
http://patreon"
Ellen Weatherford	Ellen Weatherford	Video - TikTok	https://www.tiktok.com/@ellen.weatherford	elksneedle.bsky.social	0	LIKELY	"I like shorts! They're comfy and easy to wear!
@justthezooofus.bsky.social"
Emanuele Capone	Emanuele Capone	Video - TikTok	https://www.tiktok.com/@capoema	capoema.bsky.social	0	LIKELY	Giornalista, sto su Internet da prima che l'Italia si accorgesse di Internet. Profilo NON più aggior
Emilia Marie	Emilia Marie Home	Video - TikTok	https://www.tiktok.com/@emiliamariehome	marie-duplessis.bsky.social	0	LIKELY	"Japanese/English ok👌🏻 
ショパン、椿姫、マノン・レスコー推し。
クラシック音楽と美術、歴史、語学等々。
よろしくお願いいたします。"
Emilie Raguso	The Berkeley Scanner	Newsletter - Ghost	https://www.berkeleyscanner.com	emilieraguso.com	0	YES	Public safety reporter. Founder: @berkeleyscanner.com
Emily Moore	Emily Goes Places	Video - Instagram	https://www.instagram.com/emilygoesplaces	emilymoore.bsky.social	0	LIKELY	Climate and energy policy in the Pacific Northwest @Sightline.org. Views my own. 
Emily Nunn	The Department of Salad	Newsletter - Substack	https://emilyrnunn.substack.com	emilycnunn.bsky.social	0	LIKELY	
Emily Sanders	Exxon Knews	Newsletter - Substack	https://www.exxonknews.org	emdashsanders.bsky.social	0	YES	Covering fossil fuel disinfo & climate accountability for ExxonKnews, a reporting project of the Cen
Emma Johnson	Wealthy Single Mommy	Video - Instagram	https://www.instagram.com/thejohnsonemma	blackcattales.bsky.social	0	LIKELY	Doctoral student. Writer of weird poetry and queer horror. Works in Strange Horizons, Coffin Bell, B
Enrique Anarte	Enrique Anarte	Video - TikTok	https://www.tiktok.com/@enriqueanartelazo	enriqueanartelazo.bsky.social	0	LIKELY	Covering queer stories for the Thomson Reuters Foundation and its LGBTQ+ news brand Openly. Spaniard
Eric Blanc	Labor Politics	Newsletter - Substack	https://www.laborpolitics.com	ericblanc.bsky.social	0	YES	"
author We are the Union: How Worker-to-Worker Organizing is Revitalizing Labor and Winning Big

www"
Eric Newcomer	Newcomer	Newsletter - Substack	https://www.newcomer.co	ericnewcomer.bsky.social	0	YES	"Founder + author of Newcomer – a startups and VC newsletter & events company. 

Host summits, includ"
Eric Zorn	The Picayune Sentinel	Newsletter - Substack	https://ericzorn.substack.com	ericzorn.bsky.social	0	YES	Editor of the Picayune Sentinel, former Chicago Tribune columnist, aspiring boulevardier, old time f
Erin Durant	Durant’s Rants	Newsletter - Substack	https://durantsrants.substack.com	erindurant42.bsky.social	0	LIKELY	Founder of Durant Barristers. I like sports, birds and photography. Currently lawyering rarely and h
Erin Reed	Erin in the Morning	Newsletter	https://www.erininthemorning.com	erininthemorning.com	266515	YES	Confirmed from brief
Erin Welsh	This Podcast Will Kill You	Podcast	https://thispodcastwillkillyou.com	erinwelsh.bsky.social	0	LIKELY	Science communicator, scientist, public health enthusiast, book nerd. Host and producer of @tpwky.bs
Ernie Svenson	Ernie the Attorney	Social - LinkedIn	https://www.linkedin.com/in/ernieattorney	ernieattorney.bsky.social	0	LIKELY	"Former lawyer who respects truth, not narcissists

https://linktr.ee/ernieattorney"
Errol Schweizer	The Checkout	Newsletter - Substack	https://grocerynerd.substack.com	grocerynerd.bsky.social	0	YES	Grocery lifer. Bronx boy. Occasional Texan. #GroceryUpdate published weekly: https://open.substack.c
Ethan Long	Habitual Linecrosser	Video - TikTok	https://www.tiktok.com/@habitual_linecrosser	sendcats.bsky.social	0	LIKELY	"We don't have to fix everything at once.
We were never broken --
Life's just very long.
Brave faces,"
Ethan Mollick	One Useful Thing	Newsletter - Substack	https://www.oneusefulthing.org	emollick.bsky.social	0	YES	Professor at Wharton, studying AI and its implications for education, entrepreneurship, and work. Au
Eva Schulz	Eva Schulz	Video - Instagram	https://www.instagram.com/evaschulz	evaschulz.bsky.social	0	YES	"Ich berichte über Politik & interviewe inspirierende Menschen bei #Deutschland3000

instagram.com/ev"
Evan George	Bostopia	Video - TikTok	https://www.tiktok.com/@bostopianews	bostopianews.bsky.social	0	YES	Boston Local News: Podcast/Tiktok/Instagram. http://www.patreon.com/BostopiaNews. @Boston_DSA. @DotN
Evan Greer	Evan Greer	Video - Instagram	https://www.instagram.com/thatevangreer	evangreer.bsky.social	0	LIKELY	Queer activist, writer, and musician causing problems for the powerful. Director of Fight for the Fu
Evan Hadfield	Rare Earth	Video - YouTube	https://www.youtube.com/channel/UCtGG8ucQgEJPeUPhJZ4M4jA	evanhadfield.bsky.social	0	LIKELY	bad at internet
Evan Shapiro	Media War and Peace	Newsletter - Substack	https://eshap.substack.com	evanshapiro.bsky.social	0	LIKELY	long island survivor in nebraska. dem finance director, digital director, comms and ops guy. former 
Evan Woodard	Evan Woodard	Video - Instagram	https://www.instagram.com/salvagearc	salvagearc.bsky.social	0	LIKELY	"Actor, Explorer, Historian
Member of The Explorers Club
Removed Over 25k lbs of Trash From MD’s Wate"
Eve Batey	Best Evidence	Newsletter - Other	https://buttondown.com/bestevidencefyi	evelb.bsky.social	0	LIKELY	SF writer, shopkeeper, and pet sitter. I might not remember your name, but I’ll never forget your do
Felipe De La Hoz	Borderlines	Newsletter - Substack	https://borderlines.substack.com	felipedlh.bsky.social	0	LIKELY	Life’s a bitch, then you die | NY Daily News ed board, @newrepublic.com contributing editor, NYU lec
Foolish Baseball	Foolish Baseball	Video - YouTube	https://www.youtube.com/c/FoolishBaseball	foolishbb.bsky.social	0	LIKELY	
Francesca Fiorentini	The Bitchuation Room	Video - YouTube	https://www.youtube.com/@franifio	franifio.bsky.social	0	YES	Chinese-Italian Scallion • Correspondent, comedian • Host of The Bitchuation Room Podcast on YouTube
Frank Shyong	Lunch Box	Newsletter - Substack	https://frankbear.substack.com	frankshyong.bsky.social	0	YES	Journalist, most recently as a columnist for the LA Times. I write about food, culture, neighborhood
Fred Wilson	AVC	Website	https://avc.xyz	fwilson2.bsky.social	0	LIKELY	Retired, Unifor.  Author, A New Kind of Union, Lorimer, 2019
Garnet Henderson	Autonomy News	Newsletter - Ghost	https://www.autonomynews.co	garnethenderson.com	0	YES	Cofounder @autonomynews.co. Investigative reporter and researcher: abortion, reproductive justice, d
Garrett Bucks	The White Pages	Newsletter - Substack	https://thewhitepages.net	garrettbucks.bsky.social	0	YES	Writer/Organizer/Hopemonger. Read The White Pages (please) (https://thewhitepages.net). From Montana
Garrett Graff		Newsletter		vermontgmg.bsky.social	0	YES	Confirmed from brief
Gary Marcus	Marcus on AI	Newsletter - Substack	https://garymarcus.substack.com	garymarcus.bsky.social	0	YES	AI and cognitive science, Founder and CEO (Geometric Intelligence, acquired by Uber). 8 books includ
Gaspard G	Gaspard G	Video - YouTube	https://www.youtube.com/@GaspardG	gaspardg.bsky.social	0	LIKELY	Fighter Antifasciste sous morphine.
Gene Weingarten	The Gene Pool	Newsletter - Substack	https://geneweingarten.substack.com	geneweingarten.bsky.social	0	YES	Former Wapo humor columnist, current writer, cartoonist, and misanthrope.
Geoffrey A. Fowler	Geoffrey A. Fowler	Newsletter - Substack	https://geoffreyafowler.substack.com	geoffreyfowler.bsky.social	0	LIKELY	Tech Columnist at The Washington Post. Geoffrey.Fowler@washpost.com
Gillian Morris	Super Nuclear	Newsletter - Substack	https://supernuclear.substack.com	gillian.bsky.social	0	YES	Tech founder turned Substack writer, what a cliché. https://tiny.cc/supernuclear 
Gina Chua	(Re)structured News	Newsletter - Substack	https://restructurednews.substack.com	ginaskchua.bsky.social	0	LIKELY	Executive Director of the Tow-Knight Center at CUNY and Executive Editor at Large at global news sta
Glenn Greenwald	System Update	Social - Twitter / X	https://x.com/ggreenwald	ggreenwald.bsky.social	0	LIKELY	
Glenn Kessler	By Glenn Kessler	Newsletter - Substack	https://glennkessler.substack.com	glennkessler.bsky.social	0	YES	Author. Find me on Substack at https://glennkessler.substack.com/
Grace Andrews	Grace Andrews	Video - TikTok	https://www.tiktok.com/@grace.andrewsss	graceandrews.bsky.social	0	LIKELY	Climate Scientist. Nonprofit Founder. Mother of two.
Grady Hillhouse	Practical Engineering	Website	https://practical.engineering	gradyhillhouse.bsky.social	0	YES	"Civil Engineer, Author, Infrastructure Enthusiast
YouTube: Practical Engineering"
Grant Hermes	Make It Make Sense	Newsletter - Substack	https://mimsnewspod.substack.com	granthermes.bsky.social	0	YES	AP Award-winning anchor & politics reporter. Host of @mimsnewspod — breaking down what’s really happ
Grant Sanderson	3Blue1Brown	Video - YouTube	https://www.youtube.com/@3blue1brown	3blue1brown.com	0	LIKELY	Math videos
Greg Nix	Chortle	Newsletter - Substack	https://www.chortle.blog	chortle.blog	0	YES	"Head Hog @ Chortle Blog
www.chortle.blog"
Greg Palast	Greg Palast Investigations	Website	https://www.gregpalast.com	gregpalast.bsky.social	0	YES	Investigative journalist/author of the bestsellers Armed Madhouse and The Best Democracy Money Can B
Greg Prince	Faith and Fear in Flushing	Website	https://www.faithandfearinflushing.com	gregprince.bsky.social	0	LIKELY	Unofficial institutional memory of New York Mets baseball.
Gregory Foster	Cannabis Observer	Website	https://cannabis.observer	gregoryfoster.bsky.social	0	YES	"humbled by redwoods
Founder + Citizen Observer 
@cannabis.observer
"
H Kapp-Klote	The Chicago 312	Newsletter - Beehiiv	https://hs-newsletter-e91163.beehiiv.com	hkappklote.bsky.social	0	LIKELY	"I write about Chicago, labor, and organizing. 

Subscribe: https://chicago312.beehiiv.com/"
Hamilton Nolan	The Hammer	Newsletter	https://hamiltonnnolan.com	hamiltonnolan.bsky.social	44033	YES	Confirmed from brief
Hank Green	Vlog Brothers	Video - YouTube	https://hankgreen.com	hankgreen.bsky.social	0	YES	Long Time Internet Guy
Hanna Raskin	The Food Section	Website	https://thefoodsection.com	hannaraskin.bsky.social	0	YES	Founder of The Food Section, an award-winning daily newsletter for readers who want to better unders
Hannah Ritchie	Hannah Ritchie	Newsletter - Substack	https://hannahritchie.substack.com	hannahritchie.bsky.social	0	YES	"Deputy Editor, Our World in Data
Senior Researcher, University of Oxford

Climate, energy, environme"
Hasan Minhaj	Hasan Minhaj	Video - Instagram	https://www.instagram.com/hasanminhaj	hasanminhaj.com	0	YES	"OFF WITH HIS HEAD now streaming on NETFLIX 👇🏾
www.netflix.com/browse?jbv=81776083

HASAN MINHAJ DOES"
Heather Cox Richardson	Letters from an American	Newsletter - Substack	https://heathercoxrichardson.substack.com	hcrichardson.bsky.social	0	LIKELY	Historian. Author. Professor. Budding Curmudgeon. I study the contrast between image and reality in 
Helena Bottemiller Evich	Food Fix	Newsletter - Other	https://foodfix.co	hbottemiller.bsky.social	0	YES	I write a must-read newsletter on all things food policy - for consumers and insiders alike. Get on 
History In High Heels	History In High Heels	Video - Instagram	https://www.instagram.com/historyinhighheels	historyinhighheels.bsky.social	0	LIKELY	Historian, Dunkin Lover, Headband Enthusiast
Holly Korbey	The Bell Ringer	Newsletter - Substack	https://hollykorbey.substack.com	hollykorbey.bsky.social	0	YES	Education journalist @ The 74, The Hechinger Report, TES, more. Author of Building Better Citizens. 
Hope King	Macro Talk	Video - YouTube	https://www.youtube.com/@macrotalkwithhope	hopeking.bsky.social	0	YES	"Journalist at Axios
https://www.axios.com/authors/hking

Co-founder and host of THKS, the 1st Asian "
Hugo Travers	HugoDécrypte	Video - YouTube	https://www.youtube.com/@hugotravers1080	hugotravers.bsky.social	0	YES	Fondateur - HugoDécrypte
Hunter Haines	Hunter Haines	Video - TikTok	https://www.tiktok.com/@hunter_haines	leaderreset.bsky.social	0	LIKELY	Leadership coach for brilliant people
Hunter Harris	Hung Up	Newsletter - Substack	https://hunterharris.substack.com	hunterh.bsky.social	0	YES	writes a newsletter called hung up / formerly gossip girl, nymag
Ian Cutress	Ian Cutress	Video - YouTube	https://www.youtube.com/TechTechPotato	morethanmoore.substack.com.web.brid.gy	0	YES	The latest in semiconductors: silicon, AI, processors, market trends. Click to read More Than Moore,
Igor Studenkov	Chicago Media Journal	Newsletter - Substack	https://chimediajournal.substack.com	strannikreb45.bsky.social	0	YES	Journalist, photographer, activist. I run Chicago Media Journal.
Imara Jones	TransLash Media	Podcast	https://translash.org	imarajones.bsky.social	0	YES	Journalist and CEO of TransLash Media. Time100 Honoree. Holding up the light so we can face what’s a
Internal Tech Emails	Internal Tech Emails	Newsletter - Substack	https://www.techemails.com	techemails.bsky.social	0	YES	Internal tech industry emails that surface in public records. 🔍 https://techemails.com
Isabelle Roughol	Broad History	Podcast	https://www.linkedin.com/in/iroughol	isabelleroughol.com	0	YES	"https://trustfnd.com/isabelle.roughol
Founder & host, Broad History | Indie media executive | Storyt"
JD Shadel	ESC Key	Newsletter - Ghost	https://www.esckey.co	jdshadel.com	0	YES	"💌 Join the only lifestyle newsletter on the internet ;-) www.esckey.co

Chief Editorial Officer at n"
JJ McCullough	JJ McCullough	Video - YouTube	https://www.youtube.com/@JJMcCullough	jj-mccullough.bsky.social	0	YES	Award-winning Canadian YouTube man who has not won any awards.
Jack Clark	Import AI	Newsletter - Substack	https://importai.substack.com	jackclarkxvi.bsky.social	0	LIKELY	
Jack Schneider	Have You Heard	Podcast	https://haveyouheardpodcast.com	jackschneider.bsky.social	0	YES	professor at umass.edu | co-host of haveyouheardpodcast.com | director of umass.edu/education/organi
Jack Surfleet	Jack Surfleet	Video - TikTok	https://www.tiktok.com/@jacksurfleet	jacksurfleet.bsky.social	0	LIKELY	"Reporter for BBC News
Tweeting #TomorrowsPapersToday"
Jacob Donnelly	A Media Operator	Newsletter - Other	https://www.amediaoperator.com	jaycodon.bsky.social	0	YES	Founder of @amediaoperator.com - sign up for newsletter at amediaoperator.com
Jacob Simon	Jacobsimonsays	Newsletter - Substack	https://www.instagram.com/jacobsimonsays	jacobsimonsays.bsky.social	0	YES	"🪴Good stories for a breath of fresh air
📍Brooklyn, New York
📧 jacob@jacobsimonsays.com
👇All story so"
Jacque Manabat	Jacque Manabat	Video - TikTok	https://www.tiktok.com/@jacquemanabat	jacquemanabat.bsky.social	0	LIKELY	"Journalist-Content Creator.
Former ABS-CBN journalist.
Recently hiked Mt Apo.
📍Philippines"
Jae-Ha Kim	Jae-Ha Kim	Website	https://www.jaehakim.com	jaehakim.com	0	YES	"📰 Syndicated 기자 | Tribune Content Agency
🗣️ Culture | Rolling Stone, NPR, Salon, TeenVogue, TODAY
📺V"
Jaime Black	Chicagoverse	Podcast	https://podcasts.apple.com/us/podcast/dynasty-podcasts-chicagoverse/id1193859818	jaimeblack.bsky.social	0	LIKELY	Media producer of 25+ years, incl. two decades of podcasting | Studying cybersecurity | Also produce
Jake Broe	Jake Broe	Video - YouTube	https://www.youtube.com/jakebroe	realjakebroe.bsky.social	0	YES	"Fmr. Nuclear & Missile Operations Officer US Air Force 🇺🇸 🇺🇦 ~ 
YouTuber ~ 600,000+ Subscribers ~
Ke"
Jake Williams	Bright Sun Films	Video - YouTube	https://www.youtube.com/@BrightSunFilms	malwarejake.bsky.social	0	LIKELY	Breaker of software, responder of incidents, IANS Faculty, VP R&D Hunter Strategy.
James Fallows	James Fallows	Newsletter - Substack	https://fallows.substack.com	jfallows.bsky.social	0	YES	Reporter and writer: https://fallows.substack.com/ and https://www.ourtownsfoundation.org/ One-time 
James Harris	Throwing Fits	Podcast	https://www.throwingfits.com	jbwharr.is	0	LIKELY	Have garlic in my soul. Scrobbling is the hill I will die on. Frontend dev and CSS whisperer. Neurod
James Li	51-49 with James Li	Video - YouTube	https://www.youtube.com/@5149jamesli	blue2287.bsky.social	0	LIKELY	DMs open. Lots more to EXPOSE!
Jamie Dupree	Regular Order	Newsletter - Substack	https://jamiedupree.substack.com	jamiedupree.bsky.social	0	YES	The Trump DOJ called me a 'dope.' I write the 'Regular Order' newsletter and have covered Congress s
Jamie Ward	Cornfields & High Heels	Website	https://hoopsinhenry.com/blog	jamieward84.bsky.social	0	LIKELY	Head of Writing for The Real EFL. Featured for Four Four Two, World Soccer Magazine and the FA. Welf
Jamison Foser	Finding Gravity	Newsletter - Ghost	https://www.findinggravity.net	jamisonfoser.bsky.social	0	YES	"Political consultant, media critic, and longtime Cassandra. 
www.findinggravity.net"
Janko Roettgers	LowPass	Newsletter - Beehiiv	https://www.lowpass.cc	jank0.bsky.social	0	YES	Reporter, covering streaming, AR, VR etc. Writing a weekly newsletter at www.lowpass.cc. 
Jared Keller	Laser Wars	Newsletter - Substack	https://www.laserwars.net	laserwars.net	0	YES	Former journalist now working in strategic comms. Formerly @jaredbkeller on Twitter. Your school has
Jasmine Enberg	Scalable	Newsletter - Beehiiv	https://scalablepod.co	jasmineaenberg.bsky.social	0	LIKELY	"Social media analyst/reporter
Third Culture Kid 🇫🇮🇺🇸"
Jason Crawford	Roots of Progress	Newsletter - Substack	https://newsletter.rootsofprogress.org	jasoncrawford.org	0	YES	The Roots of Progress (rootsofprogress.org)
Jason Del Rey	The Aisle	Newsletter - Beehiiv	https://www.readtheaisle.com	jasondelrey.bsky.social	0	YES	Founder and author of The Aisle newsletter, covering the AI era of commerce. Cochair of Brainstorm T
Jason Slaughter	Not Just Bikes	Video - YouTube	https://www.youtube.com/c/notjustbikes	mortgagedude.bsky.social	0	LIKELY	Just an OG mortgage lender out here trying to have a little fun.
Jason Wilson	Everyday Drinking	Newsletter - Substack	https://www.everydaydrinking.com	jasonaw.bsky.social	0	LIKELY	"I'm a reporter covering the far right. jason.a.wilson@protonmail.com
Formerly @jason_a_w on twitter."
Jathan Sadowski	This Machine Kills	Podcast	https://www.patreon.com/thismachinekills	jathansadowski.com	0	YES	ARC Future Fellow – Monash University /// co-host – This Machine Kills /// critical insurance tech +
Jay Zawaski	I'm Fat Podcast	Podcast	https://open.spotify.com/show/2fUdUU8eVkKHanhSFDNFs5	jayzawaski.bsky.social	0	LIKELY	Podcast host at CHGO Blackhawks and the I’m Fat Podcast. WSCR Alum. Author. PSN: IrishRed_77
Jean Guerrero	Our Unsilencing	Newsletter - Substack	https://ourunsilencing.substack.com	jeanguerre.bsky.social	0	YES	"Contributing Opinion Writer a the New York Times. Author of ""Hatemonger"" and ""Crux.""

https://ouruns"
Jean Luo	Tiger Sisters	Podcast	https://tigersisterspodcast.com	jeanieluo.bsky.social	0	LIKELY	Social Psych PhD student @ USC studying social learning and interactions
Jean Massiet	Jean Massiet	Video - Twitch	https://www.twitch.tv/jeanmassiet	jeanmassiet.bsky.social	0	YES	"Streamer politique sur #Twitch depuis 2015. 
Co-Producteur, animateur et diffuseur de l'émission BAC"
Jeff Asher	Jeff-alytics	Newsletter - Substack	https://jasher.substack.com	jeffasher.bsky.social	0	YES	Co-Founder AH Datalytics. NOLA kid. Longhorn.  Former CIA officer. 2004 Intramural Softball Champion
Jeff Benjamin	The Crossover	Newsletter - Beehiiv	https://www.the-xover.com	jeffbenjamin.bsky.social	0	YES	Multi-award winning music journalist, K-pop columnist, host and curator. Words in Billboard, Rolling
Jeff Geerling	Jeff Geerling	Video - YouTube	https://www.youtube.com/c/JeffGeerling	jeffgeerling.com	0	LIKELY	"Father, author, developer, maker. Sometimes called ""an inflammatory enigma"". #stl #ansible #k8s #ras"
Jeff Jarvis	BuzzMachine	Website	https://buzzmachine.com	drjeffjarvis.bsky.social	0	LIKELY	Paramedic and Emergency & EMS Physician in Fort Worth, Texas.  Host of EMS Lighthouse Project podcas
Jeff Stein	SpyTalk	Newsletter - Substack	https://www.spytalk.co	jeffstein.bsky.social	0	LIKELY	Reporter at The Washington Post. Listen to my series on John Brown: https://podcasts.apple.com/us/po
Jefferson Fisher	Just Ask Jefferson	Video - TikTok	https://www.tiktok.com/@justaskjefferson	jeffersonfisher.bsky.social	0	LIKELY	"trial attorney / communication expert
I help people argue less so they can talk more⚡️
jeffersonfish"
Jeffrey Bellone	MetsFix	Newsletter - Substack	https://themetropolitan.substack.com	jeffreybellone.bsky.social	0	YES	"Mets Fix • Knicks Film School • Isles Fix
Get your fix: https://themetropolitan.substack.com/"
Jeffrey Lewis	Arms Control Wonk	Website	https://www.armscontrolwonk.com	armscontrolwonk.bsky.social	0	YES	Professor at the Middlebury Institute, member of the National Academies Committee on International S
Jeffrey Seglin	The Right Thing	Website	jeffreyseglin.blogspot.com	jseglin.bsky.social	0	YES	Senior Lecturer, Emeritus, Harvard Kennedy School. Columnist, editor, teacher. The Right Thing colum
Jen Roberts	(un)rooted	Newsletter - Substack	https://jenroberts.substack.com	jenrobertsuk.bsky.social	0	YES	"Impresario - Society of the Golden Slippers.
Writer - Tech/Arts.
PhD in progress - Rethinking the be"
Jenn Budd	Borderland Talk	Newsletter - Substack	https://jennbudd.substack.com	jennbudd.bsky.social	0	YES	Author of Against the Wall. HBO documentary Critical Incident. https://jennbudd.net/
Jenn Dowd	Data for Health	Newsletter - Substack	https://jenndowd.substack.com	drjenndowd.bsky.social	0	YES	Prof of Demography & Population Health @oxforddemsci.bsky.social | Mortality, Epidemiology, Infectio
Jenna Flanagan	jflannys	Video - TikTok	https://www.tiktok.com/@jflannys	jflannys.bsky.social	0	LIKELY	"Journalist - Podcaster - Creator
Laid Off and Looking Podcast
https://soundcloud.com/laidoffandlooki"
Jennifer Ashton	Jennifer Ashton	Video - Instagram	https://www.instagram.com/drjashton	jenashton.bsky.social	0	LIKELY	"Historian, Aucklander, sporadic exerciser, cricket fan

www.jennifer-ashton.com"
Jennifer Berkshire	Have You Heard	Podcast	https://haveyouheardpodcast.com	jenniferberkshire.bsky.social	0	YES	Podcasting about education policy and politics at haveyouheardpodcast.com | Latest book: The Educati
Jennifer Rubin	Contrarian	Newsletter - Substack	https://contrarian.substack.com	jen-rubin.bsky.social	0	LIKELY	Senior researcher in Seattle, WA | Exploring AI, education & tech | Mom to a spirited kiddo with a r
Jennifer Russell	The Woodbury Warbler	Website	https://woodburywarbler.com	zetjen.bsky.social	0	LIKELY	I’m not sure they’ve thought this through…
Jennifer Strong	SHIFT Podcast	Podcast	https://podcasts.apple.com/us/podcast/shift/id1704924524	pinkmanesque.bsky.social	0	LIKELY	Jeremy Strong warrior and Madridista
Jenny Lawson	The Bloggess	Website	https://thebloggess.com	thebloggess.bsky.social	0	YES	Author, blogger, proprietress of Nowhere Bookshop, loose cannon.  
Jeremy Faust	Inside Medicine	Newsletter - Substack	https://insidemedicine.substack.com	jeremyfaust.bsky.social	0	YES	"ER doctor at Brigham and Women's in Boston, Harvard Medical School.

Words in: NY Times, WaPo, Atlan"
Jeremy Klaszus	The Sprawl	Website	https://www.sprawlcalgary.com	klaszus.bsky.social	0	YES	Founder and editor of @sprawlcalgary.bsky.social. Publishing slow news for curious Calgarians. I als
Jeremy Lindenfeld	Jeremy Lindenfeld	Social - Twitter / X	https://x.com/jeremotographs	jeremotographs.bsky.social	0	LIKELY	"Climate & inequality journalist at Capital & Main.

Berkeley California Local News Fellow.

Lover of"
Jeremy Markovich	North Carolina Rabbit Hole	Newsletter - Other	ncrabbithole.com	ncrabbithole.com	0	YES	"
Journalist in NC
📬 Newsletter: ncrabbithole.com
🎩 Comms and adjunct professor at Wake Forest
🕶 read"
Jeremy Ney	American Inequality	Newsletter - Substack	https://americaninequality.substack.com	jeremybney.bsky.social	0	YES	"Author of American Inequality, Columbia prof, Former econ policy at Federal Reserve 

📝 americanineq"
Jeremy Scahill	Drop Site News	Newsletter - Substack	https://www.dropsitenews.com	jeremyscahill.com	0	YES	Journalist at @DropSiteNews.com. Author of Blackwater and Dirty Wars. Former twitter combatant. Prot
Jeremy Singer-Vine	Data Is Plural	Newsletter - Other	https://www.data-is-plural.com	jsvine.com	0	YES	jsvine.com / data-is-plural.com / data-liberation-project.org
Jerry Won	Jerry Won	Social - LinkedIn	https://www.linkedin.com/in/jerrywon	jerrywon.bsky.social	0	LIKELY	Always Be Creating. Asian Creator House. Dear Asian Americans. 
Jerusalem Demsas	The Argument	Newsletter - Substack	https://www.theargumentmag.com	jerusalem.bsky.social	0	YES	yes, like the city | Editor TheArgumentMag.com | she/her
Jess Hood	jessrhood	Video - Instagram	https://www.instagram.com/jessrhood	jessinthehood.bsky.social	0	LIKELY	2D animation artist • theatre artist • queer • disabled • momma • always tired • sometimes funny
Jesse Brown	CanadaLand	Podcast	https://www.canadaland.com	jessebrown.bsky.social	0	YES	Editor & Publisher, Canadaland
Jessica Defino	Flesh World	Newsletter - Substack	https://jessicadefino.substack.com	jessicadefino.skystack.xyz	0	YES	Reporting on the absurd world of beauty culture. / “The newsletter the beauty industry fears.” - the
Jessica Pishko	Posse Comitatus	Newsletter - Substack	https://sheriffs.substack.com	jesspish.bsky.social	0	YES	"she/her 
Book on sheriffs & democracy 
https://www.penguinrandomhouse.com/books/707263/the-highest-l"
Jessica Valenti	Abortion, Every Day	Newsletter (Substack)		jessicavalenti.bsky.social	0	YES	Confirmed from brief
Jim Acosta	Jim Acosta	Social - Twitter / X	https://x.com/Acosta	jimacosta.bsky.social	0	YES	Independent Journalist. Host of “The Jim Acosta Show” on Substack, YouTube and Apple Podcasts: Forme
Jim Hansen	Climate Uncensored	Newsletter - Substack	https://jimehansen.substack.com	realjimshady.bsky.social	0	LIKELY	Professor of Literature, pop-culture/cinema fanatic, despiser of fascists, and master of profane eru
Jim Waterson	London Centric	Newsletter - Substack	https://www.londoncentric.media	jim.londoncentric.media	0	YES	Journalist. Editor of @londoncentric.media, a modern news outlet covering London in the old-fashione
Joanna Stern	Thisismynextthing	Website	https://www.thisismynexthing.com	joannastern.bsky.social	0	LIKELY	"👩🏻‍💻 Senior personal tech columnist @WSJ
📺 Contributor @nbcnews + @CNBC 
🏆 Emmy winner, technology a"
Joe Doyle	Over Slot	Website	https://overslotbaseball.com	joedoylemilb.bsky.social	0	YES	"Host/Founder: Over-Slot
OverSlotBaseball.com
Previous: MLB Consulting 

Scout School Certified 
Raps"
Joe Posnanski	Joe Blogs	Newsletter - Substack	https://www.joeposnanski.com	joeposnanski.com	0	YES	Writer, author, podcaster, father, husband, juggler and believer in blue skies.
Joe Rogan	The Joe Rogan Experience	Video - YouTube	https://www.youtube.com/@joerogan	joerogantop.bsky.social	0	YES	Welcome to our channel dedicated to the best cuts from the top podcasts, including highlights from t
Joe Snell	Joe Snell Reports	Video - Instagram	https://www.instagram.com/joesnellreports	joesnellreports.bsky.social	0	LIKELY	🌍 World news for The Washington Post. Assyrian. joseph.snell@washpost.com
Joel Bervell	Medical Mythbuster	Video - TikTok	https://www.tiktok.com/@joelbervell	joelbervell.bsky.social	0	YES	"Medical MythBuster 🕵🏾‍♂️
Diversifying the field of medicine 
Seen on NYT, NPR, Today Show
🐶: Yale ‘1"
Joey Scott	JoeyNeverJoe	Video - Instagram	https://www.instagram.com/joeyneverjoe	joeyneverjoe.bsky.social	0	YES	LA-based investigative journalist covering policing, injustice, and inequality. I create job securit
John Cochrane	John H. Cochrane	Newsletter - Substack	https://johnhcochrane.substack.com	jmlcochrane.bsky.social	0	LIKELY	Impact Investing, Public Policy, Philanthropy | U.S. Impact Investing Alliance @usimpinvalliance.bsk
John Dickerson	John Dickerson	Newsletter - Substack	https://johnfdickerson.substack.com	jdickerson.bsky.social	0	LIKELY	Reporter. Podcasts: Gabfest/Whistlestop/Navel Gazing. Contributor, The Atlantic. Author, The Hardest
John Earl	SoCal Water Wars	Newsletter - Substack	https://socalwaterwars.substack.com	socalwaterwars.bsky.social	0	YES	I'm an investigative journalist. Reporting on SoCal water politics for 20 years by exposing bad wate
John Glover	The Interest Rate	Newsletter - Substack	https://theinterestrate.substack.com	anotherjohng.bsky.social	0	LIKELY	Machine learning / NLP for health @ Solventum.
John Gruber	Daring Fireball	Website	https://daringfireball.net	gruber.foo	0	YES	I write Daring Fireball and created Markdown.
John Heilprin	The Science Diplomat	Newsletter - Substack	https://thesciencediplomat.substack.com	johnheilprin.bsky.social	0	LIKELY	Journalism & communications. Founder, Arete News: https://www.aretenews.com/ & @aretenews.bsky.socia
John Iadarola	The Damage Report	Video - YouTube	https://www.youtube.com/@TheDamageReport	johniadarola.bsky.social	0	YES	Left politics guy, nerd, woodworker, board gamer. Dog aficionado. Host of daily progressive news sho
Jon Bois	Secret Base	Video - YouTube	https://www.youtube.com/@SecretBaseSBN	jonbois.bsky.social	0	YES	"jon

https://www.patreon.com/c/SecretBase
https://www.youtube.com/SecretBaseSBN"
Jonathan Katz	Katz on Earth	Video - TikTok	https://www.tiktok.com/@katzonearth	jonathanpkatz.bsky.social	0	LIKELY	Aka Dr. Katz: Professional Therapist
Jonathan Larsen	Jonathan Larsen's Substack	Newsletter - Substack	https://jonathanlarsen.substack.com	jonathanlarsen.bsky.social	0	YES	"Journalist. 
jonathanlarsen.substack.com and thefuckingnews.substack.com"
Jonathan Macri	Knicks Film School	Newsletter - Substack	https://knicksfilmschool.substack.com	jonathanmacri.bsky.social	0	YES	Dean of Knicks Film School. Girl Dad. Recovering lawyer. Words: knicksfilmschool.substack.com
Jonathan Nunn	Vittles	Newsletter - Substack	https://vittles.substack.com	jonathandnunn.bsky.social	0	LIKELY	
Jonn Elledge	The Newsletter of (Not Quite) Everything	Newsletter - Substack	https://jonn.substack.com	jonnelledge.bsky.social	0	YES	#1 Sunday Times bestselling author, because apparently that matters. New Statesman, New World, Oh Go
Joon Lee	I am Joon Lee	Video - YouTube	https://www.youtube.com/@iamjoonlee	joon.bsky.social	0	LIKELY	Independent Sports Journalist • Formerly: ESPN, B/R, WaPo • Born in Seoul 🇰🇷 Bred in Boston • workwi
Jordan Schneider	ChinaTalk	Newsletter - Substack	https://www.chinatalk.media	jordanschneider.bsky.social	0	YES	"Newsletter: http://chinatalk.media join 40k readers 
Podcast: http://link.chtbl.com/chinatalk
Fellow"
Jorge Ramos	Jorge Ramos	Social - Twitter / X	https://x.com/jorgeramosnews	jorgerh2o.bsky.social	0	YES	Ecology🍃 Natural History🌱 Field Stations @SACNAS @LatinoOutdoors🏕️ @savetheredwoods 🏳️‍🌈 Executive D
Josh Barro	Very Serious	Social - Twitter / X	https://x.com/jbarro	joshbarro.bsky.social	0	LIKELY	Just a music educator… not the American Journalist.
Josh Hendrickson	Economic Forces	Newsletter - Substack	https://www.economicforces.xyz	anoraker.com	0	LIKELY	YouTuber: https://youtube.com/@anoraker
Josh Stephens	Housing in Practice	Newsletter - Substack	https://housinginpractice.substack.com	jrs310310.bsky.social	0	LIKELY	
Josh Thomas	School of Traditional Skills	Website	https://schooloftraditionalskills.com	joshthomas.bsky.social	0	LIKELY	Sometimes writer at Dodgers Digest
Joshua Dairen	Joshua Dairen	Video - TikTok	https://www.tiktok.com/@joshuadairen	joshuadairen.bsky.social	0	YES	Paranormal/History content creator on TikTok/IG. Coffee Shop owner.
Joshua Doss	doss.discourse	Video - Instagram	https://www.instagram.com/doss.discourse	joshuadoss.bsky.social	0	LIKELY	Geek. Nerd. Bored.
Joy Reid	The Joy Reid Show	Video - YouTube	https://www.youtube.com/@TheJoyReidShow	thereidout.bsky.social	0	LIKELY	#TheReidOut with @joyannreid.bsky.social aired weeknights at 7 pm ET.
Joyce Vance	Joyce Vance	Newsletter - Substack	https://joycevance.substack.com	joycevance.bsky.social	0	YES	Please follow me on my @joycewhitevance account--I somehow ended up with two & will keep this one op
Judd Legum	Popular Information	Newsletter	https://popular.info	juddlegum.bsky.social	417362	YES	Confirmed from brief
Julia Barton	Continuous Wave	Newsletter - Beehiiv	https://continuous-wave.beehiiv.com	bartona104.bsky.social	0	YES	Editor, podcaster, script and research consultant at RadioWright.com. Nieman Fellow '24, founding ex
Julia Carpenter	A Woman to Know	Newsletter - Substack	https://juliaccarpenter.substack.com	juliaccarpenter.bsky.social	0	YES	"💌 I write a newsletter: A Woman to Know 
📒 I wrote a book: The New Rules of Money 
🖊 I write for pla"
Julie Rose	Provo Notes	Newsletter - Substack	https://provonotes.substack.com	izzyspinkitoe.bsky.social	0	LIKELY	37 Queer, non-binary,(she/her they/them he/him) Header by https://bsky.app/profile/penemuesquill.bsk
Julie Roys	The Roys Report	Website	https://julieroys.com	julieroys.bsky.social	0	YES	"Reporting the Truth. Restoring the Church. Christian investigative journalist, author, & podcaster.
"
Julie Vick	Humor Me	Newsletter - Substack	https://julievick.substack.com	julievickwriter.bsky.social	0	YES	Humor writer and author of a humorous advice book for introverted parents. Words in New Yorker, McSw
Justin Gerdes	Quitting Carbon	Newsletter - Ghost	https://www.quittingcarbonmedia.com	justingerdes.bsky.social	0	YES	I publish the @quittingcarbon.bsky.social newsletter. Subscribe: https://www.quittingcarbonmedia.com
Justine Reix	Justine Reix	Video - Instagram	https://www.instagram.com/justinereix	justinereix.bsky.social	0	LIKELY	Journaliste • équipe de @charlesvilla.bsky.social• écris @lemonde_M @canardenchaine • Enseigne @ESJL
K Kaufmann	E/lectrify	Newsletter - Beehiiv	https://electrifynews.beehiiv.com	kkaufmann.social.vivaldi.net.ap.brid.gy	0	LIKELY	🌉 bridged from https://social.vivaldi.net/@KKaufmann on the fediverse by https://fed.brid.gy/
Kahlil Greene	Gen Z Historian	Video - Instagram	https://www.instagram.com/kahlil.greene	historycanthide.skystack.xyz	0	LIKELY	"I share short ""hidden history"" lessons about Black, Native, Asian, and Latino American History. Subs"
Karen Attiah	The Golden Hour by Karen Attiah	Newsletter - Substack	https://karenattiah.substack.com	karenattiah.bsky.social	0	YES	"Fighter. Neo-Swoletariat.  
Ex-Washington Post.
Substack: https://substack.com/@karenattiah?r=2bz6j&"
Karl Bode	The Fine Print	Newsletter - Ghost	https://karlbode.com	karlbode.com	0	YES	"I write about tech, media, politics, and consumer rights.

Subscribe to my newsletter The Fine Print"
Kat Abughazaleh	Katmabu	Video - TikTok	https://www.tiktok.com/@katmabu	katmabu.bsky.social	0	LIKELY	Former journalist running for Congress (IL-09) because we deserve Democrats who actually do somethin
Kat Callahan	Payday Report	Website	https://paydayreport.com	katcallahanwrites.bsky.social	0	LIKELY	📚 I’m an avid romance reader and aspiring romance author! ✍🏻
Kat Tenbarge	Spitfire News	Social - BlueSky	https://spitfirenews.com	kattenbarge.bsky.social	0	YES	Independent journalist covering tech, culture, and politics @spitfirenews.com. Buy me a coffee: http
Kate Gill	@kategill_	Video - Instagram	https://www.instagram.com/kategill_	katygill.bsky.social	0	LIKELY	
Kate Lindsay	Embedded	Newsletter - Substack	https://embedded.substack.com	ktdigital.bsky.social	0	LIKELY	Online Education Leader in #UKHigerEd. Teaching & Learning in Digital Spaces | Geek Chic | FRSA | SC
Kate Manne	More to Hate	Newsletter - Substack	https://katemanne.substack.com	katemanne.bsky.social	0	YES	Writer and philosophy professor at Cornell. Author of DOWN GIRL, ENTITLED, and UNSHRINKING. Writing 
Kate Morrissey	Beyond the Border News	Newsletter - Substack	https://beyondthebordernews.substack.com	bgirledukate.bsky.social	0	YES	Journalist covering the immigration beat at the San Diego-Tijuana border writing Beyond the Border n
Kate Woodsome	Invisible Threads	Newsletter - Substack	https://katewoodsome.substack.com	kwoodsome.bsky.social	0	YES	Founder, Invisible Threads Impact Lab: Saving democracy & our sanity. We blend neuroscience & system
Katelyn Jetelina	Your Local Epidemiologist	Newsletter - Substack	https://yourlocalepidemiologist.substack.com	kkjetelina.bsky.social	0	YES	Epidemiologist, lover of the ocean and ice cream. Mom of two toddlers. Founder of “Your Local Epidem
Katharine Hayhoe	Talking Climate	Newsletter - Substack	https://katharinehayhoe.substack.com	katharinehayhoe.com	0	YES	"climate scientist 
posts 100% my own
🇨🇦 is my home

distinguished professor & chair, Texas Tech
chie"
Katharine Wilkinson	Human on Earth	Newsletter - Substack	https://drkwilkinson.substack.com	kkwilkinson.bsky.social	0	LIKELY	🤸🏻‍♀️ Climate author, teacher, creator 📚 Climate Wayfinding (new!), All We Can Save, Drawdown, etc ✨
Katie Couric	Katie Couric	Video - TikTok	https://www.tiktok.com/@katiecouric	katiecouric.bsky.social	0	YES	Journalist, co-founder of Stand Up To Cancer, host of Next Question podcast, and co-founder of the e
Katie Harbath	Anchor Change	Newsletter - Substack	https://anchorchange.substack.com	katieharbath.bsky.social	0	YES	Work at intersection of tech and democracy. Fmr Facebook. Newsletter writer: anchorchange.substack.c
Kaya Yurieff	Scalable	Newsletter - Beehiiv	https://scalablepod.co	kyurieff.bsky.social	0	LIKELY	Reporter at The Information covering the creator economy. Kaya@theinformation.com
Keah Brown	Keah Brown	Video - Instagram	https://www.instagram.com/keah_maria	keahbrown.bsky.social	0	LIKELY	Author, Journalist, cheesecake lover. More/Moore fan: Mandy, Drew, Para. The Secret Summer Promise o
Keith Edwards	Keith's Debate Club	Video - YouTube	https://www.youtube.com/@keithedwards	keithedwards.bsky.social	0	YES	"Democracy enjoyer. YouTuber. Always cold.
✉️: keithsdebateclub@gmail.com

Subscribe: keithedwards.su"
Kelly Kimball	Kelly Kimball	Podcast	https://thisweekonice.substack.com/podcast	kellyruthk.bsky.social	0	LIKELY	"Editor & reporter. I write The Detour, which is a U.S. & global affairs newsletter on Substack 👇
 
h"
Ken Klippenstein	Ken Klippenstein	Newsletter - Substack	https://www.kenklippenstein.com	kenklippenstein.bsky.social	0	YES	"Independent journalist. 
Send tips via Signal: 202-510-1268.
Join my newsletter 👇👇👇
kenklippenstein."
Kerstin Hasse	Hasse Mit Liebe	Newsletter - Beehiiv	https://www.hassemitliebe.com	kerstinhasse.bsky.social	0	LIKELY	"Digital Stuff & CR-Mitglied @ Tages-Anzeiger
Zurich"
Kim Iversen	Kim Iversen	Video - YouTube	https://www.youtube.com/channel/UCoJTOwZxbvq8Al8Qat2zgTA	kimiversen.bsky.social	0	YES	Politically Independent = I think for myself. Watch The Rumble Exclusive Kim Iversen Show M-F ✉️kim@
Kim Kelly		Newsletter + Book		kimkelly.bsky.social	111918	YES	Confirmed from brief
Kim Zetter	Zero Day	Newsletter - Ghost	https://www.zetter-zeroday.com	kimzetter.bsky.social	0	YES	Journalist - cyber/natn'l security. Speaker. Georgetown adjunct prof. Author - COUNTDOWN TO ZERO DAY
Kristen Panthagani	You Can Know Things	Newsletter - Substack	https://youcanknowthings.com	kmpanthagani.bsky.social	0	YES	Creator of youcanknowthings.com | Emergency Medicine resident | R dataviz nerd | SciComm writer | po
Kristy Drutman	browngirl_green	Video - Instagram	https://www.instagram.com/browngirl_green	browngirlgreen.bsky.social	0	LIKELY	
Krystal Ball	Breaking Points	Video - YouTube	https://www.youtube.com/c/breakingpoints	krystalball.bsky.social	0	YES	Host of Breaking Points and Krystal Kyle & Friends
Kyla Scanlon	In This Economy?	Video - TikTok	https://www.instagram.com/kylascan	kyla.bsky.social	0	YES	"wrote a book called ""in this economy?"" | chair of the federal reserve | writing and youtube @ http:/"
Kyle Chan	High Capacity	Newsletter - Substack	https://www.highcapacity.org	kyleichan.bsky.social	0	LIKELY	Princeton postdoctoral researcher. Focused on industrial policy, clean tech, infrastructure, develop
Kyle Hill	Kyle Hill	Video - YouTube	https://www.youtube.com/@KyleHill	khill.bsky.social	0	YES	"Award-winning science educator. Nuclear comms expert. BASILISK Head of education and outreach. 
CFF "
Kyle Tharp	Chaotic Era	Newsletter - Beehiiv	https://www.chaoticera.news	kylewilsontharp.bsky.social	0	YES	Writer & researcher | Author of Chaotic Era, a newsletter about politics, media, and online influenc
Laura Belin	BleedingHeartland	Website	https://www.bleedingheartland.com	laurarbelin.bsky.social	0	YES	Reporter covering Iowa politics (and sometimes wildflowers) for the progressive website Bleeding Hea
Lauren	Mamas and Messes	Video - Instagram	https://www.instagram.com/mamasandmesses	laurenshof.online	0	LIKELY	"I care about an ethical internet.

I write about Bluesky and the ATmosphere at connectedplaces.onlin"
Laurie Collins	DC City Girl	Video - Instagram	https://www.instagram.com/dccitygirl	lauriecollins1111.bsky.social	0	LIKELY	Crone 🧙🏼‍♀️ Gardener 👩🏼‍🌾 Artist/Metalsmith Mama to people, dogs and chickens 🐓 Herbalist 🌿 Reiki Ma
Lawrence Pintak	Mystic Worldview with Lawrence Pintak	Newsletter - Substack	https://lawrencepintak.substack.com	lpintak.bsky.social	0	LIKELY	Award-winning journalist and academic leader. Author: Lessons from the Mountaintop now available! Am
Leah Sottile	The Western Edge	Newsletter - Substack	https://www.thewesternedge.media	leahsottile.bsky.social	0	YES	"Independent journalist | Co-founder @thewesternedge.bsky.social 

Books: Blazing Eye Sees All, When "
Lee Fang	Lee Fang	Newsletter - Substack	https://www.leefang.com	leefang.bsky.social	0	YES	Independent investigative journalist. www.leefang.com
Leeja Miller	Leeja Miller	Video - YouTube	https://www.youtube.com/@LeejaMiller	leejamiller.bsky.social	0	YES	Lawyer, Podcaster. Check out Why, America? with Leeja Miller, every Monday and Wednesday, wherever y
Lena Situations	Lena Situations	Video - YouTube	https://www.youtube.com/@LenaSituations	lenasituations.bsky.social	0	LIKELY	
Lenny Rachitsky	Lenny's Podcast	Video - YouTube	https://www.youtube.com/@LennysPodcast	lennysan.bsky.social	0	LIKELY	Writing, advising, Investing | LennysNewsletter.com
Leonardo Puglisi	Leonardo Puglisi	Video - YouTube	https://www.youtube.com/@6NewsAU	leopuglisi6.bsky.social	0	LIKELY	"FOLLOW @6newsau.bsky.social

http://www.seedisclaimer.com

not really active on here"
Lex Roman	Journalists Pay Themselves	Newsletter - Beehiiv	https://www.paidnewsletterplaybook.com	lexroman.com	0	LIKELY	Writer and publisher of revenuerulebreaker.com producing stories and events on how solopreneurs make
Lia Haberman	ICYMI	Newsletter - Substack	https://liahaberman.substack.com	liahaberman.bsky.social	0	YES	ICYMI newsletter 💌
Lina Lecaro	Lina Lecaro	Newsletter - Substack	https://linalecaro.substack.com	linalecaro.bsky.social	0	YES	"Author/Journalist 👄👄👄 Senior Editor @lamag 
#LinaInLA #music #fashion #beauty #film #tv #cultura #LA"
Lindsay Gibbs	Power Plays	Newsletter - Substack	https://www.powerplays.news	lindsaygibbs.bsky.social	0	YES	Author/Founder of Power Plays, a no-BS newsletter about women’s sports. Subscribe here: powerplays.n
Lisa Bennett	Savor the World	Newsletter - Substack	https://lisabennett.substack.com	lisabennettwrites.bsky.social	0	YES	Offering mission-driven people capacity-building workshops to help them navigate today's towering ch
Lisa Remillard	The News Girl	Video - TikTok	https://www.tiktok.com/@lisaremillard	lisaremillard.bsky.social	0	LIKELY	"News. Made. Simple.
TV Journalist for 20+ years
Co-Founder BEONDTV
FactsHQ daily email sign up www.l"
Lorraine Adams	Lorraine Adams	Newsletter - Substack	https://lorraineadams1.substack.com	lorraineadams.bsky.social	0	LIKELY	#Pulitzer for investigative reporting on police brutality. Novelist @AAKnopf. Wife of @ClockersPrice
Louie Woodall	Climate Proof	Newsletter - Beehiiv	https://www.climateproof.news	louiewoodall.bsky.social	0	YES	Editor of Climate Proof, a publication on climate adaptation tech, finance, and policy, and host of 
Louis Rossmann	Louis Rossmann	Video - YouTube	https://www.youtube.com/@rossmanngroup	louisrossmann.bsky.social	0	YES	This unofficial account celebrates Louis's work on right to repair, tech tutorials, and industry ins
Lucas Amin	Democracy for Sale	Newsletter - Substack	https://democracyforsale.substack.com	lucasamin.bsky.social	0	YES	Award-winning investigative reporter working with @petergeoghegan.bsky.social @ Democracy for Sale. 
Lucy Ritzmann	FWIW	Newsletter - Substack	https://www.fwiw.news	lucyritz.bsky.social	0	LIKELY	editorial & content COURIER | always MB4W & Warren for President | libra apologist | she/her | all o
M. Nolan Gray	Arbitrary Lines	Newsletter - Substack	https://mnolangray.substack.com	mnolangray.bsky.social	0	YES	the once and future city planner // YIMBY // AICP // kentuckian in california // #BBN //  author of 
M.G. Siegler	500ish	Website	https://spyglass.org	mgsiegler.com	0	YES	"• Writer of spyglass.org
• Investor in some companies you've heard of (and many you haven't)
• Trave"
Mabel Kabani	NEWSGIRLS	Video - Instagram	https://www.instagram.com/newsgirls.reports	mabelkabani.bsky.social	0	YES	"Journalist @newsgirlspodcast 
Out every Thursday!⚡️💙"
Maddie Smith	On The Move with Mad	Video - Instagram	https://www.instagram.com/onthemovewithmad	drmaddiesmith.bsky.social	0	LIKELY	"🔥Healing is revolutionary.
⚡️Breaking cycles of pain-passing: personal, generational, systemic & glo"
Maddy Myers	Mothership	Newsletter - Ghost	https://www.mothership.blog	midimyers.com	0	YES	Editor-In-Chief of @mothership.blog, podcast co-host of Triple Click and The Mutant Ages. formerly: 
Madeline Hill	Sports Gossip Show	Newsletter - Substack	https://www.sportsgossipshow.com	madelinehill.bsky.social	0	YES	"🏀Sports gossip enthusiast🏀

Co-host of @sportsgossipshow.bsky.social from @theathletic.com
Listen he"
Malia Yoshioka	Shoyu Sugar	Website	https://www.shoyusugar.com/hawaii	maliayoshioka.bsky.social	0	YES	🍽😊❤🌍 Freelance food & travel writer, @lonelyplanet co-author (Maui). Slowly eating my way around the
Marc Elias	Democracy Docket	Video - YouTube	https://www.youtube.com/democracydocket	marcelias.bsky.social	0	LIKELY	Founder @democracydocket.com. Chair of Elias Law Group. My dog's name is Blue.
Marc Rubinstein	Net Interest	Newsletter - Substack	https://www.netinterest.co	marcruby.bsky.social	0	YES	Former hedge fund manager; writes top 10 finance Substack https://www.netinterest.co/ and contributo
Margaret Sullivan	American Crisis	Newsletter - Substack	https://margaretsullivan.substack.com	sulliview.bsky.social	0	YES	Columnist at GuardianUS. Author of NEWSROOM CONFIDENTIAL and GHOSTING THE NEWS. (Join me at ‘America
Marianna Limas	Science Writing	Newsletter - Substack	https://sciencewriting.substack.com	mnlimas.bsky.social	0	YES	Founder of the Science Writing News Roundup, a newsletter for science writers and journalists: https
Marianne Dhenin	Marianne Dhenin	Newsletter - Ghost	https://newsletter.mariannedhenin.com	mariannedhe.bsky.social	0	YES	"crip journalist, historian, editor, organizer
subscribe to my newsletter: newsletter.mariannedhenin."
Mariel Garza	Golden State	Website	golden-state.org	marielgarza.bsky.social	0	YES	Co-founder and exec editor of golden-state.org and contributor to @BostonGlobe Opinion. Former L.A. 
Marion Nestle	Food Politics	Website	https://www.foodpolitics.com	marionnestle.bsky.social	0	YES	Paulette Goddard Professor of Nutrition, Food Studies, & Public Health, New York University, Emerita
Marisa Kabas	The Handbasket	Newsletter - Beehiiv	https://www.thehandbasket.co	marisakabas.bsky.social	0	YES	"journalist / founder @ thehandbasket.co

email: marisa@thehandbasket.co
signal: https://signal.me/#e"
Mark Bowden	The Behavior Panel	Video - YouTube	https://www.youtube.com/@thebehaviorpanel	markfbowden.bsky.social	0	LIKELY	Composer. Opera for @WNO on the way. Professor @RCMLondon.bsky.social. Debut Disc 💫Sudden Light💫 @nm
Mark Hertling	Hertling's Analysis	Newsletter - Substack	https://markhertling.substack.com	markhertling.bsky.social	0	YES	Former soldier. Student of leadership & national security; Professor, author (“If I Don’t Return: A 
Mark Jacob	Stop the Presses	Newsletter - Substack	https://www.stopthepresses.news	markjacob.bsky.social	0	YES	Former metro editor at Chicago Tribune and Sunday editor at Chicago Sun-Times. Co-author of 11 books
Mark Simon	The Journalism Salute	Podcast	https://pod.link/journalismsalute	marksimon.bsky.social	0	YES	"Editorial at Sports Info Solutions    

Host: The Journalism Salute pod.link/journalismsalute

Forme"
Mark Zuckerman	Nats Journal	Newsletter - Substack	https://natsjournal.com	markzuckerman.bsky.social	0	YES	I didn't invent Facebook, but I do cover the Washington Nationals for https://www.natsjournal.com an
Marques Brownlee	MKBHD	Video - YouTube	https://www.youtube.com/user/marquesbrownlee	mkbhd.mbdio.uk	0	YES	"Unofficial mirror account of https://x.com/mkbhd from Twitter

Web Video Producer | ⋈ | Pro Ultimate"
Matt Bernstein	mattxiv	Video - Instagram	https://www.instagram.com/mattxiv	mattvbernstein.bsky.social	0	LIKELY	Husband, dad, aspiring anti racist,feminist, and Queer New Yorker living in Portland OR. I stand wit
Matt Binder	Matt Binder	Video - YouTube	https://www.youtube.com/c/MattBinder	mattbinder.bsky.social	0	YES	"Subscribe: 
disruptionist.com
youtube.com/mattbinder"
Matt Brown	Extra Points	Newsletter - Beehiiv	https://www.extrapointsmb.com	mattbrown.bsky.social	0	YES	I write Extra Points, a newsletter about off-the-field stories in college sports. I also (badly) mak
Matt Buxton	The Alaska Memo	Newsletter - Other	www.akmemo.com	matt.akmemo.com	0	LIKELY	"Alaska wonk. Husker. Roller coaster, Magic card and staying in enthusiast. Writes akmemo.com

Hangin"
Matt Cameron	DEPORTNATION	Newsletter - Substack	https://deportnation.com	mattcameron.bsky.social	0	YES	Fighting ICE since 2006, cohosting @openargs.bsky.social since 2024, playing your piano since 1987. 
Matt Ferrell	Undecided with Matt Ferrell	Video - YouTube	https://www.youtube.com/@UndecidedMF	mattferrell.bsky.social	0	YES	Former UI/UX Designer turned YouTuber talking tech. https://undecided.tech/links/
Matt Kiser	WTF Just Happened Today?	Newsletter - Other	https://whatthefuckjusthappenedtoday.com	mattkiser.bsky.social	0	YES	Inbox journalist @whatthefuckjusthappenedtoday.com
Matt Pearce	Rebuild Local News	Newsletter - Substack	https://mattdpearce.substack.com	mattdpearce.com	0	YES	May the forces of evil become confused on the way to your house. Opinions are my own (but they are c
Matt Stoller	BIG	Newsletter - Substack	https://www.thebignewsletter.com	matthewstoller.bsky.social	0	LIKELY	
Maureen Kelleher	Board Rule	Newsletter - Ghost	https://board-rule.ghost.io	maureenkelleher.bsky.social	0	LIKELY	Freelance education writer. Previously Editorial Director, Future Ed at Georgetown. Selected priors:
Max Levy	Sequencer Magazine	Newsletter - Ghost	https://www.sequencermag.com	justoffthesix.bsky.social	0	LIKELY	"Comedy Photographer, Director, Pisces.
Silverlake, LA

Instagram.com/justoffthesix
www.andrewmaxlevy"
Max Read	Read Max	Newsletter - Substack	https://maxread.substack.com	maxread.info	0	YES	http://maxread.substack.com
Megalag	The Honey Trap	Video - YouTube	https://www.youtube.com/@MegaLag	megalag.bsky.social	0	LIKELY	
Meghan McCarthy	Maternie	Newsletter - Other	maternie.com	meghanmccarthy.bsky.social	0	YES	Founder @Maternie. Free daily newsletter on all things women’s health: maternie.com // Once banned f
Meghann Cuniff	Legal Affairs and Trials	Newsletter - Substack	https://www.legalaffairsandtrials.com	meghanncuniff.bsky.social	0	YES	Legal affairs journalist in Southern California. Follow my work by subscribing to Legal Affairs and 
Mel Buer	Words About Work	Newsletter - Ghost	https://www.wordsaboutwork.news	melbuer.bsky.social	0	YES	"LA-based MMJ. Newsguild member.

Work: wordsaboutwork.news | Audio/Visual/Print in The Nation, In Th"
Melissa del Bosque	The Border Chronicle	Newsletter - Ghost	https://www.theborderchronicle.com	mdelbosque.bsky.social	0	YES	US-Mexico Border Journalist and Author. CoFounder, @theborderchronicle.bsky.social & U.S.-Mex Invest
Meredith Sell	Women's Barbell Club	Newsletter - Substack	https://womensbarbellclub.substack.com	meredithsell.bsky.social	0	YES	Freelance writer/editor. Accidental gardener. Women's history nerd. Knitter, embroiderer, athlete. I
Michael Graff	Charlotte Optimist	Newsletter - Beehiiv	https://charlotteoptimist.com	michaelngraff.bsky.social	0	LIKELY	Southern bureau chief, Axios. Co-author, THE VOTE COLLECTORS. North Carolina’s where I am. Maryland’
Michael Horn	The Future of Education	Newsletter - Substack	https://michaelbhorn.substack.com	michaelhorn.bsky.social	0	LIKELY	"👴🏻31
🤠htx 
📺reality tv junkie 
🍝carbohydrate enthusiast 
🎙️co-host: @letschatreality.bsky.social - n"
Michael Thomas	Distilled	Newsletter - Substack	https://www.distilled.earth	michael-thomas.bsky.social	0	YES	"I write stories and make videos about climate change. 

Subscribe to the Distilled newsletter and Yo"
Michael Wolff	Howl	Newsletter - Substack	https://michaelwolffnyc.substack.com	michaelwolffnyc.bsky.social	0	YES	"Twelve books including five New York Times bestsellers, ""Fire and Fury,"" ""Siege,"" ""Landslide,"" ""The "
Michael Wriston	Project Salt Box	Newsletter - Substack	https://projectsaltbox.substack.com	mwriston.bsky.social	0	YES	"Social landscape and street portrait photographer based in Baltimore, MD.

Forever enamored by the l"
Michelangelo Signorile	The Signorile Report	Newsletter - Substack	https://www.signorile.com	msignorile.bsky.social	0	YES	"journalist, host of ""The Michelangelo Signorile Show"" on SiriusXM, channel 127,  3-6 ET weekdays   @"
Micheline Maynard	CulinaryWoman	Newsletter - Substack	culinarywoman.substack.com	mickimaynard.bsky.social	0	LIKELY	I’m a business journalist, author and podcaster, based in Ann Arbor.
Mick Ryan	Futura Doctrina	Newsletter - Substack	https://mickryan.substack.com	warinthefuture.bsky.social	0	YES	Strategist, Leader & Author | Retd Army Major General | Senior Fellow in Military Studies @LowyInsti
Mike Butcher	Pathfounders	Newsletter - Beehiiv	https://pathfounders.com	mikebutcher.bsky.social	0	YES	Founder & Editor, @pathfounders.bsky.social | Formerly @TechCrunch | mike@pathfounders.com | Signal:
Mike Elgan	Machine Society	Website	https://machinesociety.ai	mikeelgan.bsky.social	0	YES	The world’s only cyberpunk non-fiction writer. SUBSCRIBE TO MY NEWSLETTER FREE!!! ☞︎ ☞︎ ☞︎ https://m
Mike Elk	Payday Report	Website	https://paydayreport.com	mikeelk.bsky.social	0	YES	Emmy-nominated labor reporter @PaydayReport often in 🇧🇷.  Alum: @Guardian! Yinzer @UEunion fam. Auti
Mike Masnick	Ctrl-Alt-Speech	Podcast	https://ctrlaltspeech.com	masnick.com	0	LIKELY	Techdirt guy. Writes about social media, copyright, free speech, content moderation, civil liberties
Mike Shanahan	Nature Beat	Newsletter - Substack	https://thenaturebeat.substack.com	mikeshanahan.bsky.social	0	YES	Former rainforest biologist, now freelance writer/editor focused on biodiversity, forests, climate, 
Miranda Green	Evergreen	Newsletter - Substack	https://mirandacgreen.substack.com	mirandagreen.bsky.social	0	YES	"National Reporter. Correspondent for Atmos Mag. Words in BBC, NYMag, NPR.

Read my Substack, Evergre"
Molly Jong-Fast	Molly Jong-Fast	Video - Instagram	https://www.instagram.com/mollyjongfast	mollyjongfast.bsky.social	0	LIKELY	Host of the Fast politics podcast, contributing Writer at The New York Times opinion and MSNBC. Subs
Molly Morrison	Molly Morrison	Video - Instagram	https://www.mollyhmorrison.com	mollyhannahm.bsky.social	0	LIKELY	"NBA jokes and commentary 
📍Memphis, NYC"
Molly O'Shea	Sourcery	Newsletter - Substack	https://www.sourcery.vc	drmollyoshea.bsky.social	0	LIKELY	Pediatrician, AAP Spokesperson, AAP Youth Media and Mental Health Ambassador, AAP Suicide Prevention
Molly Tolsky	Hey Alma	Video - Instagram	https://www.instagram.com/hey.alma	mollytolsky.bsky.social	0	YES	editor of hey alma and kveller
Molly White	Citation Needed	Newsletter - Ghost	https://www.citationneeded.news	molly.wiki	0	YES	writes citationneeded.news • runs @web3isgoinggreat.com and @followthecrypto.org • tech researcher a
Mona Chalabi	Mona Chalabi	Video - Instagram	https://monachalabi.com	monachalabi.bsky.social	0	YES	
Monique	Black Belt Babe	Video - TikTok	https://www.tiktok.com/@blackbeltbabe	moniquemorrissey.bsky.social	0	LIKELY	Labor economist at pro-worker Economic Policy Institute. Low tolerance for infighting. Otherwise hap
Morgan McSweeney	Dr. Noc	Video - TikTok	https://www.tiktok.com/@dr.noc	morganmcsweeney.bsky.social	0	LIKELY	American, early 20s, yes this is my real name, no I have no idea who any of you people are (They/The
Mychal Threets	Mychal Threets	Video - Instagram	https://www.instagram.com/mychal3ts	mychal3ts.bsky.social	0	LIKELY	"“Having fun isn’t hard, when you’ve got a library card!” - Arthur Read

linktr.ee/mychalthreets"
Naomi Brockwell	Naomi Brockwell	Video - YouTube	https://www.youtube.com/c/NaomiBrockwellTV	naomibrockwell.bsky.social	0	LIKELY	"Founder of ludlowinstitute.org
Dance like no one’s watching. Encrypt like everyone is.
Priv/Acc"
Natalie Bencivenga	Facts Over Fear	Newsletter - Substack	https://substack.com/@factsoverfearnatalieb	nataliebencivenga.bsky.social	0	LIKELY	Socially conscious, award-winning journalist. Digital #media strategist. #Vegan 🌱 and #Yoga enthusia
Natalie Berry	Natalie Berry	Video - Instagram	https://www.instagram.com/natalie.a.berry	natalie-berry.com	0	LIKELY	Edinburgh-based journalist, translator, climber. IWMF Ukraine Fellow. Words: NYTimes, The Guardian, 
Natalie Wexler	Minding the Gap	Newsletter - Substack	https://nataliewexler.substack.com	natwexler.bsky.social	0	YES	Author of Beyond the Science of Reading and The Knowledge Gap, co-author of The Writing Revolution. 
Nate Silver	Silver Bulletin	Newsletter - Substack	https://www.natesilver.net	antinatesilver.bsky.social	0	YES	DSA-posting
Nathan Tankus	Notes on the Crisis	Newsletter - Ghost	https://www.crisesnotes.com	nathantankus.bsky.social	0	YES	"President of @crisesnotes.bsky.social  (https://www.crisesnotes.com/)

Book: [About Undetermined], u"
Nathan Yau	FlowingData	Website	https://flowingdata.com	flowingdata.com	0	YES	Playing with data, visualizing it for humans at flowingdata.com
Navya Singh	News with Navya	Video - Instagram	https://www.instagram.com/newswithnavya	navya-singh-news.bsky.social	0	LIKELY	news, books, nct
Neelima Vallangi	Climate Matters	Newsletter - Substack	https://climatematters.substack.com	neelima.bsky.social	0	LIKELY	"Covering climate crisis in the Himalaya & South Asia.

Journalist / Photographer / Documentary Filmm"
Neil Greenberg	Fancy Stats	Newsletter - Substack	https://fancystats.substack.com	ngreenberg.bsky.social	0	LIKELY	"Sportswriter and stats geek (not nerd) for 
@washingtonpost.com. I got science for any occasion. Pos"
Nick Parish	Current Flow State	Newsletter - Ghost	https://www.currentflowstate.com	nickparish.bsky.social	0	YES	Author, editor, and angler from the Great Lakes, currently ranging near the Columbia River drainage 
Nicole Jeanine Johnson	Nicole the News Lady	Video - TikTok	https://www.tiktok.com/@nicolethenewslady	nicolethenewslady.bsky.social	0	LIKELY	Chicagoan till Chicago end. Journalist + Storyteller | The hood CNN | Writer | Yogi | Reiki| #RN ✊🏾 
Nika Talbot	Bold Types	Newsletter - Substack	https://www.nikatalbot.io	nikatalbot.bsky.social	0	YES	Solo travel fangirl and 80s latchkey kid. I write from life, work as a journo, host a Writers' Café.
Nima Shirazi	Citations Needed	Podcast	https://podcasts.apple.com/us/podcast/citations-needed/id1258545975	nimashirazi.bsky.social	0	LIKELY	
Noah Carter	Noah Glenn Carter	Video - TikTok	https://www.tiktok.com/@noahglenncarter	hejnoahritz.bsky.social	0	LIKELY	
Noah Smith	Noahpinion	Newsletter - Substack	https://www.noahpinion.blog	noahpinion.blog.web.brid.gy	0	YES	Economics and other interesting stuff. Click to read Noahpinion, by Noah Smith, a Substack publicati
Norm Eisen	Contrarian	Newsletter - Substack	https://contrarian.substack.com	normeisen.bsky.social	0	YES	Sr. Fellow @ Brookings, Executive Chair of Democracy Defenders Fund & Co-Founder of The Contrarian c
Norman Oder	Atlantic Yards/Pacific Park Report	Newsletter - Substack	https://normanoder.substack.com	normanoder.bsky.social	0	YES	#Brooklyn journalist focusing on Atlantic Yards/Pacific Park megaproject (including Barclays Center)
Olga Massov	Food, Recipes, a day in a life	Newsletter - Substack	https://itsamatteroftaste.substack.com	olgamassov.bsky.social	0	LIKELY	Former assistant recipes editor at Washington Post Food, journalist, cookbook author, recipe develop
Oliver Darcy	Status	Newsletter - Beehiiv	https://www.status.news	oliverdarcy.bsky.social	0	YES	writing @status.news, a nightly newsletter covering the Fourth Estate, Silicon Valley, and Hollywood
Omar Raja	Omar Raja	Video - YouTube	https://www.instagram.com/omar	omarespn.bsky.social	0	LIKELY	
Owen Jones	Owen Jones Talks	Video - YouTube	https://www.youtube.com/@OwenJonesTalks	owenjones.bsky.social	0	YES	Socialist, antifascist, writer in various places, geriatric millennial, GQ's 9th Worst Dressed Man i
PJ Vogt	Search Engine	Podcast	https://www.instagram.com/pjvogt	pjvogt.bsky.social	0	YES	"Very rarely here. 

You can reach me at pjvogt85@gmail.com

Host, Search Engine podcast. 
Some of ou"
Pat Myers	The Gene Pool	Newsletter - Substack	https://geneweingarten.substack.com	patmyers.bsky.social	0	LIKELY	'Empress' of The Invitational, a humor/wordplay contest (formerly at WaPo, now on Substack); lifelon
Patrick Boyle	Patrick Boyle	Video - YouTube	https://www.youtube.com/@PBoyle	pboyle.bsky.social	0	YES	Founder of Palomar Capital | Visiting Professor at King's College London | Financial Author | YouTub
Patrick Gray	Risky Business	Podcast	https://podcasts.apple.com/us/podcast/risky-business/id216478078	patrick.risky.biz	0	LIKELY	https://risky.biz/
Patrick Kennedy	Serve the Home	Video - YouTube	https://www.youtube.com/ServeTheHomeVideo	dysio.de	0	LIKELY	Fool. Software Engineer. Empath. Roguelike and Incremental nerd. Staying in the Control Group. He/Hi
Patrick McNamara	Oh My Rockness	Website	www.ohmyrockness.com	dogfoodstudios.bsky.social	0	YES	Music and video producer in Seattle, WA. Storyteller for #MageOfSail. Chosen of Nurgle. www.patreon.
Paul Brandus	Disinformation Wire	Newsletter - Substack	https://disinformationwire.substack.com	westwingreport.bsky.social	0	LIKELY	5-time author, speaker 7 presidential libraries. Dow Jones/MarketWatch columnist. Moscow 5 years, NY
Paul Fain	The Job	Newsletter - Beehiiv	https://the-job.beehiiv.com	paulfain.bsky.social	0	YES	Journalist covering connections between education and work. Author of The Job newsletter, co-founder
Paul Krugman	Paul Krugman	Newsletter - Substack	https://paulkrugman.substack.com	pkrugman.bsky.social	0	YES	"Ex NY Times, now author of Substack Paul Krugman. Nobel laureate and, according to Donald Trump, ""De"
Paul Mueller	Paul Mueller	Video - TikTok	https://www.tiktok.com/@therealpaulmueller	therealpaulmueller.bsky.social	0	LIKELY	Journalist | Animal Warrior | Faith-Fueled | Caregiver | 30 Years of News. Now Using Every Platform 
Paul Offit	Beyond the Noise	Newsletter - Substack	https://pauloffit.substack.com	pauloffit.bsky.social	0	YES	Infectious disease physician, co-inventor of a rotavirus vaccine, author and grandfather. Author of 
Paul Rivera	paulriveranews	Social - Facebook	https://www.facebook.com/paulriveranews	paulrivera.bsky.social	0	LIKELY	Hijo - Hermano (de amigos) - Esposo - Padre de #MissAudrey - El líder 2024
Pete Pachal	The Medai Copilot	Newsletter - Substack	https://mediacopilot.substack.com	petepachal.bsky.social	0	LIKELY	Founder of The Media Copilot, where AI meets media
Peter Beck	CourtWatch	Newsletter - Beehiiv	https://www.courtwatch.news	pwbeck.bsky.social	0	YES	associate editor @lawfaremedia.org law nerd @courtwatch.bsky.social dc by way of sc
Peter Erdelyi	Media Finance Monitor	Newsletter - Substack	https://funds4media.substack.com	erdelyip.bsky.social	0	LIKELY	media funding in CEE & elsewhere
Peter Geoghegan	Democracy for Sale	Newsletter - Substack	https://democracyforsale.substack.com	petergeoghegan.bsky.social	0	YES	Irishman in London. Founder of award winning investigative news site Democracy for Sale https://demo
Peter Greene	Curmudgucation	Website	https://curmudgucation.blogspot.com	palan57.bsky.social	0	YES	public education fan, education ranter, retired teacher, SAHD, tailgate trombone, Venangoland PA, Cu
Peter Kalmus	Climate Human	Newsletter - Substack	https://substack.com/@climatehuman	climatehuman.bsky.social	0	LIKELY	Climate scientist working at NASA/JPL and lover of truth. Arrested for defending Earth. Opinions min
Petula Dvorak	Persisters	Newsletter - Substack	https://petuladvorak.substack.com	petulawrites.bsky.social	0	LIKELY	Columnist, reporter, Persister, formerly at The Washington Post
Phil Edwards	Phil Edwards	Video - YouTube	https://www.youtube.com/@PhilEdwardsInc	philedwardsinc.bsky.social	0	YES	edutainer https://www.youtube.com/@PhilEdwardsInc
Phil Levin	Super Nuclear	Newsletter - Substack	https://supernuclear.substack.com	phillevin.bsky.social	0	LIKELY	Exec Director, Univ of Washington EarthLab. Director, TheNatureRecord.org, Conservation Scientist. M
Philip DeFranco	The Philip DeFranco Show	Video - YouTube	https://www.youtube.com/@PhilipDeFranco	crashingoutshow.bsky.social	0	LIKELY	Crashing Out with Philip DeFranco and Alex Pearlman is a news comedy podcast. They try to make sense
Phillips P. O'Brien	Phillips P. O'Brien	Newsletter - Substack	https://phillipspobrien.substack.com	phillipspobrien.substack.com.web.brid.gy	0	YES	Whatever intrigues me--these days the Russo-Ukraine War with regular departures. Click to read Phill
Pigeon Post	Pigeon Post | NYC “News”	Video - TikTok	https://www.tiktok.com/@pigeonpost.nyc	pigeonpost.shop	0	LIKELY	Pigeon Post is your go-to online purveyor of birdy delight! Illustration and design by @alextomlinso
Prem Thakker	Zeteo	Video - Instagram	https://www.instagram.com/premthakk	premthakker.bsky.social	0	YES	"Political correspondent @zeteo.com

Any tips or info you’d like to share? 
Signal premthakker.35
Pre"
Preston Stewart	Preston Stewart	Video - TikTok	https://www.tiktok.com/@prestonstew	prestonstew.bsky.social	0	LIKELY	"I make videos discussing war, conflict and national security topics. 

www.prestonstew.com

#nationa"
Priti Patnaik	Geneva Health Files	Newsletter - Substack	https://genevahealthfiles.substack.com	pritipatnaik.bsky.social	0	YES	"Founder & Publisher, Geneva Health Files. 

Admirer of Trees. Mum. 'Flâneuse'.  
Alum: New York Univ"
Qasim Rashid	Qasim Rashid	Video - TikTok	https://www.instagram.com/qasimrashid	qasimrashid.com	0	LIKELY	Human Rights Lawyer • Author • Dad Jokes • SirusXM Host • Creator of Let's Address This • Subscribe 
Rachel Cohen	Planting Trees	Newsletter - Substack	https://rachelsnewsletter.substack.com	rcobooth.bsky.social	0	LIKELY	"Vox reporter - covering housing, homelessness, family policy 

trying to prod productively"
Rachel Collier	Good News with Rachel Collier	Video - Instagram	https://www.instagram.com/goodnewsrachelcollier	rachelmcw.bsky.social	0	LIKELY	"Artist and curator based in Norwich  
MA Fine Art Student Norwich Uni
CSM BA Printmaking ‘90
Commiss"
Rachel Hunt	Gen Z Translator / Cancer by Cancer Patients	Newsletter - Substack	https://genztranslator.substack.com, https://cancerbycancerpatients.substack.com	rachelhunt.bsky.social	0	LIKELY	Founder of Tiny Kindness Insta (https://www.instagram.com/tinykindnesses/). Author of Mother's Milk 
Radley Balko	The Watch	Newsletter - Substack	https://radleybalko.substack.com	radleybalko.bsky.social	0	YES	"Journalist. Quattrone Center journalism fellow.
Author: Rise of the Warrior Cop.
Co-author: The Cada"
Raelyn Roberson	Raelyn.info	Website	https://raelyn.info	raelynroberson.bsky.social	0	YES	"Digital Civil Rights Strategist and Organizer 
Texas >< DC
Gen Z Virgo in chief🫡✨💅🏾"
Rebecca Nagle	Native America	Newsletter - Substack	https://gohini.substack.com	rebeccanagle.bsky.social	0	YES	"Cherokee writer and journalist, check out my substack: https://gohini.substack.com/
Author of BY THE"
Renee Knake Jefferson	Legal Ethics Roundup	Newsletter - Substack	https://legalethics.substack.com	legalethics.bsky.social	0	YES	Doherty Chair in Legal Ethics at the University of Houston | writing at legalethics.substack.com | a
Rey Katz	Amplify Respect	Newsletter - Ghost	https://www.amplifyrespect.com	reywrites.bsky.social	0	YES	"🌈 join the newsletter: uplifting and informing trans folks & allies 🔗⬇️

https://www.amplifyrespect."
Ricardo Gamboa	The Hoodoise	Podcast	https://hoodoisie.wordpress.com	thescarletfaguette.bsky.social	0	LIKELY	
Rich Miller	Capitol Fax	Website	capitolfax.com	techjournalism.bsky.social	0	LIKELY	I write about the infrastructure powering the digital world. Cloud, data centers and AI.
Richard Lawson	Premiere Party	Newsletter - Beehiiv	https://www.premiereparty.com	rilaws.bsky.social	0	YES	NEWSLETTER: https://www.premiereparty.com/ | Partnerships & sponsorships 📩 sarah@collective.media
Richard Norman	Besides That, Basketball	Video - TikTok	https://www.tiktok.com/@besidesthatbasketball	rich-norman.bsky.social	0	LIKELY	Brit in Perth, Dean of Graduate Studies at Curtin University, Quality of life and health economics, 
Rick Ellis	Too Much TV	Newsletter - Substack	https://toomuchtv.substack.com	toomuchtv.substack.com	0	YES	"Lifelong journalist now at AllYourScreens.com and toomuchtv.substack.com. TCA Member. Appeared on ""D"
Rick Hasen	Election Law Blog	Website	https://electionlawblog.org	rickhasen.bsky.social	0	YES	Professor, UCLA Law; Director, http://SafeguardingDemocracyProject.org; 2020 CNN, 2024 NBC/MSNBC Ele
Rob Martinez	Rob Martinez	Video - TikTok	https://www.tiktok.com/@eatingwithrobert	resiliencyguy.bsky.social	0	LIKELY	Author, speaker, educator- Advancing the empowerment of resilience for students and educators wherev
Rob Perez	r.oh.bee	Video - Instagram	https://www.instagram.com/r.oh.bee	worldwidewob.bsky.social	0	LIKELY	
Robert Kelchen	Kelchen on Higher Ed	Website	https://robertkelchen.com/kelchen-on-education	robertkelchen.com	0	YES	Professor & department head, University of Tennessee, Knoxville. I study higher ed finance, accounta
Robert Reich	Robert Reich	Social - Twitter / X	https://x.com/RBReich	rbreich.bsky.social	0	LIKELY	Berkeley professor, former Secretary of Labor. Co-founder of @inequalitymedia.bsky.social and @imciv
Robert Ross	TikStocks	Video - TikTok	https://www.tiktok.com/@tik.stocks	ianrobertross.com	0	LIKELY	"Writer and artist from the Maritimes, now living in Ottawa, Canada.
Author of the epic fantasy 'Crow"
Robert Scoble	Scobleizer	Newsletter - Ghost	https://www.unaligned.io	scobleizer.bsky.social	0	LIKELY	Advocate for tech that makes humans better | Spatial Computing, Holodeck, and AI Futurist | Ex-Micro
Roger Seheult	MedCram	Video - YouTube	https://www.youtube.com/@Medcram	rogerseheult.bsky.social	0	YES	"Pulmonary, Critical Care, and Sleep Physician
Co-Founder of MedCram.com
Faculty Appointments at Loma"
Roger Sollenberger	The Memo	Newsletter - Substack	https://sollenbergerrc.substack.com	sollenbergerrc.bsky.social	0	YES	Politics reporter, guitar botherer. Luckiest hub and dad to Mr. Bugs aka The Moopus aka Mr. Moops or
Rohit Khilnani	Rohit Khilnani	Video - Instagram	https://www.instagram.com/rohitkhilnani	rohitkhilnani.bsky.social	0	LIKELY	Film Journalist
Ron Charles	Ron Charles	Newsletter - Substack	https://substack.com/@roncharles	roncharles.bsky.social	0	YES	I write about books at https://roncharles.substack.com/
Rory Stewart	Rest Is Politics	Video - YouTube	https://www.youtube.com/@restispolitics	rory-stewart.bsky.social	0	LIKELY	
Rose Thomas Bannister	Modo di Bere	Website	https://www.mododibere.com	mododibere.bsky.social	0	YES	Wine writer and dialect enthusiast, creator of Modo di Bere magazine, podcast and travel show.
Rowan Cheung	The Rundown	Website	https://www.rundown.ai	rowancheung.bsky.social	0	YES	"Founder of the world’s most read daily AI newsletter: 
www.therundown.ai. Sharing the latest develop"
Rusty Foster	Today in Tabs	Newsletter - Beehiiv	https://www.todayintabs.com	rusty.todayintabs.com	0	YES	"One of the posters of all time. 
https://www.todayontrail.com 
https://www.todayintabs.com"
Ruth Ben-Ghiat	Lucid	Newsletter - Substack	https://lucid.substack.com	ruthbenghiat.bsky.social	0	YES	Historian; Author, NYT Bestseller Strongmen; Publisher, Lucid, a Substack newsletter on authoritaria
Ryan Broderick	Garbage Day	Newsletter - Beehiiv	https://www.garbageday.email	ryanhatesthis.bsky.social	0	YES	Chilling online. I write a newsletter called Garbage Day.
Ryan Flinn	AI Rx	Video - TikTok	https://www.tiktok.com/@rs_flinn	ryanflinn.bsky.social	0	YES	Healthcare comms consultant with a journalism background. Wine expert, competitive sabre fencer, lif
Ryan Goodman	Just Security	Website	https://www.justsecurity.org	rgoodlaw.bsky.social	0	YES	"https://www.youtube.com/@RGoodLaw

Co-editor-in-chief @justsecurity.org. Chaired Prof at NYU Law. Fo"
Ryan Grim	Drop Site News	Newsletter - Substack	https://www.dropsitenews.com	ryangrim.bsky.social	0	YES	Reporter for Drop Site News, co-host of Counter Points
Ryan Haas	The Western Edge	Newsletter - Substack	https://www.thewesternedge.media	ryanjhaas.bsky.social	0	YES	"Oregon-based investigative journalist. | Co-founder thewesternedge.media 

Former OPB. Podcast produ"
Ryan Holiday	Daily Stoic	Video - Instagram	https://www.instagram.com/dailystoic	ryan-holiday.bsky.social	0	YES	NYT Bestselling Author of The Obstacle Is The Way, The Daily Stoic, Ego Is The Enemy, Stillness Is T
Ryan Lizza	Telos News	Newsletter - Substack	https://substack.com/@ryanlizza	ryanlizza.bsky.social	0	LIKELY	www.telos.news
Ryan McBeth	Ryan McBeth Programming	Video - YouTube	https://www.youtube.com/@RyanMcBethProgramming	ryanmcbeth.bsky.social	0	YES	Author, Army Vet, OSINT Intelligence Analyst, Programmer, Cyber guy. http://Ryanmcbeth.substack.com 
Ryan Sutton	The Lo Times	Newsletter - Substack	https://thelotimes.com	ryansutton.bsky.social	0	YES	I'm a contributing restaurant critic for The New York Times! I also run www.thelotimes.com, a food m
Ryan Welton	Oklahoma Memo	Newsletter - Beehiiv	https://oklahomamemo.com	ryanwelton.bsky.social	0	YES	Founder, creator of 'Oklahoma Memo,' your daily local news recap. Subscribe at OklahomaMemo.com
Saagar Enjeti	Breaking Points	Video - YouTube	https://www.youtube.com/c/breakingpoints	esaagar.bsky.social	0	YES	Co-Host of Breaking Points with Krystal and Saagar and The Realignment Podcast
Sabine Hossenfelder	Sabine Hossenfelder	Video - YouTube	https://www.youtube.com/@SabineHossenfelder	hossenfelder.bsky.social	0	LIKELY	German Physicist
Sadie Dingfelder	Sadie Dingfelder, science writer	Video - TikTok	https://www.tiktok.com/@sadiedingfelder	sadieding.bsky.social	0	LIKELY	Aphantasia, faceblindness, stereoblindness & SDAM — I’m the writer who’s got it all. SadieD.com 
Sam Ellis	Search Party	Video - YouTube	https://www.youtube.com/@SearchParty	samellisq.bsky.social	0	LIKELY	Lecturer at the University of Exeter. Interested in general but especially in life history evolution
Sam Ro	TKer by Sam Ro	Newsletter - Substack	https://www.tker.co	tker.co	0	YES	Editor of TKer.co | Chief evangelist of the stock market usually going up 📈
Sam Robinson	Detroit One Million	Newsletter - Substack	https://www.detroitonemillion.com	samhistsci.bsky.social	0	LIKELY	Historian of Science | Based in Dept Sociology, University of York | Futures | Oceans | Sci Diplomac
Sam Sanders	The Sam Sanders Show	Podcast	https://www.instagram.com/samsanders	samsanders.bsky.social	0	YES	Lapsed journalist. L.A. based. Texan forever. Listen to The Sam Sanders Show, a radio show all about
Samantha Chery	Samantha Chery	Video - TikTok	https://www.tiktok.com/@samanthabchery	samanthachery.bsky.social	0	LIKELY	previously a features reporter at wapo.
Sammy Roth	Climate Colored Goggles	Newsletter - Substack	https://www.climatecoloredgoggles.com	sammyroth.bsky.social	0	LIKELY	I write Climate-Colored Goggles, a newsletter about climate & culture. Former L.A. Times climate col
Sandie S.	A Dork and Her Fork	Video - Instagram	https://www.instagram.com/adorkandherfork	sandie42.bsky.social	0	LIKELY	🇨🇦Grief counsellor,  I lean hard left, and am a child of the 1960's 💙💙💙💙🚫no DM's. 🚫 no porn 🚫no cryp
Sarah Boyd	Resilient Little Hearts	Video - Instagram	https://www.instagram.com/resilientlittlehearts	sboydid.bsky.social	0	LIKELY	ID physician with a focus in antimicrobial and diagnostic stewardship and hospital epidemiology.
Sarah Mock	Sarah Mock	Newsletter - Substack	https://sarahmock.substack.com	sarahmock.bsky.social	0	YES	"🤷🏼‍♀️💙🪡👩🏼‍🍳🍷🥖🧈🌯🥟🥃🗺️
In my day job you can find me here: https://www.savoringthegood.com"
Sarah Steimer	Haters Guide to Living Well	Newsletter - Other	https://haters-guide-to-living-well.beehiiv.com	sjsteimer.bsky.social	0	LIKELY	"Freelance writer, editor. 
Digital editor for @chicagomag.com
All pizza opinions are my own."
Sarah Yi	A Girl About Chicago	Video - TikTok	https://www.tiktok.com/@agirlaboutchicago	sarahyi.bsky.social	0	LIKELY	New Yorker | Californian | Citizen of the world
Sari Botton	Oldster	Newsletter - Substack	https://oldster.substack.com	saribotton.bsky.social	0	YES	Bestselling Author/Editor/Teacher/Oldster Memoir: And You May Find Yourself… Anthologies: Goodbye to
Sayash Kapoor	AI as Normal Technology	Newsletter - Substack	https://www.normaltech.ai	sayash.bsky.social	0	LIKELY	"CS PhD candidate at Princeton. I study the societal impact of AI. 
Website: cs.princeton.edu/~sayash"
Scott Alexander	Astral Codex Ten	Newsletter - Substack	https://www.astralcodexten.com	astralcodexten.com.web.brid.gy	0	YES	P(A|B) = [P(A)*P(B|A)]/P(B), all the rest is commentary. Click to read Astral Codex Ten, by Scott Al
Scott Braddock	Quorum Report	Website	quorumreport.com	scottbraddock.bsky.social	0	YES	Editor at quorumreport.com, celebrating our 41st year of independent journalism in Texas and the hos
Scott Sumner	The Money Illusion	Newsletter - Substack	https://scottsumner.substack.com	scott7777.bsky.social	0	LIKELY	
Seamus Hughes	Court Watch	Newsletter - Beehiiv	https://x.com/SeamusHughes	seamushughes.bsky.social	0	LIKELY	I read a lot of court records because I like a good story. Won a Pulitzer that one time. “A well-kno
Sean Beckner-Carmitchel	LA Ten Four	Website	https://latenfour.com	acatwithnews.bsky.social	0	YES	"Writer, Videographer, Photographer. LA Based but traveling lots.

I run The Ten Four: https://latenf"
Sean Highkin	The Rose Garden Report	Website	rosegardenreport.com	highkin.bsky.social	0	YES	Trail Blazers + Fire rosegardenreport.com | Blazers insider for Rip City Radio 620 (KPOJ-AM)/iHeart
Seth Godin	Seth's Blog	Website	https://seths.blog	sethgodin.bsky.social	0	YES	Mostly I blog. Here as a spectator. seths.blog and sethgodin.com for more.
Seulki Lee	Dunia Media	Video - YouTube	https://www.youtube.com/@the_dunia_media	leegeiller.bsky.social	0	LIKELY	Associate Research Scientist @ispsyale.bsky.social | Researcher & Instructor | Democratic Innovation
Sham Jaff	What happened last week	Newsletter - Other	https://gishty.com/newsletters/what-happened-last-week	shamjaff.bsky.social	0	YES	Journalist. Berlin. Recently built a platform for journalism centered on Asia, Afria, and the Americ
Shannon Henry Kleiber	Cadence: On Writing & Sound	Newsletter - Ghost	https://cadence.ghost.io	shkleiber.bsky.social	0	YES	Writer, author and journalist, former Washington Post staffer and columnist, radio producer and inte
Sherrilyn Ifill	Sherrilyn's Newsletter	Newsletter - Substack	https://sherrilyn.substack.com	sifill.bsky.social	0	LIKELY	Civil rights lawyer; democracy warrior, dedicated to racial justice & equality. Fmr President & Dire
Shira Lazar	Shira Lazar	Video - Instagram	https://www.tiktok.com/@shiralazar	shiralazar.bsky.social	0	LIKELY	"Digital culture + personal growth are my jam!
Founder/CEO whatstrending.com
#Creators4MentalHealth 
"
Simon Owens	Simon Owens's Media Newsletter	Newsletter - Substack	https://simonowens.substack.com	simonowens.bsky.social	0	YES	Media industry journalist who runs a newsletter and podcast. You can reach me at simonowens@gmail.co
Skye Jethani	The Holy Post	Podcast	https://www.holypost.com	skyejethani.bsky.social	0	LIKELY	Co-Founder of Holy Post Media
Soleil Ho		Newsletter	https://www.soleilho.com	soleilho.com	10744	YES	Confirmed from brief
Sophia Li	Steward	Podcast	https://www.instagram.com/sophfei	liwei36168.bsky.social	0	LIKELY	"Share good times with like-minded friends and join our silver-haired community!
与志同道合的朋友分享美好时光，加入我们的"
Sophia Smith Galer	Sophia Smith Galer	Video - TikTok	https://www.tiktok.com/@sophiasmithgaler	sophiasgaler.bsky.social	0	LIKELY	Journalist, author, creator. 170m video views. Winner of a British Journalism Award & the Georgina H
Spencer Ackerman	Forever Wars	Newsletter - Ghost	https://www.forever-wars.com	attackerman.bsky.social	0	YES	Journalist & author of REIGN OF TERROR: HOW THE 9/11 ERA DESTABILIZED AMERICA & PRODUCED TRUMP, cont
Sree Sreenivasan	Sree’s Sunday Note	Newsletter - Substack	http://sreenet.Substack.com	sreenet.bsky.social	0	YES	CEO & cofounder, Digimentors. Ex-Chief Digital Officer of New York City, Met Museum, Columbia U. sre
Stacey Leasca	@sleasca	Video - Instagram	https://www.instagram.com/sleasca	sleasca.bsky.social	0	LIKELY	"Journalist: Travel+Leisure, Food&Wine, Tripadvisor, Glamour, etc. 
PhD candidate: specializing in mi"
Stephanie Valdez	steph.olution	Video - Instagram	https://www.instagram.com/steph.olution	stephv13.bsky.social	0	LIKELY	Dog Mom and Nammers to 5 littles. 
Stephen Smysnuik	The Level	Website	https://www.readthelevel.ca	smizznit.bsky.social	0	YES	"EIC @readthelevel (coming soon…)
Email stephen@levelmedia.ca"
Steve Burke	Gamers Nexus	Video - YouTube	https://www.youtube.com/@GamersNexus	steveburkemusic.bsky.social	0	LIKELY	Composer, Sound Designer, Adventurer. Ex Microsoft & Rare Ltd.
Steve Matteo	MatteoMedia	Website	https://www.thevinyldistrict.com	matteomedia.bsky.social	0	YES	Author of Act Naturally: The Beatles On Film, Let It Be (33 1/3), Dylan. https://linktr.ee/matteomed
Steve Morris	The Long Run	Newsletter - Beehiiv	https://thelongrun.news	stevewmorris.bsky.social	0	LIKELY	"Marketing Manager for 2000 AD. Local Yorkshire Rabbit, @shelfdust.bsky.social boss, etc! He/Him

www"
Steve Mould	Steve Mould	Video - YouTube	https://www.youtube.com/@SteveMould	stevemould-ytbot.bsky.social	0	YES	"Automated fan account. Not associated with or endorsed by the real channel in question.

Posts video"
Steve Ram	Steve Ram	Video - YouTube	https://www.youtube.com/channel/UC_9iG1I_ic5jUOyzR9vTMBg/about	mirageuk.bsky.social	0	LIKELY	"Podcaster and Dj at Ram Radio Eighties Hit Radio
https://www.facebook.com/groups/TA80s"
Steve Vladeck	One First	Newsletter - Substack	https://www.stevevladeck.com	stevevladeck.bsky.social	0	YES	@ksvesq.bsky.social’s husband; father of daughters; professor @georgetownlaw.bsky.social; #SCOTUS ne
Steven Crowder	Louder with Crowder	Video - YouTube	https://www.youtube.com/@LouderWithCrowder	stevecrowder.bsky.social	0	LIKELY	"Steven Crowder, popular left wing guy! Not THAT Steven Crowder. 

Trans rights are human rights. 
BL"
Susan Rinkunas	Autonomy News	Newsletter - Ghost	https://www.autonomynews.co	susanrinkunas.com	0	YES	Journalist and cofounder @autonomynews.co‬. Seen in: Jezebel, The New Republic, The Guardian, Slate,
Suzanne Kianpour	Helmet to Heels	Newsletter - Substack	www.helmettoheels.com	kianpourworld.bsky.social	0	YES	Anchor, ‘News with Suz’• Founder, Helmet to Heels™ • ex BBC correspondent & host living between New 
Taegan Goddard	Political Wire	Website	https://politicalwire.com	politicalwire.com	0	YES	Publisher of Political Wire
Tara Palmeri	The Red Letter	Newsletter - Substack	https://www.tarapalmeri.com	tarapalmeri.bsky.social	0	YES	"Author of ""The Red Letter"" 
https://open.substack.com/pub/tarapalmeri
Host of ""The Tara Palmeri Show"
Tara Parker-Pope	One Day Better	Newsletter - Substack	https://substack.com/@taraparkerpope	tpp.bsky.social	0	LIKELY	Well+Being editor Washington Post (former NYT OG Well editor, WSJ) UT+Yale MPH (24) I post news abou
Tatum Hunter	Tatum Hunter	Newsletter - Substack	https://bytatumhunter.substack.com	tatumhunter.bsky.social	0	LIKELY	Internet culture reporter at The Washington Post. DMs and Signal are open: 513.368.3359
Taylor Lorenz	UserMag	Newsletter - Substack	https://www.usermag.co	taylorlorenz.bsky.social	0	YES	"Subscribe to my tech and online culture newsletter UserMag.co

Listen/watch Power User podcast on al"
Ted Williams	Tiny Money	Newsletter - Beehiiv	https://tinymoney.com	tedwill.bsky.social	0	LIKELY	
The Hill Is Home	The Hill Is Home	Video - Instagram	https://www.instagram.com/thehillishome	thehillishome.com	0	LIKELY	Community news & information for Capitol Hill, DC. The Nacotchtank once walked their dogs here. Bric
The Pudding	The Pudding	Chat - SMS	https://pudding.cool	puddingviz.bsky.social	0	YES	The Pudding is a digital publication that explains ideas debated in culture with visual essays. http
Theo Lloyd-Hughes	Theo Lloyd-Hughes	Social - BlueSky	https://bsky.app/profile/did:plc:6brmb7llgtvwq6p3nk7tlmap	theolloydhughes.bsky.social	0	YES	⚽️ Freelance journo: All opinions are my own | Full Time podcast for The Athletic | bylines The Athl
Thomas Zimmer	Democracy Americana	Website	https://steady.page/en/democracyamericana/posts	thomaszimmer.bsky.social	0	YES	Historian - Democracy and Its Discontents - Newsletter: Democracy Americana https://democracyamerica
Tim Foley	Caitlin's Newsletter	Newsletter - Substack	https://www.caitlinjohnst.one	verbatimfoley.bsky.social	0	LIKELY	"Not very active on this account!

Playwright extraordinaire and struggling freelancer. Theatre stuff"
Tim Mak	The Counteroffensive	Newsletter - Substack	https://www.counteroffensive.news	timkmak.bsky.social	0	YES	Reporting on human interest stories to illustrate the news. Fmr US Army medic, longtime war correspo
Tim Pool	Timcast	Video - YouTube	https://www.youtube.com/@Timcast	timcost.bsky.social	0	LIKELY	Disaffected beanie, liberal, trolling Tim Pool & MAGAturds.
Timnit Gebru	Timnit Gebru	Social - Twitter / X	https://x.com/timnitGebru	timnitgebru.blacksky.app	0	LIKELY	"Personal Account

Founder: The Distributed AI Research Institute @dairinstitute.bsky.social.

Author"
Timothy Snyder	Thinking About...	Newsletter - Substack	https://snyder.substack.com	timothysnyder.bsky.social	0	YES	Temerty Professor of Modern European History, Munk School, University of Toronto; Permanent Fellow, 
Tina Brown	Fresh Hell	Newsletter - Substack	https://tinabrown.substack.com	tinabrownlm.bsky.social	0	YES	"Author. Journalist. Editor.
tinabrown.substack.com
sirharrysummit.org"
Todd Miller	The Border Chronicle	Newsletter - Substack	https://theborderchronicle.substack.com	rolltodd.bsky.social	0	LIKELY	It's the self-important fool that keeps the writer going.
Tom Lobianco	24 Sight News	Newsletter - Substack	https://www.linkedin.com/in/tomlobianco	24sight.news	0	LIKELY	"Editor, co-founder www.24sight.news covering 2nd Trump term and more
Mike Pence biographer: http://a"
Tom Martin	LawDroid	Newsletter - Substack	https://lawdroid.substack.com	lawdroid.bsky.social	0	YES	
Tom Nicholas	Tom Nicholas	Video - YouTube	https://www.youtube.com/@Tom_Nicholas	tomnicholas.bsky.social	0	LIKELY	"Writer and filmmaker working on politics, history and economics.

My debut feature-length documentar"
Tommy Tomlinson	The Writing Shed	Newsletter - Substack	https://tommytomlinson.substack.com	tommytomlinson.bsky.social	0	YES	Author of DOGLAND (on the Westminster Dog Show) and THE ELEPHANT IN THE ROOM (memoir on obesity in A
Tony Chen	Setups AI	Video - Instagram	https://www.instagram.com/setupsai	lc465.bsky.social	0	LIKELY	Cornell #1 by 2050!! 🐻🎉
Tony P.	Tony P in DC	Video - Instagram	https://www.instagram.com/_tonypindc	lifeonbooks.bsky.social	0	LIKELY	"📚Book Reviews and recommendations
🌎Reading all genres + lots of Literature and History
Join our book"
Tory Lysik	Recovered Factory	Newsletter - Other	https://recoveredfactory.net/en	tlysik.bsky.social	0	LIKELY	Data+ graphic + investigative journalist | Formerly- Axios, Vox, Poynter, & others | NYC based but m
Trevor May	iamtrevormay	Video - Twitch	https://www.twitch.tv/iamtrevormay	iamtrevormay.bsky.social	0	YES	"I used to be in The Show, now I talk about it.

linktr.ee/trevormayiam

🎥 youtube.com/trevormaybaseb"
Tristan Ahtone		Journalism		tahtone.bsky.social	1185	YES	Confirmed from brief
Tristen	Nomz All Day	Video - Instagram	https://www.instagram.com/nomzallday	tristenocean.bsky.social	0	LIKELY	"big nerd; please indulge my scifi obsessions 🏳️‍🌈
in DC now
take me outdoors
@tristenocean on tw*ter"
Ty Burr	Ty Burr's Watch List	Newsletter - Ghost	https://www.tyburrswatchlist.com	tyburr.bsky.social	0	YES	Writer/film critic at tyburrswatchlist.com, WaPo. Ex-Boston Globe, EW. Pulitzer Finalist, 2017. Book
Tyler Dunne	Go Long	Newsletter - Substack	https://golongtd.com	tydunne.bsky.social	0	YES	"Founder of Go Long at GoLongTD.com & Substack. 

Longform NFL coverage."
Tyler Gardner	socialcapofficial	Video - Instagram	https://www.instagram.com/socialcapofficial	gardnering.bsky.social	0	LIKELY	"The Cleveland 🎮 PR guy at @sandboxstrat.com
he/him"
Vanessa Armstrong	Tube Talk Media	Newsletter - Beehiiv	https://tubetalk.media	vanessa-armstrong.com	0	YES	"Tube Talk creator! Weird history, oddball entertainment, mindbending books. Join us! 

🤔 tubetalk.me"
Victoria Elena Valenzuela	With My Heart	Newsletter - Substack	https://victoriaevalenzuela.substack.com	vevalenz.bsky.social	0	LIKELY	"Just trying to help good people expose shitty systems!

Independent journalist based in LA! I cover "
Victoria M. Walker	Carrying On	Newsletter - Substack	https://victoriamwalker.substack.com	vikkie.bsky.social	0	LIKELY	Travel reporter. Human. Brooklyn. 
Vince Beiser	Power Metal	Newsletter - Substack	https://powermetal.substack.com	vincebeiser.bsky.social	0	YES	"Journalist, author of ""Power Metal: The Race for the Resources That Will Shape the Future."" Follow m"
Virginia Sole-Smith	Burnt Toast	Newsletter - Substack	https://virginiasolesmith.substack.com	virginiasolesmith.bsky.social	0	YES	Burnt Toast newsletter + Burnt Toast podcast + FAT TALK. Plant lady. Pasta enthusiast.
Vlad Vexler	Vlad Vexler	Video - YouTube	https://www.youtube.com/vladvexler	vladvexler.bsky.social	0	YES	Philosopher - ethics, politics, music | Slowly writing a book on Isaiah Berlin | Born in USSR, home 
Wajahat Ali	Wajahat Ali	Social - Twitter / X	https://x.com/WajahatAli	wajali.bsky.social	0	LIKELY	"Writer. Tired Dad. Minivan Driver.

Editor of The Left Hook Substack (https://thelefthook.substack.c"
Walter Hickey	Numlock News	Newsletter - Substack	https://www.numlock.com	walthickey.bsky.social	0	YES	Executive Editor @sherwood.news, book whatyou.watch, writer numlock.com. Previously FiveThirtyEight 
Washingtonian Problems	Washingtonian Problems	Video - Instagram	https://www.instagram.com/washingtonianprobs	washprobs.bsky.social	0	LIKELY	"Memes, News, & Community
📧: info@washprobs.com"
Wendell Potter	HEALTH CARE un-covered	Newsletter - Substack	https://wendellpotter.substack.com	wendellpotter.bsky.social	0	YES	
Whats The Word	Whats The Word	Video - TikTok	https://www.tiktok.com/@whatsthewordtv	whatsthewordtv.bsky.social	0	LIKELY	"Hip-Hop News, Community, Culture, and Convos
🚫No Shade.🚫No Tea.🚫No Beef.
Live Every Wed @ 1PM CST on"
Whitney Bauck	Unwrinkling	Newsletter - Substack	https://whitneybauck.substack.com	whitneybauck.bsky.social	0	YES	"Award-winning freelance journalist reporting @ the Guardian and more
Particularly interested in solu"
William Spaniel	William Spaniel	Video - YouTube	https://www.youtube.com/@Gametheory101	gametheory101.bsky.social	0	YES	"PhD and professor. War, economics, math, YouTube. Lines on Maps.

http://youtube.com/gametheory101"
Yashar Ali	The Reset	Social - Twitter / X	https://x.com/yashar	yasharali.bsky.social	0	LIKELY	"Elephant Lover 
Yashar.substack.com
Twitter: @yashar 
IG/Threads @yasharali"
Yeganeh Torbati	Yeganeh Torbati	Newsletter - Substack	https://yeganehtorbati.substack.com	yjtorbati.bsky.social	0	LIKELY	Reporter at The Washington Post; co-author of forthcoming book on Iran for Doubleday
Yonah Freemark	The Transport Politic	Website	https://www.thetransportpolitic.com	yonahfreemark.com	0	YES	Transport / Housing / Land Use / Politics / @urbaninstitute.bsky.social / Le progrès ne vaut que s’i
Yoni Greenbaum	Backstory & Strategy	Newsletter - Substack	https://www.backstoryandstrategy.com	yonigre.bsky.social	0	YES	"Media exec & VP, Product Strategy @ American Press Institute
Building tools for trust & sustainable "
Yowei Shaw	Proxy	Podcast	https://www.proxypodcast.com	yoweishaw.bsky.social	0	YES	Emotional investigative journalist™️ at proxypodcast.com || Formerly NPR's Invisibilia || yoweishaw.
Yulia Denisyuk	Going Places Media	Newsletter - Ghost	https://www.goingplacesmedia.com	yuliadenisyuk.bsky.social	0	YES	"None of us are free until. Photographer | Writer | Storyteller | Human |

Chuvash roots, global ♡ Bu"
Zeke Hausfather	The Climate Brink	Newsletter - Substack	https://www.theclimatebrink.com	hausfath.bsky.social	0	YES	"""A tireless chronicler and commentator on all things climate"" -NYTimes. 

Climate research lead @str"
Zerlina Maxwell	The Inner Work Dispatch	Newsletter - Substack	https://zerlinamaxwell.substack.com	zerlinamaxwell.bsky.social	0	YES	"@siriusxm Radio Host: Mornings with Zerlina.
Channel 127 Weekdays 7-9am ET

Subscribe - https://zerl"
Zoë Hannah	Mothership	Newsletter - Ghost	https://www.mothership.blog	zoehhannah.com	0	YES	"@mothership.blog co-founder and managing editor ✨
formerly games editor at polygon, deputy editor at"
王志安	Wang Zhian	Video - YouTube	https://www.youtube.com/@wangzhian	wang-zhian.bsky.social	0	LIKELY	
