Creator Name,slug,Creator Channel,Link Primary,Platform Primary,Platform 2 Name,Platform 2 Link,Platform 3 Name,Platform 3 Link,Platform 4 Name,Platform 4 Link,Topic/Category,Geography,Groups,Geo City,Geo State,Geo Country,Geo Region,Partner Lists
A.B. Burns-Tucker,ab-burns-tucker,I am legally hype,https://www.instagram.com/iamlegallyhype,Video - Instagram,Video - TikTok,https://www.tiktok.com/@iamlegallyhype,,,,,"Law/Legal Issues, Politics","Los Angeles, CA",Power & Politics,Los Angeles,CA,US,West,
A.C. Valdez,ac-valdez,A.C. Valdez,https://acvaldez.com,Website,,,,,,,General News,"Washington, DC",General News,Washington,DC,US,Mid-Atlantic,
A.J. Katz,aj-katz,Anchor,https://substack.com/@anchortvnews,Newsletter - Substack,,,,,,,Media/Power,"New York, NY",Culture & Media,New York,NY,US,Northeast,
Aaron Carroll,aaron-carroll,Healthcare Triage,https://www.youtube.com/@healthcaretriage,Video - YouTube,,,,,,,"Health/Wellness, Science",Indiana - US,Science Health & Environment,,IN,US,Midwest,
Aaron Gleeman,aaron-gleeman,AaronGleeman.com -- Minnesota Twins coverage,https://www.aarongleeman.com/,Newsletter - Ghost,,,,,,,Media/Power,"Minneapolis, MN",Culture & Media,Minneapolis,MN,US,Midwest,
Aaron Good,aaron-good,American Exception,https://americanexception.com/podcast,Podcast,Patreon,,,,,,"National Security, Politics",Pennsylvania - US,Power & Politics,,PA,US,Northeast,
Aaron Parnas,aaron-parnas,Aaron Parnas,https://www.tiktok.com/@aaronparnas1,Video - TikTok,Newsletter - Substack,https://aaronparnas.substack.com/,,,,,Politics,"Washington, DC",Power & Politics,Washington,DC,US,Mid-Atlantic,
Aaron Rupar,aaron-rupar,Public Notice,https://www.publicnotice.co,Newsletter - Substack,Social - Twitter / X,https://x.com/atrupar,Social - BlueSky,https://bsky.app/profile/atrupar.com,,,Politics,"Washington, DC",Power & Politics,Washington,DC,US,Mid-Atlantic,
Aarron Walter,aarron-walter,Design Better,https://designbetterpodcast.com,Podcast,Newsletter - Substack,,,,,,Design,"Athens, GA",Culture & Media,Athens,GA,US,South,
Abbie Halberstadt,abbie-halberstadt,,https://misformama.net,Website,Social - Instagram,https://www.instagram.com/m.is.for.mama/,Podcast,https://podcasts.apple.com/us/podcast/m-is-for-mama-podcast/id1664528555,Social - Facebook,,Parenting,,Lifestyle & Personal Life,,,,,
Abbie Richards,abbie-richards,Tofology,https://www.tiktok.com/@tofology,Video - TikTok,,,,,,,Investigative,National - US,Journalism Formats,,,US,National,
Abby Alten Schwartz,abby-alten-schwartz,Abby Alten Schwartz,https://abbyaltenschwartz.substack.com/,Newsletter - Substack,,,,,,,"Health/Wellness, Culture","Philadelphia, PA","Science Health & Environment, Culture & Media",Philadelphia,PA,US,Northeast,Institute_for_Independent_Journalists
Abby Martin,abby-martin,Empire Files,https://www.youtube.com/@empirefiles,Video - YouTube,Social - Twitter / X,https://x.com/AbbyMartin,,,,,"Investigative, Politics, World",National - US,"Power & Politics, General News, Journalism Formats",,,US,National,
Abigail Koffler,abigail-koffler,This Needs Hot Sauce,https://thisneedshotsauce.substack.com/,Newsletter - Substack,,,,,,,Culture,"Brooklyn, NY",Culture & Media,Brooklyn,NY,US,Northeast,
Abigail Wilson Geiger,abigail-wilson-geiger,Abigail Wilson Geiger,https://abigailgeiger.com,Website,Video - Noosphere,https://www.noosphere.app/author/abigail/,,,,,"Investigative, Data Visualization, Photography",National - US,Power & Politics,,,US,National,
Abiola Agoro,abiola-agoro,,https://www.instagram.com/ahbeeolah,Social - Instagram,,,,,,,Identity/Belonging,Texas - US,Social Issues,,TX,US,South,
Ac2ality,ac2ality,Ac2ality,https://www.tiktok.com/@ac2ality,Video - TikTok,Social - Instagram,https://www.instagram.com/ac2ality,Video - YouTube,https://www.youtube.com/@ac2ality,,,"General News, Explanatory",Spain,"General News, Journalism Formats",,,ES,International,
Ada,ada,Ada,https://www.instagram.com/travelsbyada/,Social - Instagram,Video - TikTok,https://www.tiktok.com/@travelsbyada,Video - YouTube,https://www.youtube.com/@travelsbyada,,,Travel,"Washington, DC",Lifestyle & Personal Life,Washington,DC,US,Mid-Atlantic,
Ada Tseng,ada-tseng,Ada Tseng,https://adatseng.com,Website,,,,,,,"Identity/Belonging, Culture, Food","Los Angeles, CA","Social Issues, Culture & Media, Lifestyle & Personal Life",Los Angeles,CA,US,West,
Adam Bienkov,adam-bienkov,Folded,https://adambienkov.substack.com,Newsletter - Substack,,,,,,,Politics,"London, UK",Power & Politics,London,,UK,International,
Adam Cole,adam-cole,Howtown,https://www.youtube.com/@Howtown,Video - YouTube,,,,,,,Explanatory,National - US,Journalism Formats,,,US,National,
Adam Johnson,adam-johnson,Citations Needed,https://podcasts.apple.com/us/podcast/citations-needed/id1258545975,Podcast,,,,,,,"Media/Power, Politics",National - US,"Power & Politics, Culture & Media",,,US,National,
Adam Klasfeld,adam-klasfeld,All Rise News,https://allrisenews.com,Newsletter - Substack,Social - BlueSky,https://bsky.app/profile/klasfeldreports.com,,,,,Law/Legal Issues,"New York, NY",Power & Politics,New York,NY,US,Northeast,
Adam Kucharski,adam-kucharski,Understanding the Unseen,https://kucharski.substack.com,Newsletter - Substack,Social - BlueSky,https://bsky.app/profile/adamjkucharski.bsky.social,,,,,"Health/Wellness, Science",United Kingdom,Science Health & Environment,,,GB,International,
Adam Mastroianni,adam-mastroianni,Experimental History,https://www.experimental-history.com,Newsletter - Substack,,,,,,,Science,Ohio - US,Science Health & Environment,,OH,US,Midwest,
Adam Mockler,adam-mockler,Adam Mockler,https://www.youtube.com/@adammockler,Video - YouTube,Social - BlueSky,https://bsky.app/profile/adammockler.com,,,,,Politics,"Chicago, IL",Power & Politics,Chicago,IL,US,Midwest,
Adam Roberts,adam-roberts,Amateur Gourmet,https://amateurgourmet.substack.com/,Newsletter - Substack,,,,,,,Food,"New York, NY",Lifestyle & Personal Life,New York,NY,US,Northeast,
Adam Schrader,adam-schrader,Urgent Matter,https://www.urgentmatter.press,Newsletter - Ghost,,,,,,,"Art, Culture, Museums","New York, NY",Culture & Media,New York,NY,US,Northeast,
Adam Tinworth,adam-tinworth,Coffee and Complexity,https://coffeeandcomplexity.com,Newsletter - Substack,,,,,,,"Media/Power, Tech","London, UK","Money & Work, Culture & Media",London,,UK,International,
Adam Tooze,adam-tooze,Chartbook,https://adamtooze.substack.com,Newsletter - Substack,Social - Twitter / X,https://x.com/adam_tooze,Social - BlueSky,https://bsky.app/profile/adamtooze.bsky.social,,,"Finance/Economics, World, Politics","New York, NY","Power & Politics, Money & Work, General News",New York,NY,US,Northeast,
Addison Del Mastro,addison-del-mastro,The Deleted Scenes,https://substack.com/@thedeletedscenes,Newsletter - Substack,Social - BlueSky,https://bsky.app/profile/ad-mastro.bsky.social,,,,,"Housing, Design",Virginia - US,"Civic Life, Culture & Media",,VA,US,South,
Addy Osmani,addy-osmani,Elevate,https://addyo.substack.com/,Newsletter - Substack,,,,,,,Tech,,Money & Work,,,,,
Adedayo Fashanu,adedayo-fashanu,TANTV,https://www.tantvnews.com,Website,Video - Instagram,https://www.instagram.com/tantvnews,Social - Twitter / X,https://x.com/tantvstudios,,,Travel,"Honolulu, HI",Lifestyle & Personal Life,Honolulu,HI,US,West,
Adeola Fayehun,adeola-fayehun,Keeping It Real with Adeola,https://www.youtube.com/@adeolafayehun,Video - YouTube,Social - Facebook,https://www.facebook.com/AdeolaFayehun,,,,,World,National - US,General News,,,US,National,
Adriana Goblirsch,adriana-goblirsch,Adriana Goblirsch,https://www.instagram.com/adriana.goblirsch,Video - Instagram,,,,,,,"Health/Wellness, Parenting, Activism",Minnesota - US,"Social Issues, Science Health & Environment, Lifestyle & Personal Life",,MN,US,Midwest,
Adrienne Gunn,adrienne-gunn,,https://adriennegunn.substack.com,Newsletter - Substack,Website,https://adriennegunn.com,,,,,Entertainment/Hollywood,,Culture & Media,,,,,
Adrienne Keene,adrienne-keene,All My Relations Podcast,https://www.allmyrelationspodcast.com,Podcast,Social - BlueSky,https://bsky.app/profile/nativeapprops.bsky.social,,,,,"Culture, Identity/Belonging","Seattle, WA","Social Issues, Culture & Media",Seattle,WA,US,West,
Adrienne Samuels-Gibbs,adrienne-samuels-gibbs,Adrienne Samuels-Gibbs,https://www.linkedin.com/in/adriennesamuelsgibbs,Social - LinkedIn,,,,,,,"Culture, Entertainment/Hollywood, Identity/Belonging","Chicago, IL","Social Issues, Culture & Media",Chicago,IL,US,Midwest,
Aella,aella,Knowingless,https://knowingless.com,Website,Social - Twitter / X,https://x.com/aella_girl,,,,,"Gender, Dating/Romance","San Francisco, CA","Social Issues, Lifestyle & Personal Life",San Francisco,CA,US,West,
Afeef Nessouli,afeef-nessouli,Afeef,https://www.instagram.com/afeefness,Video - Instagram,,,,,,,"World, Foreign Policy",Lebanon,"Power & Politics, General News",,,LB,International,
Afra Wang,afra-wang,Concurrent,https://afraw.substack.com/,Newsletter - Substack,,,,,,,Culture,,Culture & Media,,,,,
Ahmer Khan,ahmer-khan,Ahmer Khan,https://www.noosphere.app/author/ahmerkhan/,Video - Noosphere,Social - Instagram,https://www.instagram.com/ahmermkhan/,,,,,"Foreign Policy, Human Rights, Immigration",India,"Power & Politics, Social Issues",,,IN,International,
Aidan Hall,aidan-hall,Aidan Hall,https://www.youtube.com/@aidan_hall,Video - YouTube,,,Video - Instagram,https://www.instagram.com/aidanhallll,,,Explanatory,"Los Angeles, CA",Journalism Formats,Los Angeles,CA,US,West,
Aidan Walker,aidan-walker,,https://howtodothingswithmemes.substack.com,Newsletter - Substack,,,,,,,Internet Culture,,Culture & Media,,,,,
Aiden McCaig,aiden-mccaig,Lemonade Stand,https://www.youtube.com/@LemonadeStandPodcast,Video - YouTube,Podcast,https://podcasts.apple.com/ie/podcast/lemonade-stand/id1799868726,,,,,Business,National - US,Money & Work,,,US,National,
Aja Romano,aja-romano,Fansplaining,https://fansplaining.com,Website,Patreon,https://www.patreon.com/fansplaining,,,,,"Culture, Internet Culture",National - US,Culture & Media,,,US,National,
Akhil Reed Amar,akhil-reed-amar,Amarica's Constitution,https://akhilamar.com/podcast-2/,Podcast,Social - BlueSky,https://bsky.app/profile/akhilreedamar.bsky.social,,,,,Law/Legal Issues,"New Haven, CT",Power & Politics,New Haven,CT,US,Northeast,
Alan Sepinwall,alan-sepinwall,What's Alan Watching? -- TV criticism newsletter,https://www.whatsalanwatching.com/,Newsletter - Ghost,,,,,,,Entertainment/Hollywood,"Scotch Plains, NJ",Culture & Media,Scotch Plains,NJ,US,Northeast,
Alandya Warren,alandya-warren,Alandya Warren,https://www.tiktok.com/@ebonyarchival,Video - TikTok,,,,,,,History,North Carolina - US,Culture & Media,,NC,US,South,
Alastair Campbell,alastair-campbell,Rest Is Politics,https://www.youtube.com/@restispolitics,Video - YouTube,Social - BlueSky,https://bsky.app/profile/alastaircampbell2.bsky.social,,,,,"Politics, World",United Kingdom,"Power & Politics, General News",,,GB,International,
Albert Ting,albert-ting,pootie_ting,https://www.instagram.com/pootie_ting,Video - Instagram,,,,,,,Things to Do,"Washington, DC",Lifestyle & Personal Life,Washington,DC,US,Mid-Atlantic,
Alberto Cairo,alberto-cairo,Open Visualization Academy,https://openvisualizationacademy.beehiiv.com,Website,Social - BlueSky,https://bsky.app/profile/albertocairo.com,,,,,Data Visualization,"Miami, FL",Journalism Formats,Miami,FL,US,South,
Alberto Ucles and Tom Noll,artsy-fashion-peacocks,Artsy Fashion Peacocks,https://www.instagram.com/artsyfashionpeacocks/,Social - Instagram,,,,,,,Fashion,"Washington, DC",Lifestyle & Personal Life,Washington,DC,US,Mid-Atlantic,
Aleah & Seth,aleah-seth,Aleah & Seth,https://www.instagram.com/happilyeverexploring/,Social - Instagram,Video - TikTok,https://www.tiktok.com/@happilyeverexploring,Video - YouTube,https://www.youtube.com/@happilyeverexploring,,,Travel,"Washington, DC",Lifestyle & Personal Life,Washington,DC,US,Mid-Atlantic,
Alec Karakatsanis,alec-karakatsanis,Copaganda Newsletter,https://equalityalec.substack.com,Newsletter - Substack,Social - BlueSky,https://bsky.app/profile/equalityalec.bsky.social,,,,,Law/Legal Issues,"Washington, DC",Power & Politics,Washington,DC,US,Mid-Atlantic,
Alec Watson,alec-watson,Technology Connections,https://www.youtube.com/@TechnologyConnections,Video - YouTube,,,,,,,"Tech, Science",National - US,"Science Health & Environment, Money & Work",,,US,National,
Alessandra Davin,alessandra-davin,Alessandra Davin,https://www.instagram.com/tastesoftheunion/,Social - Instagram,Video - TikTok,https://www.tiktok.com/@tastesoftheunion,,,,,Restaurants and bars,"Washington, DC",Lifestyle & Personal Life,Washington,DC,US,Mid-Atlantic,
Alessandra Ram,alessandra-ram,Good Luck Media,https://www.goodluckmedia.co,Podcast,Social - BlueSky,https://bsky.app/profile/alessandraram.bsky.social,,,,,"Climate/Environment, Investigative",California - US,"Science Health & Environment, Journalism Formats",,CA,US,West,
Alex Dobrenko,alex-dobrenko,Both Are True,https://botharetrue.substack.com,Newsletter - Substack,Social - BlueSky,https://bsky.app/profile/alexd23.bsky.social,,,,,"Comedy, Parenting","Asheville, NC","Culture & Media, Lifestyle & Personal Life",Asheville,NC,US,South,
Alex Falcone,alex-falcone,Alex Falcone,https://www.instagram.com/alexfalcone,Video - Instagram,,,,,,,"Comedy, Explanatory, Climate/Environment","Los Angeles, CA","Science Health & Environment, Culture & Media, Journalism Formats",Los Angeles,CA,US,West,
Alex Goldman,alex-goldman,Hyperfixed,https://www.hyperfixedpod.com/,Podcast,Social - Twitter / X,https://x.com/agoldmund,Social - BlueSky,https://bsky.app/profile/agoldnerd.bsky.social,,,"Tech, Culture","New York, NY","Money & Work, Culture & Media",New York,NY,US,Northeast,
Alex González Ormerod,alex-gonzlez-ormerod,The Mexico Political Economist,www.mxpe.org,Social - LinkedIn,Social - BlueSky,https://bsky.app/profile/alexgonzor.bsky.social,,,,,"Local, World, Politics, Finance/Economics",Mexico,"Power & Politics, Civic Life, Money & Work, General News",,,MX,International,
Alex H,alex-h,A Map Nerd,https://www.tiktok.com/@map_nerd,Video - TikTok,Video - YouTube,https://www.youtube.com/@MapNerdYT/shorts,,,,,World,"Los Angeles, CA",General News,Los Angeles,CA,US,West,
Alex Heath,alex-heath,Sources ,https://sources.news,Newsletter - Substack,Podcast,https://podcasts.apple.com/us/podcast/access/id1840154537,Social - BlueSky,https://bsky.app/profile/alexeheath.com,,,"Tech, Internet Culture, Finance/Economics","Los Angeles, CA","Money & Work, Culture & Media",Los Angeles,CA,US,West,
Alex Ip,alex-ip,The Xylom,https://thexylom.com,Website,Social - BlueSky,https://bsky.app/profile/alexip718.com,,,,,"Health/Wellness, Climate/Environment","Atlanta, GA",Science Health & Environment,Atlanta,GA,US,South,
Alex Kantrowitz,alex-kantrowitz,Big Technology,https://www.bigtechnology.com,Newsletter - Substack,Podcast,https://www.bigtechnology.com/podcast,Social - BlueSky,https://bsky.app/profile/kantrowitz.bsky.social,,,Tech,"New York, NY",Money & Work,New York,NY,US,Northeast,
Alex Kellerman,alex-kellerman,The F*ckin' News,https://www.instagram.com/the4ckinnews,Video - Instagram,Video - TikTok,https://www.tiktok.com/@the4ckinnews,,,,,"General News, Comedy",North Carolina - US,"General News, Culture & Media",,NC,US,South,
Alex Konrad,alex-konrad,Upstarts Media,https://www.upstartsmedia.com,Newsletter - Substack,Social - LinkedIn,https://www.linkedin.com/in/alexrkonrad,Social - BlueSky,https://bsky.app/profile/alexrkonrad.bsky.social,,,Tech,"New York, NY",Money & Work,New York,NY,US,Northeast,
Alex McColgan,alex-mccolgan,Astrum,https://www.youtube.com/@Astrum,Video - YouTube,,,,,,,Science,International,Science Health & Environment,,,,International,
Alex Schroeder,alex-schroeder,Devour DC,https://www.instagram.com/devourdc,Video - Instagram,,,,,,,Restaurants and bars,"Washington, DC",Lifestyle & Personal Life,Washington,DC,US,Mid-Atlantic,
Alex Steffen,alex-steffen,The Snap Forward,https://alexsteffen.substack.com,Newsletter - Substack,Social - LinkedIn,https://www.linkedin.com/in/alexsteffen/,Social - BlueSky,https://bsky.app/profile/alexsteffen.bsky.social,,,Climate/Environment,"San Francisco, CA",Science Health & Environment,San Francisco,CA,US,West,
Alex Turnbull,alex-turnbull,Syncretica,https://syncretica.substack.com/,Newsletter - Substack,,,,,,,Finance/Economics,Singapore,Money & Work,,,SG,International,
Alexander Avila,alexander-avila,itsall.gay,https://www.youtube.com/@alexander_avila,Video - YouTube,Website,https://itsall.gay,Social - Instagram,https://www.instagram.com/_aretheygay_/,Social - BlueSky,https://bsky.app/profile/alexander-avila.bsky.social,LGBTQIA,"New York, NY",Social Issues,New York,NY,US,Northeast,
Alexander C. Kaufman,alexander-c-kaufman,FIELD NOTES,https://kaufman.substack.com,Newsletter - Substack,Social - BlueSky,https://bsky.app/profile/alexckaufman.bsky.social,,,,,"Climate/Environment, Energy","New York, NY",Science Health & Environment,New York,NY,US,Northeast,
Alexander Russo,alexander-russo,The Grade ,https://alexanderrusso.substack.com,Newsletter - Substack,Social - Twitter / X,https://x.com/alexanderrusso,Social - BlueSky,https://bsky.app/profile/alexanderrusso.bsky.social,,,"Education, Local, Media/Power","New York, NY","Civic Life, Culture & Media",New York,NY,US,Northeast,
Alexander Vindman,alexander-vindman,Why It Matters,https://www.avindman.com,Newsletter - Substack,,,,,,,"Politics, National Security","Washington, DC",Power & Politics,Washington,DC,US,Mid-Atlantic,
Alexandra Fasulo,alexandra-fasulo,House Of Green,https://houseofgreen.substack.com,Newsletter - Substack,,,,,,,Climate/Environment,New York - US,Science Health & Environment,,NY,US,Northeast,
Alexandra Stewart,alexandra-stewart,Sassy Confetti,https://www.tiktok.com/@.sassyconfetti,Video - TikTok,,,,,,,"Things to Do, Restaurants and bars, Lifestyle, Food, Local","Chicago, IL","Civic Life, Lifestyle & Personal Life",Chicago,IL,US,Midwest,
Alexios Mantzarlis,alexios-mantzarlis,Indicator,https://indicator.media,Newsletter - Beehiiv,,,,,,,Tech,"New York, NY",Money & Work,New York,NY,US,Northeast,
Alexis Benveniste,alexis-benveniste,Extra Credit,https://getextracredit.substack.com,Newsletter - Substack,,,,,,,Food,"Brooklyn, NY",Lifestyle & Personal Life,Brooklyn,NY,US,Northeast,
Alexis Buchanan Thomas,alexis-buchanan-thomas,Black Girls Do Politics,https://blackgirlsdopolitics.org,Website,,,,,,,"Politics, Identity/Belonging, Gender","Atlanta, GA","Power & Politics, Social Issues",Atlanta,GA,US,South,
Ali Slagle,ali-slagle,40 Ingredients Forever,https://alislagle.substack.com,Newsletter - Substack,Video - Instagram,https://www.instagram.com/itsalislagle/,,,,,"Recipes, Food",National - US,Lifestyle & Personal Life,,,US,National,
Ali Van Fleet,ali-van-fleet,Ali Van Fleet,https://www.tiktok.com/@alivanfleet,Video - TikTok,,,,,,,"Explanatory, Climate/Environment, Weather",National - US,"Civic Life, Science Health & Environment, Journalism Formats",,,US,National,
Alice Cappelle,alice-cappelle,Alice Cappelle,https://www.youtube.com/@alicecappelle,Video - YouTube,,,,,,,Labor/Workers Rights,France,Money & Work,,,FR,International,
Alice Feiring,alice-feiring,The Feiring Line,https://thefeiringline.com,Newsletter - Substack,,,,,,,Food,"New York, NY",Lifestyle & Personal Life,New York,NY,US,Northeast,
Alicia & Chanel,alicia-chanel,Alicia & Chanel,https://www.instagram.com/vibesandines/,Social - Instagram,Video - TikTok,https://www.tiktok.com/@vibesandines,,,,,Restaurants and bars,"Washington, DC",Lifestyle & Personal Life,Washington,DC,US,Mid-Atlantic,
Alicia Adamczyk,alicia-adamczyk,,https://www.thepurse.co/author/alicia-adamczyk/,Newsletter - Ghost,Newsletter - Substack,https://moneymoves.substack.com,,,,,Personal Finance,"New York, NY",Money & Work,New York,NY,US,Northeast,
Alicia Kennedy,alicia-kennedy,From the Desk of Alicia Kennedy,https://www.aliciakennedy.news,Newsletter - Substack,Social - BlueSky,https://bsky.app/profile/aliciadkennedy.bsky.social,,,,,Culture,Puerto Rico - US,Culture & Media,,PR,US,,
Alie Ward,alie-ward,Ologies,https://www.alieward.com/ologies,Podcast,Social - Instagram,https://www.instagram.com/alieward,,,,,Science,"Los Angeles, CA",Science Health & Environment,Los Angeles,CA,US,West,
Alina Zubanova,alina-zubanova,Alina Zubanova,https://www.instagram.com/alinazbv/,Social - Instagram,Video - TikTok,https://www.tiktok.com/@alinazbv,,,,,Travel,"Washington, DC",Lifestyle & Personal Life,Washington,DC,US,Mid-Atlantic,
Alisa Tang,alisa-tang,Alisa Daily Dose,https://alisadailydose.beehiiv.com,Newsletter - Beehiiv,,,,,,,Local,"Washington, DC",Civic Life,Washington,DC,US,Mid-Atlantic,
Alisha Miranda,alisha-miranda,Alisha in the Biz,https://www.alishainthe.biz/,Website,,,,,,,"Restaurants and bars, Food, Culture, Local","Philadelphia, PA","Civic Life, Culture & Media, Lifestyle & Personal Life",Philadelphia,PA,US,Northeast,
Alison Roman,alison-roman,a newsletter ,https://alisoneroman.substack.com,Newsletter - Substack,Video - YouTube,https://www.youtube.com/channel/UCP2dODeygZWBJe2xoby-XzQ,,,,,"Food, Day in a Life","New York, NY","Journalism Formats, Lifestyle & Personal Life",New York,NY,US,Northeast,
Alissa A,alissa-a,Alissa A,https://www.instagram.com/viewsbrewsandfoods/,Social - Instagram,Video - TikTok,https://www.tiktok.com/@viewsbrewsandfoods,,,,,Restaurants and bars,"Washington, DC",Lifestyle & Personal Life,Washington,DC,US,Mid-Atlantic,
Alissa Walker,alissa-walker,Torched LA,https://www.torched.la,Newsletter - Ghost,Social - BlueSky,https://bsky.app/profile/awalkerinla.bsky.social,,,,,Local,"Los Angeles, CA",Civic Life,Los Angeles,CA,US,West,
Alix Bryant,alix-bryant,The Mah Jongg Insider,https://mahjong.beehiiv.com/,Newsletter - Beehiiv,,,,,,,Culture,"Salt Lake City, UT",Culture & Media,Salt Lake City,UT,US,West,
Aliza Pressman,aliza-pressman,,https://dralizapressman.substack.com,Newsletter - Substack,,,,,,,Parenting,"New York, NY",Lifestyle & Personal Life,New York,NY,US,Northeast,
Allie Jones,allie-jones,Gossip Time,https://www.gossiptime.news,Newsletter - Substack,,,,,,,"Culture, Entertainment/Hollywood","New York, NY",Culture & Media,New York,NY,US,Northeast,
Allie Marshall,allie-marshall,Allie Marshall,https://www.tiktok.com/@alliegoneaway,Social - TikTok,Social - Instagram,https://www.instagram.com/alliegoneaway/,Video - YouTube,https://www.youtube.com/@alliegoneaway,,,Things to Do,"Washington, DC",Lifestyle & Personal Life,Washington,DC,US,Mid-Atlantic,
Allthingslabor,allthingslabor,"Alex -- labor organizer/creator covering union campaigns, worker power",https://www.tiktok.com/@allthingslabor,Video - TikTok,,,,,,,Labor/Workers Rights,,Money & Work,,,,,
Alon Levy,alon-levy,Pedestrian Observations,https://pedestrianobservations.com,Newsletter - Substack,Website,https://pedestrianobservations.com,,,,,Transportation,"New York, NY",Civic Life,New York,NY,US,Northeast,
Aly Walansky,aly-walansky,Aly Walansky,https://www.instagram.com/alywalansky,Video - Instagram,,,,,,,"Food, Travel, Recipes","New York, NY",Lifestyle & Personal Life,New York,NY,US,Northeast,
Alyssa Faigen,alyssa-faigen,ATL_Bucketlist,https://www.instagram.com/atl_bucketlist,Video - Instagram,,,,,,,Things to Do,"Atlanta, GA",Lifestyle & Personal Life,Atlanta,GA,US,South,
Alyssa Rosenberg,alyssa-rosenberg,Across the Movie Aisle,https://movieaisle.substack.com,Newsletter - Substack,,,,,,,Film/Movies,"Washington, DC",Culture & Media,Washington,DC,US,Mid-Atlantic,
Amanda Informed,amanda-informed,Amanda Informed,https://www.tiktok.com/@amandainformed,Video - TikTok,Video - Instagram,https://www.instagram.com/amandainformed/,,,,,"Politics, Comedy",National - US,"Power & Politics, Culture & Media",,,US,National,
Amanda Montei,amanda-montei,Mad Woman,https://amandamontei.substack.com,Newsletter - Substack,Video - Instagram,https://www.instagram.com/amontei/,,,,,"Gender, Internet Culture, Parenting",California - US,"Social Issues, Culture & Media, Lifestyle & Personal Life",,CA,US,West,
Amanda Royal,amanda-royal,Earth Hope,https://earthhope.substack.com,Newsletter - Substack,,,,,,,"Climate/Environment, Positive News","San Francisco, CA","Science Health & Environment, General News",San Francisco,CA,US,West,
Amanda Shendruk,amanda-shendruk,Not-Ship,https://www.not-ship.com,Newsletter - Ghost,Social - BlueSky,https://bsky.app/profile/ashendruk.com,,,,,"Explanatory, Data, Data Visualization, Visual Journalism",United Kingdom,Journalism Formats,,,GB,International,
Amar D. Peterman,amar-peterman,,https://amardpeterman.substack.com,Newsletter - Substack,Website,https://www.amarpeterman.com,Social - Instagram,https://www.instagram.com/amarpeterman/,,,Faith/Religion,,Social Issues,,,,,
Amber Campbell,amber-campbell,Amber Campbell,https://theambercampbell.com,Website,,,,,,,"Local, Lifestyle","Seattle, WA","Civic Life, Lifestyle & Personal Life",Seattle,WA,US,West,Institute_for_Independent_Journalists
Amber Ferguson,amber-ferguson,Girl with Drive,https://www.tiktok.com/@girlwithdrive,Video - TikTok,,,,,,,Internet Culture,"Washington, DC",Culture & Media,Washington,DC,US,Mid-Atlantic,
Amber McDaniel,amber-mcdaniel,Sustainable Jungle,https://www.sustainablejungle.com,Website,Newsletter - Substack,https://sustainablejungle.substack.com/,Podcast,https://sustainablejungle.podbean.com/,,,Climate/Environment,New Zealand,Science Health & Environment,,,NZ,International,
Amber Sherman,amber-sherman,The Law According to Amber,https://www.instagram.com/aisforafro,Video - Instagram,Video - TikTok,https://www.tiktok.com/@aisforafro,,,,,"Identity/Belonging, Government Accountability, Explanatory","Memphis, TN","Power & Politics, Social Issues, Journalism Formats",Memphis,TN,US,South,
Ambreen Ali,ambreen-ali,Central Desi,https://centraldesi.beehiiv.com,Newsletter - Beehiiv,,,,,,,"Local, Culture",New Jersey - US,"Civic Life, Culture & Media",,NJ,US,Northeast,
Ameer Al-Khatahtbeh,ameer-al-khatahtbeh,Muslim,https://muslim.co,Website,,,,,,,Identity/Belonging,"New York, NY",Social Issues,New York,NY,US,Northeast,
Amelia,amelia,Emberwing,https://www.picketywitch.com,Newsletter - Substack,Social - BlueSky,https://bsky.app/profile/thatwitchmia.bsky.social,,,,,"Entertainment/Hollywood, Film/Movies","Los Angeles, CA",Culture & Media,Los Angeles,CA,US,West,
Amelia Dimoldenberg,amelia-dimoldenberg,Chicken Shop Date,https://www.youtube.com/@AmeliaDimoldenberg,Video - YouTube,,,,,,,"Entertainment/Hollywood, Culture","London, England",Culture & Media,London,England,,,
Amelia Hemphill,amelia-hemphill,Amelia Hemphill,https://www.noosphere.app/author/amelia/,Video - Noosphere,Podcast,https://www.ameliamartyn-hemphill.com,,,,,"Tech, Science, Climate/Environment, Solutions Journalism",United Kingdom,"Science Health & Environment, Money & Work, Journalism Formats",,,GB,International,
Amil Khan,amil-khan,Unfit Critic,https://unfitcritic.substack.com,Newsletter - Substack,,,,,,,Media/Power,"London, UK",Culture & Media,London,,UK,International,
Amin Tomalieh,amin-tomalieh,Chicago Food Guide,https://www.tiktok.com/@chicagofoodguide,Video - TikTok,,,,,,,"Things to Do, Restaurants and bars, Recipes, Food, Local","Chicago, IL","Civic Life, Lifestyle & Personal Life",Chicago,IL,US,Midwest,
Amina Dehbi,amina-dehbi,Amina Dehbi,https://www.instagram.com/amina.dehbi/,Social - Instagram,,,,,,,"Business, Finance/Economics","Dubai, UAE",Money & Work,Dubai,UAE,,,
Amos Murphy,amos-murphy,,https://www.tiktok.com/@amosmurphy_,Video - TikTok,,,,,,,Sports,"Manchester, UK",Lifestyle & Personal Life,Manchester,,UK,International,
Amy Boyle,amy-boyle,Speaking of Phenomenal,https://amyboyle.substack.com/podcast,Newsletter - Substack,Video - Instagram,https://www.instagram.com/speakingofphenomenal/,,,,,Gender,"Chicago, IL",Social Issues,Chicago,IL,US,Midwest,
Amy Bracken,amy-bracken,Amy Bracken,http://amybracken.org,Website,,,,,,,"Immigration, Human Rights","Boston, MA",Social Issues,Boston,MA,US,Northeast,Institute_for_Independent_Journalists
Amy Bushatz,amy-bushatz,"Mat-Su Sentinel -- nonprofit local newsroom, founder/editor",https://www.matsusentinel.com,Website,,,,,,,Local,"Palmer, AK",Civic Life,Palmer,AK,US,West,
Amy H. Peterson,amy-h-peterson,The E'ville Good,https://theevillegood.beehiiv.com/,Newsletter - Beehiiv,,,,,,,Local,"Estherville, IA",Civic Life,Estherville,IA,US,Midwest,
Amy Odell,amy-odell,Back Row,https://backrow.net,Newsletter - Beehiiv,,,,,,,Fashion,"New York, NY",Lifestyle & Personal Life,New York,NY,US,Northeast,
Amy Rosenfeld,amy-rosenfeld,This Week in Virology,https://www.microbe.tv/twiv,Podcast,,,,,,,Science,National - US,Science Health & Environment,,,US,National,
Amy Westervelt,amy-westervelt,Drilled,https://drilled.media,Newsletter - Ghost,Podcast,https://www.amywestervelt.com/podcasts,Social - LinkedIn,https://www.linkedin.com/in/amywestervelt/,Social - BlueSky,https://bsky.app/profile/amywestervelt.bsky.social,"Climate/Environment, Energy",Costa Rica,Science Health & Environment,,,CR,International,
AmyeC3,amyec3,AmyeC3,https://amyec3.substack.com/,Newsletter - Substack,Video - Twitch,https://www.twitch.tv/amyec3/about,,,,,"Housing, Real Estate","Los Angeles, CA","Civic Life, Money & Work",Los Angeles,CA,US,West,
Analise Sesay,analise-sesay,Good Neighbor,https://goodneighborkingston.substack.com/,Newsletter - Substack,,,,,,,"Art, Culture, Local, Music","Kingston, NY","Civic Life, Culture & Media",Kingston,NY,US,Northeast,
Anand Giridharadas,anand-giridharadas,Anand Giridharadas,https://www.instagram.com/anandwrites,Video - Instagram,Newsletter - Substack,https://the.ink/,,,,,"Culture, Politics","New York, NY","Power & Politics, Culture & Media",New York,NY,US,Northeast,
Anastasiia Markova,anastasiia-markova,anastasiia.dc,https://www.instagram.com/anastasiia.dc,Video - Instagram,,,,,,,"Restaurants and bars, Things to Do","Washington, DC",Lifestyle & Personal Life,Washington,DC,US,Mid-Atlantic,
Anayo Awuzie,anayo-awuzie,Anayo Awuzie,https://carefreemag.com,Website,,,,,,,"Culture, Identity/Belonging","Oakland, CA","Social Issues, Culture & Media",Oakland,CA,US,West,Institute_for_Independent_Journalists
Anders Puck Nielsen,anders-puck-nielsen,Anders Puck Nielsen,https://www.youtube.com/@anderspuck,Video - YouTube,Social - BlueSky,https://bsky.app/profile/anderspucknielsen.dk,,,,,"World, National Security",Denmark,"Power & Politics, General News",,,DK,International,
Andrea Cooper,andrea-cooper,Andrea Cooper,https://www.andreacooper.us,Website,,,,,,,"Social Issues, Travel",North Carolina - US,"Social Issues, Lifestyle & Personal Life",,NC,US,South,Institute_for_Independent_Journalists
Andrea Hernandez,andrea-hernandez,Snaxshot,https://www.snaxshot.com/,Newsletter - Substack,,,,,,,Food,,Lifestyle & Personal Life,,,,,
Andrea Jones-Rooy,andrea-jones-rooy,jonesrooy,https://www.instagram.com/jonesrooy/,Video - Instagram,,,,,,,Politics,National - US,Power & Politics,,,US,National,
Andrea Moccia,andrea-moccia,Geopop,https://www.youtube.com/@GeopOP,Video - YouTube,Video - TikTok,https://www.tiktok.com/@geopop,,,,,Science,Italy,Science Health & Environment,,,IT,International,
Andrea Nguyen,andrea-nguyen,Pass the Fish Sauce,https://andreanguyen.substack.com/,Newsletter - Substack,,,,,,,Recipes,"Santa Cruz, CA",Lifestyle & Personal Life,Santa Cruz,CA,US,West,
Andrea Pitzer,andrea-pitzer,Degenerate Art,https://degenerateart.beehiiv.com,Newsletter - Beehiiv,Podcast,https://andreapitzer.com,,,,,"Investigative, History, Politics",National - US,"Power & Politics, Culture & Media, Journalism Formats",,,US,National,
Andrew Callaghan,andrew-callaghan,Channel 5,https://www.youtube.com/@Channel5YouTube,Video - YouTube,,,,,,,"Media/Power, Internet Culture",National - US,Culture & Media,,,US,National,
Andrew Dessler,andrew-dessler,The Climate Brink,https://www.theclimatebrink.com,Newsletter - Substack,Video - YouTube,,Social - BlueSky,https://bsky.app/profile/andrewdessler.com,,,Climate/Environment,Texas - US,Science Health & Environment,,TX,US,South,
Andrew Donlan,andrew-donlan,Still Gotta Come Through Chicago,https://sgctc.substack.com,Newsletter - Substack,,,,,,,"Sports, Local","Chicago, IL","Civic Life, Lifestyle & Personal Life",Chicago,IL,US,Midwest,
Andrew Free,andrew-free,DetentionKills,https://detentionkills.substack.com,Newsletter - Substack,,,,,,,Immigration,"Atlanta, GA",Social Issues,Atlanta,GA,US,South,
Andrew Gelman,andrew-gelman,Statistical Modeling,https://statmodeling.substack.com,Newsletter - Substack,Social - BlueSky,https://bsky.app/profile/statmodeling.bsky.social,,,,,"Data Visualization, Science","New York, NY","Science Health & Environment, Journalism Formats",New York,NY,US,Northeast,
Andrew Gill,andrew-gill,Rock That Doesn't Roll,https://pod.link/1703257857,Podcast,Social - BlueSky,https://bsky.app/profile/andrewgill.biz,,,,,"History, Music, Faith/Religion, Culture","Chicago, IL","Social Issues, Culture & Media",Chicago,IL,US,Midwest,
Andrew Janjigian,andrew-janjigian,Word Loaf,https://newsletter.wordloaf.org,Newsletter - Ghost,Social - BlueSky,https://bsky.app/profile/wordloaf.org,,,,,"Food, Education","Boston, MA","Civic Life, Lifestyle & Personal Life",Boston,MA,US,Northeast,
Andrew Kammerer,andrew-kammerer,Andrew Kammerer,https://www.tiktok.com/@andrewsdailyday,Video - TikTok,,,,,,,"Health/Wellness, Local, Day in a Life, Food, Things to Do","Chicago, IL","Civic Life, Science Health & Environment, Journalism Formats, Lifestyle & Personal Life",Chicago,IL,US,Midwest,
Andrew Leach,andrew-leach,Leach's Occasional Energy Charts,https://leach.substack.com,Newsletter - Substack,Social - BlueSky,https://bsky.app/profile/aleach.ca,,,,,Climate/Environment,"Edmonton, AB, Canada",Science Health & Environment,Edmonton,"AB, Canada",,,
Andrew Montalenti,andrew-montalenti,pixelmonkey.org,https://amontalenti.com,Website,Social - BlueSky,https://bsky.app/profile/amontalenti.bsky.social,,,,,Tech,Florida - US,Money & Work,,FL,US,South,
Andrew Pulrang,andrew-pulrang,Disability Thinking,https://disability-thinking-weekday.ghost.io/,Newsletter - Ghost,Social - BlueSky,https://bsky.app/profile/apulrang.bsky.social,,,,,Identity/Belonging,"New York, NY",Social Issues,New York,NY,US,Northeast,
Andrew Ricketts,andrew-ricketts,Big Black Commentary,https://bigblackcommentary.substack.com,Newsletter - Substack,,,,,,,"Culture, Entertainment/Hollywood","New York, NY",Culture & Media,New York,NY,US,Northeast,
Andrew Sage,andrew-sage,Andrewism,https://www.youtube.com/@Andrewism,Video - YouTube,Social - BlueSky,https://bsky.app/profile/andrewsage.bsky.social,,,,,Politics,"Port of Spain, Trinidad",Power & Politics,Port of Spain,Trinidad,,,
Andrew Sullivan,andrew-sullivan,The Weekly Dish,https://andrewsullivan.substack.com,Newsletter - Substack,Podcast,https://andrewsullivan.substack.com/podcast,,,,,"Politics, Culture","New York, NY","Power & Politics, Culture & Media",New York,NY,US,Northeast,
Andrew Tanenbaum,andrew-tanenbaum,Electoral-Vote.com,https://www.electoral-vote.com,Website,,,,,,,Politics,National - US,Power & Politics,,,US,National,
Andrew Zimmern,andrew-zimmern,,https://andrewzimmern.substack.com,Newsletter - Substack,Social - Instagram,https://www.instagram.com/chefaz/,,,,,Food,"Minneapolis, MN",Lifestyle & Personal Life,Minneapolis,MN,US,Midwest,
Andy Baraghani,andy-baraghani,Andy Baraghani,https://www.instagram.com/andybaraghani/,Social - Instagram,Video - TikTok,https://www.tiktok.com/@andy_baraghani,,,,,Food,"New York, NY",Lifestyle & Personal Life,New York,NY,US,Northeast,
Andy Dehnart,andy-dehnart,Reality Blurred,https://www.realityblurred.com/realitytv,Newsletter - Other,Social - BlueSky,https://bsky.app/profile/andydehnart.com,,,,,Entertainment/Hollywood,National - US,Culture & Media,,,US,National,
Andy DeMeo,andy-demeo,Granite Goodness,https://www.granitegoodness.com,Newsletter - Substack,,,,,,,"Local, Positive News",New Hampshire - US,"Civic Life, General News",,NH,US,Northeast,
Andy Hay,andy-hay,East Coast Kitchen,https://www.instagram.com/andyseastcoastkitchen_,Video - Instagram,,,,,,,Food,Canada,Lifestyle & Personal Life,,,CA,International,
Andy Masley,andy-masley,"Blog on AI, EA, animal welfare, data-center/energy myths",https://andymasley.substack.com/,Newsletter - Substack,,,,,,,Tech,,Money & Work,,,,,
Andy Revkin,andy-revkin,Sustain What,https://revkin.substack.com,Newsletter - Substack,Video - YouTube,https://www.youtube.com/channel/UCdeDjsgVdGBoqEuT2d70YbQ,Social - BlueSky,https://bsky.app/profile/revkin.bsky.social,,,"Climate/Environment, Science, Media/Power",Maine - US,"Science Health & Environment, Culture & Media",,ME,US,Northeast,
Angel Barragan,angel-barragan,Señor Barragan,https://www.tiktok.com/@senor_barragan,Video - TikTok,Video - Instagram,https://www.instagram.com/senor_barragan/,,,,,"Culture, Education, Identity/Belonging",National - US,"Social Issues, Civic Life, Culture & Media",,,US,National,
Angel de la Pena,angel-de-la-pena,Angel de la Pena,https://www.tiktok.com/@elangeldelapena,Social - TikTok,Social - Instagram,https://www.instagram.com/elangeldelapena/,,,,,"General News, Sports, Crime",Venezuela,"Civic Life, General News, Lifestyle & Personal Life",,,VE,International,
Angel Pena,angel-pena,El Angel de la Pena,https://www.instagram.com/elangeldelapena/,Social - Instagram,,,,,,,"Crime, General News",Venezuela,"Civic Life, General News",,,VE,International,
Angela Denker,angela-denker,I'm Listening,https://angeladenker.substack.com,Newsletter - Substack,Social - BlueSky,https://bsky.app/profile/angeladenker.bsky.social,,,,,Faith/Religion,"Minneapolis, MN",Social Issues,Minneapolis,MN,US,Midwest,
Angela Huffman,angela-huffman,,https://angelasuehuffman.substack.com,Newsletter - Substack,,,,,,,Agriculture,Ohio - US,Civic Life,,OH,US,Midwest,
Angela Liguori,angela-liguori,Angela Liguori,https://www.instagram.com/angelaliguori/,Social - Instagram,,,,,,,"Travel, Outdoors","British Columbia, Canada",Lifestyle & Personal Life,British Columbia,,CA,International,
Angela Mingarelli,angela-mingarelli,This Week in Virology,https://www.microbe.tv/twiv,Podcast,,,,,,,Science,International,Science Health & Environment,,,,International,
Angela Pan,angela-pan,Angela Pan,https://www.instagram.com/abpanphoto/,Social - Instagram,Website,https://www.abpan.com/,,,,,Photography,"Washington, DC",Culture & Media,Washington,DC,US,Mid-Atlantic,
Angela Saini,angela-saini,Angela Saini,https://angelasaini.com,Website,,,,,,,Science,"Boston, MA",Science Health & Environment,Boston,MA,US,Northeast,
Angela Xu,angela-xu,Angela Xu,https://brooklynfoodlady.substack.com/,Newsletter - Substack,,,,,,,Recipes,National - US,Lifestyle & Personal Life,,,US,National,Institute_for_Independent_Journalists
Angelica Oung,angelica-oung,Taipology & Elemental,https://taipology.substack.com,Newsletter - Substack,,,,,,,"Foreign Policy, Energy","Taipei, Taiwan","Power & Politics, Science Health & Environment",Taipei,,TW,International,
Angelica Talan,angelica-talan,Angelica Talan,https://www.instagram.com/angelicatalan/,Social - Instagram,Website,https://angelicatalan.com/,Video - TikTok,https://www.tiktok.com/@angelicatalan,Social - Twitter / X,https://x.com/angelicatalan,Things to Do,"Washington, DC",Lifestyle & Personal Life,Washington,DC,US,Mid-Atlantic,
Anggy Pasaribu,anggy-pasaribu,Story of Anggy,https://www.youtube.com/@anggypasaribu,Video - YouTube,Social - Instagram,https://www.instagram.com/storyofanggy/,,,,,"Politics, Entertainment/Hollywood","Jakarta, Indonesia","Power & Politics, Culture & Media",Jakarta,,ID,International,
Angus Hervey,angus-hervey,Fix The News,fixthenews.com,Newsletter - Substack,Social - BlueSky,https://bsky.app/profile/angushervey.com,,,,,"Solutions Journalism, Positive News, World",Australia,"General News, Journalism Formats",,,AU,International,
Anil Dash,anil-dash,Anil Dash,https://anildash.com,Website,Social - BlueSky,https://bsky.app/profile/anildash.com,,,,,Tech,"New York, NY",Money & Work,New York,NY,US,Northeast,
Anina Belle Giannini,anina-belle-giannini,le chefs wife,https://www.instagram.com/lechefswife,Video - Instagram,Social - Facebook,https://m.facebook.com/people/Anina-Belle-Giannini/100008269957459/,,,,,Recipes,"Washington, DC",Lifestyle & Personal Life,Washington,DC,US,Mid-Atlantic,
Ann Garrison,ann-garrison,Ann Garrison,https://x.com/AnnGarrison,Social - Twitter / X,Social - Facebook,https://www.facebook.com/annie.garrison/,,,,,"World, Foreign Policy","Berkeley, CA","Power & Politics, General News",Berkeley,CA,US,West,
Ann Lam,ann-lam,Ann Lam,https://www.instagram.com/onthelamwithann/,Social - Instagram,Video - TikTok,https://www.tiktok.com/@onthelamwithann,Video - YouTube,https://www.youtube.com/@onthelamwithann,,,Things to Do,"Washington, DC",Lifestyle & Personal Life,Washington,DC,US,Mid-Atlantic,
Ann Telnaes,ann-telnaes,,https://anntelnaes.substack.com/,Newsletter - Substack,Social - BlueSky,https://bsky.app/profile/anntelnaes.bsky.social,,,,,Politics,,Power & Politics,,,,,
Anna Baydakova,anna-baydakova,Control Spy Delete,https://ctrlspydel.substack.com,Newsletter - Substack,,,,,,,"Tech, National Security",National - US,"Power & Politics, Money & Work",,,US,National,Institute_for_Independent_Journalists
Anna Brones,anna-brones,Creative Fuel,https://creativefuel.substack.com,Newsletter - Substack,Website,https://www.annabrones.com,,,,,Art,"Seattle, WA",Culture & Media,Seattle,WA,US,West,
Anna Conkling,anna-conkling,Anna Conkling,https://www.noosphere.app/author/anna/,Video - Noosphere,,,,,,,"Foreign Policy, Human Rights","Berlin, Germany","Power & Politics, Social Issues",Berlin,,DE,International,
Anna Constantino,anna-constantino,Girl Eats World,https://www.tiktok.com/@grleatswrld,Video - TikTok,Newsletter - Substack,https://girleatsworld.substack.com,,,,,"Food, Local, Day in a Life","San Francisco, CA","Civic Life, Journalism Formats, Lifestyle & Personal Life",San Francisco,CA,US,West,
Anna DeShawn,anna-deshawn,Queer News,https://annadeshawn.com,Podcast,Social - Instagram,https://instagram.com/annadeshawn,,,,,"LGBTQIA, Local","Chicago, IL","Social Issues, Civic Life",Chicago,IL,US,Midwest,
Anna Fifield,anna-fifield,Anna Fifield NZ,https://annafifieldnz.substack.com/,Newsletter - Substack,Social - Twitter / X,https://twitter.com/annafifield,Social - BlueSky,https://bsky.app/profile/annafifield.bsky.social,,,World,"Wellington, New Zealand",General News,Wellington,,NZ,International,
Anna Kook,anna-kook,Anna Kook,https://www.tiktok.com/@_annakook,Video - TikTok,Social - Twitter / X,https://x.com/annakook,,,,,"World, Culture","New York, NY","General News, Culture & Media",New York,NY,US,Northeast,
Anna Pujol-Mazzini,anna-pujol-mazzini,Good Story,https://goodstory.kit.com/posts,Newsletter - Other,Social - BlueSky,https://bsky.app/profile/annapujolmazzini.bsky.social,,,,,Media/Power,National - US,Culture & Media,,,US,National,
Anna Rollins,anna-rollins,Anna Rollins,https://annajrollins.substack.com,Newsletter - Substack,,,,,,,Culture,National - US,Culture & Media,,,US,National,Institute_for_Independent_Journalists
Anna Tran,anna-tran,Anna Tran,https://www.instagram.com/annatranfashion/,Social - Instagram,Video - TikTok,https://www.tiktok.com/@annatranfashion,Video - YouTube,https://www.youtube.com/@annatranfashion,Social - BlueSky,https://bsky.app/profile/annatran.bsky.social,Travel,"Washington, DC",Lifestyle & Personal Life,Washington,DC,US,Mid-Atlantic,
Anne Applebaum,anne-applebaum,Open Letters,https://anneapplebaum.substack.com,Newsletter - Substack,,,,,,,"Politics, Foreign Policy",International,Power & Politics,,,,International,
Anne Helen Petersen,anne-helen-petersen,Culture Study,https://www.patreon.com/cw/CultureStudy,Newsletter - Other,Podcast,https://podcasts.apple.com/us/podcast/culture-study-podcast/id1718662839,Social - BlueSky,https://bsky.app/profile/annehelen.bsky.social,,,Culture,"Washington, DC",Culture & Media,Washington,DC,US,Mid-Atlantic,
Anne Kadet,anne-kadet,CAFÉ ANNE,https://annekadet.substack.com,Newsletter - Substack,,,,,,,"Local, Comedy","New York, NY","Civic Life, Culture & Media",New York,NY,US,Northeast,
Anne Kurtz,anne-kurtz,The Juicy Byte,https://juicybyte.substack.com/,Newsletter - Substack,,,,,,,Beauty,,Lifestyle & Personal Life,,,,,
Annemarie Dooling,annemarie-dooling,The Platia,https://www.theplatia.com,Website,Social - Instagram,https://www.instagram.com/travelinganna,,,,,"Local, Activism","Philadelphia, PA","Social Issues, Civic Life",Philadelphia,PA,US,Northeast,
Annie Dance,annie-dance,Cops & Congress by Annie Dance,https://anniedance.substack.com,Newsletter - Substack,,,,,,,"Local, Crime, Government Accountability",North Carolina - US,"Power & Politics, Civic Life",,NC,US,South,
Annie Koshy,annie-koshy,Branding Ninja,https://substack.com/@brandingninja,Newsletter - Substack,,,,,,,"World, Politics, Business",Canada,"Power & Politics, Money & Work, General News",,,CA,International,
Annie Rauwerda,annie-rauwerda,Depths of Wikipedia,https://www.instagram.com/depthsofwikipedia,Social - Instagram,Newsletter - Other,,,,,,Internet Culture,"Brooklyn, NY",Culture & Media,Brooklyn,NY,US,Northeast,
Annika Brockschmidt,annika-brockschmidt,Threats to Democracy,https://annikabrockschmidt.substack.com,Newsletter - Substack,Podcast,,,,,,"Faith/Religion, Politics","Berlin, Germany","Power & Politics, Social Issues",Berlin,,DE,International,
Annmarie Gajdos,annmarie-gajdos,The World According to Annmarie,https://www.instagram.com/annmariegajdos,Video - Instagram,,,Video - TikTok,https://www.tiktok.com/@annmariegajdos,Newsletter - Substack,,"Culture, Travel, Sports, Gender","New York, NY","Social Issues, Culture & Media, Lifestyle & Personal Life",New York,NY,US,Northeast,
Anthea Butler,anthea-butler,Under the Desk,https://profantheabutler.substack.com,Newsletter - Substack,Social - BlueSky,https://bsky.app/profile/antheabutler.bsky.social,,,,,Faith/Religion,"Philadelphia, PA",Social Issues,Philadelphia,PA,US,Northeast,
Anthony Davis,anthony-davis,Five Minute News,https://fiveminute.news/,Website,Video - YouTube,https://www.youtube.com/@fiveminutenews,Social - BlueSky,https://bsky.app/profile/theanthonydavis.bsky.social,,,"General News, World, Politics","Los Angeles, CA","Power & Politics, General News",Los Angeles,CA,US,West,
Anthony Mason,anthony-mason,Alchemy with Anthony Mason,https://www.youtube.com/@alchemywithanthonymason,Video - YouTube,Podcast,https://podcasts.apple.com/us/podcast/anthony-masons-alchemy-a-new-era-of-journalism/id1834583607,Social - Instagram,https://www.instagram.com/anthonymasoncbs,,,"Music, Culture","New York, NY",Culture & Media,New York,NY,US,Northeast,
Anton Howes,anton-howes,Age of Invention,https://www.ageofinvention.xyz,Newsletter - Substack,,,,,,,Finance/Economics,United Kingdom,Money & Work,,,GB,International,
Anton Sorkin,anton-sorkin,Cross and Gavel ,https://crossandgavel.substack.com,Newsletter - Substack,,,,,,,"Faith/Religion, Law/Legal Issues",Virginia - US,"Power & Politics, Social Issues",,VA,US,South,
Antonia Juhasz,antonia-juhasz,Antonia Juhasz,https://antoniajuhasz.net,Website,Social - BlueSky,https://bsky.app/profile/antoniajuhasz.net,,,,,"Climate/Environment, Investigative, Energy",National - US,"Science Health & Environment, Journalism Formats",,,US,National,
Antonio Sánchez,antonio-snchez,NoticiasNW,https://noticiasnw.com,Website,,,,,,,Local,"Portland, OR",Civic Life,Portland,OR,US,West,
Anu Lingala,anu-lingala,What's Anu,https://whatsanu.substack.com,Newsletter - Substack,,,,,,,"Culture, Internet Culture","Brooklyn, NY",Culture & Media,Brooklyn,NY,US,Northeast,
Anya,anya,Anya,https://www.instagram.com/outsidewithanya/,Social - Instagram,Video - TikTok,https://www.tiktok.com/@outsidewithanya,,,,,Lifestyle,"Washington, DC",Lifestyle & Personal Life,Washington,DC,US,Mid-Atlantic,
Anya Kamenetz,anya-kamenetz,The Golden Hour,https://thegoldenhour.substack.com,Newsletter - Substack,Social - BlueSky,https://bsky.app/profile/anya1anya.bsky.social,,,,,"Climate/Environment, Parenting, Mental Health","New York, NY","Science Health & Environment, Lifestyle & Personal Life",New York,NY,US,Northeast,
AP,ap,AP,https://www.instagram.com/what.ap.gotta.say/,Social - Instagram,Video - TikTok,https://www.tiktok.com/@what.ap.gotta.say,Social - BlueSky,https://bsky.app/profile/apmresearchlab.org,,,Restaurants and bars,"Washington, DC",Lifestyle & Personal Life,Washington,DC,US,Mid-Atlantic,
April,april,April,https://www.instagram.com/totalapril/,Social - Instagram,Video - TikTok,https://www.tiktok.com/@totalapril,Social - BlueSky,https://bsky.app/profile/april.social,,,Restaurants and bars,"Washington, DC",Lifestyle & Personal Life,Washington,DC,US,Mid-Atlantic,
Aran Goyoaga,aran-goyoaga,,https://arangoyoaga.substack.com,Newsletter - Substack,Website,https://www.arangoyoaga.com,,,,,Recipes,"Seattle, WA",Lifestyle & Personal Life,Seattle,WA,US,West,
Ari Bendersky,ari-bendersky,Something Glorious,https://aribendersky.substack.com/,Newsletter - Substack,,,,,,,"Food, Travel","Chicago, IL",Lifestyle & Personal Life,Chicago,IL,US,Midwest,
Ari Drennen,ari-drennen,Ari's Threads,https://aridrennen.substack.com,Newsletter - Substack,Social - BlueSky,https://bsky.app/profile/aridrennen.bsky.social,,,,,"LGBTQIA, Self-Help","Washington, DC","Social Issues, Lifestyle & Personal Life",Washington,DC,US,Mid-Atlantic,
Ari Shapiro,ari-shapiro,Ari Shapiro,https://arishapiro.substack.com,Newsletter - Substack,Social - BlueSky,https://bsky.app/profile/ari-shapiro.bsky.social,,,,,Media/Power,"Washington, DC",Culture & Media,Washington,DC,US,Mid-Atlantic,
Arianny Valles,arianny-valles,Pendiente mi Gente,https://www.instagram.com/pendiente_mi_gente/,Video - Instagram,,,,,,,Local,"Phoenix, AZ",Civic Life,Phoenix,AZ,US,West,
Ariel Kanter,ariel-kanter,,https://arielkanter.substack.com,Newsletter - Substack,Website,https://www.arielkanter.com,,,,,Lifestyle,"Chicago, IL",Lifestyle & Personal Life,Chicago,IL,US,Midwest,
Ariel Parrella-Aureli,ariel-parrella-aureli,LoganSquarist,https://logansquarist.com,Website,,,,,,,"Local, Housing","Chicago, IL",Civic Life,Chicago,IL,US,Midwest,
Ariella Steinhorn,ariella-steinhorn,Hard Reset Media,https://www.hardresetmedia.com,Newsletter - Substack,,,,,,,"Tech, Politics","New York, NY","Power & Politics, Money & Work",New York,NY,US,Northeast,
Arielle Frodor,arielle-frodor,Mrs. Frazzled,https://www.tiktok.com/@mrs.frazzled,Video - TikTok,Video - Instagram,https://www.instagram.com/mrs.frazzled,,,,,"Education, Politics",National - US,"Power & Politics, Civic Life",,,US,National,
Arielle M. Hart,arielle-m-hart,Arielle M. Hart,https://www.instagram.com/fabfoodieinthecity/,Social - Instagram,Website,https://fabfoodieinthecity.com/,,,,,Restaurants and bars,"Washington, DC",Lifestyle & Personal Life,Washington,DC,US,Mid-Atlantic,
Arlington Dining,arlington-dining,Arlington Dining,https://www.instagram.com/arlington.dining/,Social - Instagram,Video - TikTok,https://www.tiktok.com/@arlington.dining,,,,,Restaurants and bars,"Washington, DC",Lifestyle & Personal Life,Washington,DC,US,Mid-Atlantic,
Arpit Gupta,arpit-gupta,Arpitrage,https://arpitrage.substack.com/,Newsletter - Substack,,,,,,,Urban Planning,"New York, NY",Civic Life,New York,NY,US,Northeast,
Arvind Narayanan,arvind-narayanan,AI as Normal Technology,https://www.normaltech.ai,Newsletter - Substack,,,,,,,Tech,New Jersey - US,Money & Work,,NJ,US,Northeast,
Ashikin Hashim (Futbolita),ashikin-hashim,Futbolita,https://futbolita.com,Website,,,,,,,Sports,Singapore,Lifestyle & Personal Life,,,SG,International,Global_South_World
Ashlee Brown,ashlee-brown,Ashlee B / Rooting For Everybody Black,https://www.ashleebmedia.com,Website,,,,,,,Identity/Belonging,"New York, NY",Social Issues,New York,NY,US,Northeast,
Ashlee Vance,ashlee-vance,Core Memory,https://www.corememory.com,Newsletter - Substack,Video - YouTube,https://www.youtube.com/@CoreMemoryVideos,Social - BlueSky,https://bsky.app/profile/ashleevance.bsky.social,,,"Tech, Investigative",California - US,"Money & Work, Journalism Formats",,CA,US,West,
Ashlyn ,ashlyn-askashlyn,(Ask Ashlyn),https://joinsubtext.com/c/askashlyn,Chat - SMS,,,,,,,General News,National - US,General News,,,US,National,
Ashok Selvam,ashok-selvam,Ravenous,https://www.weareravenous.com,Website,,,,,,,"Food, Restaurants and bars","Chicago, IL",Lifestyle & Personal Life,Chicago,IL,US,Midwest,
Asia,asia,Asia,https://www.instagram.com/asiadiscovers/,Social - Instagram,Video - TikTok,https://www.tiktok.com/@asiadiscovers,Video - YouTube,https://www.youtube.com/@asiadiscovers,,,Travel,"Washington, DC",Lifestyle & Personal Life,Washington,DC,US,Mid-Atlantic,
Attorney Ryan,attorney-ryan,Attorney Ryan,https://www.tiktok.com/@attorneyryan,Video - TikTok,Social - BlueSky,https://bsky.app/profile/attorneyryan.bsky.social,,,,,Law/Legal Issues,"San Diego, CA",Power & Politics,San Diego,CA,US,West,
Aubrey Gordon,aubrey-gordon,Maintenance Phase,https://www.maintenancephase.com,Podcast,Video - Instagram,https://www.instagram.com/maintenancephase/,Social - BlueSky,https://bsky.app/profile/yrfatfriend.bsky.social,,,Health/Wellness,National - US,Science Health & Environment,,,US,National,
Audrey Watters,audrey-watters,Second Breakfast,https://2ndbreakfast.audreywatters.com/,Website,Social - BlueSky,https://bsky.app/profile/audreywatters.bsky.social,,,,,Education,United States,Civic Life,,,US,National,
Aurimas Griciunas,aurimas-griciunas,SwirlAI Newsletter,https://www.newsletter.swirlai.com/,Newsletter - Substack,,,,,,,Tech,Lithuania,Money & Work,,,,Lithuania,
Austin Berg,austin-berg,The Last Ward,https://www.thelastward.org,Newsletter - Substack,,,,,,,"Politics, Government Accountability, Local","Chicago, IL","Power & Politics, Civic Life",Chicago,IL,US,Midwest,
Austin Dickson,austin-dickson,Austin Dickson,https://www.instagram.com/savorydc/,Social - Instagram,Video - TikTok,https://www.tiktok.com/@savorydc,,,,,Restaurants and bars,"Washington, DC",Lifestyle & Personal Life,Washington,DC,US,Mid-Atlantic,
Austin Graff,austin-graff,Austin K Graff,https://www.instagram.com/austinkgraff,Video - Instagram,,,,,,,"Local, Parenting, Restaurants and bars, Travel","Washington, DC","Civic Life, Lifestyle & Personal Life",Washington,DC,US,Mid-Atlantic,
Austin Hendrickson,austin-hendrickson,OVOU,https://www.instagram.com/trainingtall,Video - Instagram,,,,,,,Fitness,"Sacramento, CA",Lifestyle & Personal Life,Sacramento,CA,US,West,
Austin Kleon,austin-kleon,,https://austinkleon.substack.com,Newsletter - Substack,,,,,,,Art,"Austin, TX",Culture & Media,Austin,TX,US,South,
Austin Kocher,austin-kocher,Austin Kocher,https://austinkocher.substack.com,Newsletter - Substack,Social - Twitter / X,https://x.com/ackocher,Social - BlueSky,https://bsky.app/profile/austinkocher.com,,,"Immigration, Law/Legal Issues","New York, NY","Power & Politics, Social Issues",New York,NY,US,Northeast,
Ayana Elizabeth Johnson,ayana-elizabeth-johnson,What If We Get It Right?,https://ayanaelizabeth.substack.com,Newsletter - Substack,Video - Instagram,https://www.instagram.com/ayanaeliza/,,,,,Climate/Environment,"New York, NY",Science Health & Environment,New York,NY,US,Northeast,
Ayman Oghanna,ayman-oghanna,Ayman Oghanna,https://www.noosphere.app/author/ayman/,Video - Noosphere,Website,https://aymanoghanna.com,,,,,"Foreign Policy, Human Rights, Photography, Investigative",Greece,"Power & Politics, Social Issues, Culture & Media, Journalism Formats",,,GR,International,
Azeem Azhar,azeem-azhar,Exponential View,https://www.exponentialview.co,Newsletter - Substack,,,,,,,"Tech, Finance/Economics","London, UK",Money & Work,London,,UK,International,
Azi Paybarah,azi-paybarah,Azi Paybarah,https://azipaybarah.substack.com,Newsletter - Substack,Social - BlueSky,https://bsky.app/profile/azipaybarah.bsky.social,,,,,Politics,"Washington, DC",Power & Politics,Washington,DC,US,Mid-Atlantic,
Aziz Sunderji,aziz-sunderji,Home Economics,https://homeeconomics.substack.com/,Newsletter - Substack,,,,,,,Urban Planning,"Brooklyn, NY",Civic Life,Brooklyn,NY,US,Northeast,
Bailey McGuire,bailey-mcguire-hangry-chicago,Hangry in Chicago,https://www.instagram.com/hangry_chicago,Social - Instagram,,,,,,,"Food, Travel, Lifestyle","Chicago, IL",Lifestyle & Personal Life,Chicago,IL,US,Midwest,
Barb Warden,barb-warden,Golden Today,www.goldentoday.com,Website,,,,,,,Local,Colorado - US,Civic Life,,CO,US,West,
"Barbara ""Bob"" Allen",barbara-bob-allen,The College Journalism Newsletter,https://collegejournalism.beehiiv.com,Newsletter - Beehiiv,,,,,,,"Politics, Government Accountability",Pennsylvania - US,Power & Politics,,PA,US,Northeast,
Barnette Holston,barnette-holston,DC Fashion Fool,https://www.instagram.com/dcfashionfool/,Social - Instagram,Social - Facebook,https://www.facebook.com/DCFashionFool/,,,,,Fashion,"Washington, DC",Lifestyle & Personal Life,Washington,DC,US,Mid-Atlantic,
Barry Malone,barry-malone,Proximities,https://www.proximities.news/,Newsletter - Substack,,,,,,,World,,General News,,,,,
Bassant Hesham,bassant-hesham,Bassant Hesham,https://www.tiktok.com/@bassant.elminiawy,Social - TikTok,Social - Instagram,https://www.instagram.com/bassant.elminiawy/,,,,,"General News, Culture",Egypt,"General News, Culture & Media",,,EG,International,
Baxstar Jonmarie Ferguson,baxstar-jonmarie-ferguson,Well Beings News,https://well.beings.news,Newsletter - Beehiiv,Social - BlueSky,https://bsky.app/profile/bjthehetheygay.ca,,,,,"Identity/Belonging, LGBTQIA, Health/Wellness",International,"Social Issues, Science Health & Environment",,,,International,
Baylee’s Belly in DC,baylees-belly-in-dc,Baylee’s Belly in DC,https://www.instagram.com/bayleesbellyindc/,Social - Instagram,Video - TikTok,https://www.tiktok.com/@bayleesbellyindc,,,,,Restaurants and bars,"Washington, DC",Lifestyle & Personal Life,Washington,DC,US,Mid-Atlantic,
Bec Roldan,bec-roldan,Bec Roldan,https://www.becroldan.com,Website,Podcast,,,,,,"Science, Health/Wellness, Climate/Environment","Brooklyn, NY",Science Health & Environment,Brooklyn,NY,US,Northeast,Institute_for_Independent_Journalists
Becca Farsace,becca-farsace,Taking Tech Outside,https://www.youtube.com/@BeccaFarsace,Video - YouTube,,,,,,,Tech,National - US,Money & Work,,,US,National,
Beck Delahoy,beck-delahoy,,https://beckdelahoy.substack.com,Newsletter - Substack,,,,,,,Parenting,,Lifestyle & Personal Life,,,,,
Beckett Graham,beckett-graham,The History Chicks,https://thehistorychicks.com,Podcast,,,,,,,History,"Kansas City, MO",Culture & Media,Kansas City,MO,US,Midwest,
Becky Beamer,becky-beamer,This Is Not That Podcast,https://www.instagram.com/beckybeamer,Video - Instagram,Social - LinkedIn,https://www.linkedin.com/in/beckybeamer,,,,,"General News, Weather",California - US,"Civic Life, General News",,CA,US,West,
Becky Bullard,becky-bullard,Democrasexy,https://www.instagram.com/democrasexy,Video - Instagram,,,,,,,"LGBTQIA, Politics, Government Accountability","Austin, TX","Power & Politics, Social Issues",Austin,TX,US,South,
Ben Camacho,ben-camacho,Inadvertent,inadvertent.substack.com,Newsletter - Substack,,,,,,,"Investigative, Local, Government Accountability","Los Angeles, CA","Power & Politics, Civic Life, Journalism Formats",Los Angeles,CA,US,West,
Ben Dietz,ben-dietz,,https://sic.substack.com,Newsletter - Substack,Social - Twitter / X,https://twitter.com/dietznutz,,,,,Culture,"Brooklyn, NY",Culture & Media,Brooklyn,NY,US,Northeast,
Ben Fowlkes,ben-fowlkes,Co-Main Event -- MMA journalism podcast/newsletter,https://www.comainevent.com/,Newsletter - Ghost,,,,,,,Media/Power,"Missoula, MT",Culture & Media,Missoula,MT,US,West,
Ben Joravsky,ben-joravsky,The Ben Joravsky Show,https://benjoravsky.substack.com,Podcast,,,,,,,"Politics, Local","Chicago, IL","Power & Politics, Civic Life",Chicago,IL,US,Midwest,
Ben Lippett,ben-lippett,,https://benlippett.substack.com,Newsletter - Substack,,,,,,,Recipes,"London, UK",Lifestyle & Personal Life,London,,GB,International,
Ben Shapiro,ben-shapiro,The Ben Shapiro Show,https://www.youtube.com/@BenShapiro,Video - YouTube,Social - Twitter / X,https://x.com/benshapiro,,,,,Politics,"Nashville, TN",Power & Politics,Nashville,TN,US,South,
Ben Swann,ben-swann,Ben Swann,https://www.instagram.com/benswann_,Video - Instagram,,,,,,,Investigative,Texas - US,Journalism Formats,,TX,US,South,
Ben Thompson,ben-thompson,Stratechery,https://stratechery.com,Website,Social - Twitter / X,https://x.com/benthompson?lang=en,,,,,"Tech, Media/Power",Taiwan,"Money & Work, Culture & Media",,,TW,International,
Ben Werdmüller,ben-werdmller,Werd I/O,https://werd.io,Website,,,,,,,Tech,"New York, NY",Money & Work,New York,NY,US,Northeast,
Ben Whitelaw,ben-whitelaw,Ctrl-Alt-Speech,https://ctrlaltspeech.com,Podcast,Social - BlueSky,https://bsky.app/profile/benwhitelaw.bsky.social,,,,,Tech,United Kingdom,Money & Work,,,GB,International,
Ben Zand,ben-zand,Zandland,https://www.youtube.com/@ZANDLAND,Video - YouTube,Podcast,https://open.spotify.com/show/3Wn6HaPEusMxEjob8W7nkA,Social - Instagram,https://www.instagram.com/benjaminzand,,,"Investigative, Culture, Human Rights",United Kingdom,"Social Issues, Culture & Media, Journalism Formats",,,GB,International,
Benderbij,benderbij,Benderbij,https://www.tiktok.com/@benderbij,Video - TikTok,Video - YouTube,https://www.youtube.com/@benderbij,Social - Instagram,https://www.instagram.com/benderbij,,,"General News, Explanatory",Netherlands,"General News, Journalism Formats",,,NL,International,
Benn Jordan,benn-jordan,,https://www.youtube.com/@BennJordan,Video - YouTube,Social - Instagram,https://instagram.com/bennjordan,Patreon,https://patreon.com/bennjordan,,,Tech,,Money & Work,,,,,
Bennett Rea,bennett-rea,,https://www.instagram.com/cookinwithcongress/,Social - Instagram,Video - TikTok,https://www.tiktok.com/@cookinwithcongress,Newsletter - Substack,https://cookinwithcongress.substack.com,,,Food,"Los Angeles, CA",Lifestyle & Personal Life,Los Angeles,CA,US,West,
Bennett Z. Kobb,bennett-z-kobb,Experimental Radio News,https://www.experimentalradio.news,Newsletter - Ghost,,,,,,,"Tech, Policy",Texas - US,"Power & Politics, Money & Work",,TX,US,South,
Bernard Hickey,bernard-hickey,The Kākā,https://thekaka.substack.com,Newsletter - Substack,,,,,,,"Finance/Economics, Politics",New Zealand,"Power & Politics, Money & Work",,,NZ,International,
Beth Allison Barr,beth-allison-barr,Marginalia,https://bethallisonbarr.substack.com,Newsletter - Substack,Social - BlueSky,https://bsky.app/profile/bethallisonbarr.bsky.social,,,,,Faith/Religion,Texas - US,Social Issues,,TX,US,South,
Beth Shelburne,beth-shelburne,Moth to flame,https://bethshelburne.substack.com,Newsletter - Substack,,,,,,,"Law/Legal Issues, Investigative",Alabama - US,"Power & Politics, Journalism Formats",,AL,US,South,
Bethany Looi,bethany-looi,Bethany Looi,https://www.instagram.com/bethanylooi/,Social - Instagram,Website,https://bethanylooi.com/,Video - TikTok,https://www.tiktok.com/@bethanylooi,,,Travel,"Washington, DC",Lifestyle & Personal Life,Washington,DC,US,Mid-Atlantic,
Bethesda History Blog,bethesda-history-blog,Bethesda History Blog,https://www.instagram.com/bethesdahistoryblog,Social - Instagram,,,,,,,History,"Washington, DC",Culture & Media,Washington,DC,US,Mid-Atlantic,
Bethesdahistoryblog,bethesdahistoryblog,Bethesda History Blog,https://www.instagram.com/bethesdahistoryblog,Video - Instagram,,,,,,,"Local, History","Bethesda, MD","Civic Life, Culture & Media",Bethesda,MD,US,South,
Betsy Ladyzhets,betsy-ladyzhets,The Sick Times,https://thesicktimes.org/,Website,Social - BlueSky,https://bsky.app/profile/betsyladyzhets.bsky.social,,,,,Health/Wellness,"New York, NY",Science Health & Environment,New York,NY,US,Northeast,
Bian Li,bian-li,The Regenerative Futurist,regenfuturist.substack.com,Newsletter - Substack,Social - Threads,https://www.threads.net/@regenfuturist,,,,,Politics,California - US,Power & Politics,,CA,US,West,
Bianca Graulau,bianca-graulau,Bianca Graulau,https://www.instagram.com/biancagraulau,Video - Instagram,,,,,,,"Culture, Investigative, Government Accountability",Puerto Rico - US,"Power & Politics, Culture & Media, Journalism Formats",,PR,US,,
Bianca Ling,bianca-ling,Bianca Ling,https://www.instagram.com/biancaling,Social - Instagram,,,,,,,Travel,"Melbourne, Australia",Lifestyle & Personal Life,Melbourne,,AU,International,
Bill Bishop,bill-bishop,Sinocism,https://sinocism.com,Newsletter - Substack,Social - BlueSky,https://bsky.app/profile/billbishop.bsky.social,,,,,World,International,General News,,,,International,
Bill McBride,bill-mcbride,CalculatedRisk,https://calculatedrisk.substack.com,Newsletter - Substack,Social - BlueSky,https://bsky.app/profile/calculatedrisk.bsky.social,,,,,"Finance/Economics, Real Estate","Newport Beach, CA",Money & Work,Newport Beach,CA,US,West,
Bill McKibben,bill-mckibben,The Crucial Years,https://billmckibben.substack.com,Newsletter - Substack,Website,https://billmckibben.com,Social - BlueSky,https://bsky.app/profile/billmckibben.bsky.social,,,"Climate/Environment, Politics, Government Accountability, Activism",Vermont - US,"Power & Politics, Social Issues, Science Health & Environment",,VT,US,Northeast,
Bill Nye,bill-nye,Bill Nye,https://www.billnye.com,Website,Social - Twitter / X,https://x.com/BillNye,,,,,Science,National - US,Science Health & Environment,,,US,National,
Bill Oakley,bill-oakley,That Bill Oakley,https://www.instagram.com/thatbilloakley,Video - Instagram,,,,,,,Food,"Portland, OR",Lifestyle & Personal Life,Portland,OR,US,West,
Bill Spindle,bill-spindle,The Energy Adventure(r),https://billspindle.substack.com,Newsletter - Substack,Social - BlueSky,https://bsky.app/profile/billspindle.bsky.social,,,,,"Climate/Environment, Energy","New York, NY",Science Health & Environment,New York,NY,US,Northeast,
Billy Zureikat,billy-zureikat,,https://instagram.com/therealbillyz,Social - Instagram,Video - TikTok,https://www.tiktok.com/@therealbillyz_,,,,,Restaurants and bars,"Chicago, IL",Lifestyle & Personal Life,Chicago,IL,US,Midwest,
Bisan Owda,bisan-owda,Bisan Owda,https://www.instagram.com/bisan_owda,Video - Instagram,,,,,,,"World, Culture, History",Palestine,"General News, Culture & Media",,,PS,International,
Bite Sized DC,bite-sized-dc,Bite Sized DC,https://www.instagram.com/bitesized.dc/,Social - Instagram,Video - TikTok,https://www.tiktok.com/@bitesized.dc,,,,,Restaurants and bars,"Washington, DC",Lifestyle & Personal Life,Washington,DC,US,Mid-Atlantic,
Blair Imani,blair-imani,Smarter in Seconds,https://www.instagram.com/blairimani/,Social - Instagram,Video - TikTok,https://www.tiktok.com/@blairimani,Social - BlueSky,https://bsky.app/profile/blairimani.bsky.social,,,Identity/Belonging,"Los Angeles, CA",Social Issues,Los Angeles,CA,US,West,
Blake Chastain,blake-chastain,The Post-Evangelical Post / Exvangelical,https://www.postevangelicalpost.com,Podcast,Social - BlueSky,https://bsky.app/profile/brchastain.social,,,,,Faith/Religion,"Chicago, IL",Social Issues,Chicago,IL,US,Midwest,
Blane Bachelor,blane-bachelor,Blane Bachelor,https://blanebachelor.substack.com,Newsletter - Substack,,,,,,,"Travel, Transportation","Amsterdam, Netherlands","Civic Life, Lifestyle & Personal Life",Amsterdam,,NL,International,Institute_for_Independent_Journalists
Blessing Adesiyan,blessing-adesiyan,The Care Gap,https://www.instagram.com/thecaregap,Video - Instagram,,,,,,,"Parenting, Gender, Culture",New York - US,"Social Issues, Culture & Media, Lifestyle & Personal Life",,NY,US,Northeast,
Blog A Bull,blog-a-bull,Blogabull.com,https://www.blogabull.com,Newsletter - Substack,,,,,,,"Sports, Local","Chicago, IL","Civic Life, Lifestyle & Personal Life",Chicago,IL,US,Midwest,
Bob Garfield,bob-garfield,,https://bullypulpit.substack.com/,Newsletter - Substack,Podcast,https://podcasts.apple.com/us/podcast/bully-pulpit/id1576565924,,,,,Media/Power,,Culture & Media,,,,,
Bob Kronbauer,bob-kronbauer,BC Bob,https://www.instagram.com/bobkronbauer,Video - Instagram,,,,,,,"History, Culture",Canada,Culture & Media,,,CA,International,
Bobby LaPin,bobby-lapin,saillocal,https://www.instagram.com/saillocal,Video - Instagram,,,,,,,Outdoors,"Baltimore, MD",Lifestyle & Personal Life,Baltimore,MD,US,South,
Bobby Ross Jr.,bobby-ross-jr,Religion Unplugged's Weekend Plug-In,https://weekendplugin.substack.com,Newsletter - Substack,Website,https://religionunplugged.com,,,,,"Faith/Religion, Media/Power",Oklahoma - US,"Social Issues, Culture & Media",,OK,US,South,
Boone Hogg,boone-hogg,Stick Reviews,https://www.instagram.com/officialstickreviews,Video - Instagram,,,,,,,"World, Internet Culture, Outdoors",Utah - US,"General News, Culture & Media, Lifestyle & Personal Life",,UT,US,West,
Brace Belden,brace-belden,TrueAnon Podcast,https://podcast.trueanon.com/,Podcast,Patreon,https://www.patreon.com/cw/TrueAnonPod,,,,,"Government Accountability, Media/Power",National - US,"Power & Politics, Culture & Media",,,US,National,
Brad DeLong,brad-delong,Grasping Reality,https://braddelong.substack.com,Newsletter - Substack,Social - BlueSky,https://bsky.app/profile/braddelong.bsky.social,,,,,"Finance/Economics, History",California - US,"Money & Work, Culture & Media",,CA,US,West,
Brad Stulberg,brad-stulberg,,https://www.instagram.com/bradstulberg/,Social - Instagram,Newsletter - Substack,https://www.bradstulberg.org,,,,,Self-Help,"Asheville, NC",Lifestyle & Personal Life,Asheville,NC,US,South,
Bradley Onishi,bradley-onishi,Straight White American Jesus,https://www.straightwhiteamericanjesus.com,Podcast,,,,,,,Faith/Religion,"San Francisco, CA",Social Issues,San Francisco,CA,US,West,
Brady Dale,brady-dale,Front Stage Exit,https://www.frontstageexit.com,Newsletter - Substack,,,,,,,Tech,"New York, NY",Money & Work,New York,NY,US,Northeast,
Branden Andersen,branden-andersen,Newsberg,https://newsberg.org,Website,Video - Instagram,https://www.instagram.com/newsberg_,Social - Facebook,https://www.facebook.com/newsbergmedia,Social - BlueSky,https://bsky.app/profile/newsberg.org.bsky.social,Local,Oregon - US,Civic Life,,OR,US,West,
Brandon Chew,brandon-chew,Chew's News,https://brandonchew.substack.com/,Newsletter - Substack,Social - BlueSky,https://bsky.app/profile/brandonmichew.bsky.social,,,,,"Politics, Labor/Workers Rights, Local","Chicago, IL","Power & Politics, Civic Life, Money & Work",Chicago,IL,US,Midwest,
Brandon Ewing,brandon-ewing,Lemonade Stand,https://www.youtube.com/@LemonadeStandPodcast,Video - YouTube,Podcast,https://podcasts.apple.com/ie/podcast/lemonade-stand/id1799868725,,,,,"Finance/Economics, Tech, Business",National - US,Money & Work,,,US,National,
Brandon Jarvis,brandon-jarvis,Virginia Scope,https://virginiascope.com,Website,Newsletter - Substack,https://virginiapoliticalnewsletter.substack.com,,,,,"Politics, Government Accountability",Virginia - US,Power & Politics,,VA,US,South,
Brandon Perna,brandon-perna,Thats Good Sports,https://www.youtube.com/@thatsgoodsports,Video - YouTube,,,,,,,Sports,National - US,Lifestyle & Personal Life,,,US,National,
Brandy,brandy,Brandy,https://www.instagram.com/the.belist/,Social - Instagram,Video - TikTok,https://www.tiktok.com/@the.belist,,,,,Restaurants and bars,"Washington, DC",Lifestyle & Personal Life,Washington,DC,US,Mid-Atlantic,
Branislava Lovre,branislava-lovre,AImpactful,https://aimpactful.com,Website,,,,,,,"Tech, Media/Power",Serbia,"Money & Work, Culture & Media",,,,Serbia,
Branko Milanovic,branko-milanovic,Global Inequality and More 3.0,https://branko2f7.substack.com,Newsletter - Substack,,,,,,,"World, Finance/Economics","New York, NY","Money & Work, General News",New York,NY,US,Northeast,
BRB Drooling,brb-drooling,BRB Drooling,https://www.instagram.com/brbdrooling/,Social - Instagram,Video - TikTok,https://www.tiktok.com/@brbdrooling,,,,,Restaurants and bars,"Washington, DC",Lifestyle & Personal Life,Washington,DC,US,Mid-Atlantic,
Breanna Morello,breanna-morello,Independent Newsroom,https://independentnewsroom.com,Newsletter - Beehiiv,Social - Twitter / X,https://x.com/BreannaMorello?lang=en,,,,,"Media/Power, Politics",Texas - US,"Power & Politics, Culture & Media",,TX,US,South,
Brett Bristow,brett-bristow,Tech with Brett,https://www.youtube.com/@TechWithBrett,Video - YouTube,,,,,,,Tech,Utah - US,Money & Work,,UT,US,West,
Brett Cooper,brett-cooper,THE SCROLL,https://brettcooper.beehiiv.com,Newsletter - Beehiiv,Video - YouTube,https://www.youtube.com/@bbrettcooper,Social - BlueSky,https://bsky.app/profile/brettcooperrp.bsky.social,,,"Politics, Culture","Nashville, TN","Power & Politics, Culture & Media",Nashville,TN,US,South,
Brett Dashevsky,brett-dashevsky,Creator Economy NYC,https://mail.creatoreconomynyc.com,Newsletter - Beehiiv,,,,,,,Business,"New York, NY",Money & Work,New York,NY,US,Northeast,
Brett Kollmann,brett-kollmann,Brett Kollmann,https://www.youtube.com/@BrettKollmann,Video - YouTube,Social - BlueSky,https://bsky.app/profile/brettkollmann.bsky.social,,,,,Sports,National - US,Lifestyle & Personal Life,,,US,National,
Briahna Joy Gray,briahna-joy-gray,Bad Faith,https://www.youtube.com/@BadFaithPodcast,Video - YouTube,Social - Twitter / X,https://x.com/briebriejoy,,,,,"Politics, Culture","Washington, DC","Power & Politics, Culture & Media",Washington,DC,US,Mid-Atlantic,
Brian Albrecht,brian-albrecht,Economic Forces,https://www.economicforces.xyz,Newsletter - Substack,,,,,,,Finance/Economics,Oregon - US,Money & Work,,OR,US,West,
Brian Beutler,brian-beutler,Off Message,https://www.offmessage.net/subscribe,Newsletter - Other,Social - BlueSky,https://bsky.app/profile/brianbeutler.bsky.social,,,,,"Politics, Media/Power",National - US,"Power & Politics, Culture & Media",,,US,National,
Brian Hansbury,brian-hansbury,Public Enlightenment,https://www.publicenlightenment.com,Newsletter - Substack,Social - BlueSky,https://bsky.app/profile/brianhansbury.bsky.social,,,,,"Media/Power, Business","New York, NY","Money & Work, Culture & Media",New York,NY,US,Northeast,
Brian Howey,brian-howey,Brian Howey,https://x.com/hwypol,Social - Twitter / X,,,,,,,"Politics, Local",Indiana - US,"Power & Politics, Civic Life",,IN,US,Midwest,
Brian Keating,brian-keating,,https://briankeating.com,Podcast,,,,,,,Science,"San Diego, CA",Science Health & Environment,San Diego,CA,US,West,
Brian Krebs,brian-krebs,Krebs on Security,https://krebsonsecurity.com,Website,,,,,,,Tech,"Washington, DC",Money & Work,Washington,DC,US,Mid-Atlantic,
Brian Merchant,brian-merchant,Blood in the Machine,https://www.bloodinthemachine.com,Newsletter - Substack,Podcast,https://www.bloodinthemachine.com/podcast,Social - BlueSky,https://bsky.app/profile/bcmerchant.bsky.social,,,Tech,"Los Angeles, CA",Money & Work,Los Angeles,CA,US,West,
Brian Morrissey,brian-morrissey,The Rebooting,https://www.therebooting.com,Newsletter - Beehiiv,,,,,,,"Media/Power, Tech","New York, NY","Money & Work, Culture & Media",New York,NY,US,Northeast,
Brian Oliver,brian-oliver,briankoliver,https://www.instagram.com/briankoliver,Video - Instagram,,,,,,,Things to Do,"Baltimore, MD",Lifestyle & Personal Life,Baltimore,MD,US,South,
Brian Potter,brian-potter,Construction Physics,https://www.construction-physics.com,Newsletter - Substack,,,,,,,"Business, Construction","Atlanta, GA","Civic Life, Money & Work",Atlanta,GA,US,South,
Brian Read,brian-read,Automate Your Life,https://www.youtube.com/@AutomateYourLife,Video - YouTube,,,,,,,Tech,Canada,Money & Work,,,CA,International,
Brian Reed,brian-reed,Question Everything,https://questioneverything.substack.com,Podcast,Social - BlueSky,https://bsky.app/profile/brihreed.bsky.social,,,,,Media/Power,"New York, NY",Culture & Media,New York,NY,US,Northeast,
Brian Skinner,brian-skinner,Marin Buzz,https://marinbuzz.com,Newsletter - Beehiiv,,,,,,,"Local, Things to Do","Marin, CA","Civic Life, Lifestyle & Personal Life",Marin,CA,US,West,
Brian Sumers,brian-sumers,,https://www.theairlineobserver.com,Newsletter - Substack,Social - Twitter / X,https://x.com/briansumers,Social - LinkedIn,https://www.linkedin.com/in/briansumers/,,,Transportation,,Civic Life,,,,,
Brian Tyler Cohen,brian-tyler-cohen,Brian Tyler Cohen,https://www.youtube.com/@briantylercohen,Video - YouTube,Social - BlueSky,https://bsky.app/profile/briantylercohen.bsky.social,,,,,Politics,"Los Angeles, CA",Power & Politics,Los Angeles,CA,US,West,
Brian Wieser,brian-wieser,Madison and Wall,https://madisonandwall.substack.com/,Newsletter - Substack,,,,,,,Media/Power,"Portland, OR",Culture & Media,Portland,OR,US,West,
Briana Houston,briana-houston,Chef Bri,https://www.tiktok.com/@tastesofbri,Video - TikTok,,,,,,,"Recipes, Food, Health/Wellness","Chicago, IL","Science Health & Environment, Lifestyle & Personal Life",Chicago,IL,US,Midwest,
Brianna Wickey,brianna-wickey,Scoop Charlotte,https://www.scoopcharlotte.com,Newsletter - Beehiiv,,,,,,,"Local, Home, Lifestyle, Real Estate","Charlotte, NC","Civic Life, Money & Work, Lifestyle & Personal Life",Charlotte,NC,US,South,
Bridget Todd,bridget-todd,Bridget Todd,https://www.instagram.com/bridgetmarieindc/,Social - Instagram,Social - Twitter / X,https://x.com/BridgetMarie,Social - BlueSky,https://bsky.app/profile/bridgettodd.bsky.social,Website,https://therearemonsters.com/,Tech,"Washington, DC",Money & Work,Washington,DC,US,Mid-Atlantic,
Brinda Sharma,brinda-sharma,Brinda Sharma,https://www.instagram.com/brindasharma,Social - Instagram,,,,,,,Travel,India,Lifestyle & Personal Life,,,IN,International,
Brissa Pabón,brissa-pabon,Explainer Noticias,https://www.tiktok.com/@brissapabon,Social - TikTok,Social - Facebook,https://www.facebook.com/p/Brissa-Pabon-100088505291004,,,,,"General News, Explanatory",Bolivia,"General News, Journalism Formats",,,,Bolivia,Global_South_World
Britt Wray,britt-wray,Unthinkable,https://unthinkable.substack.com,Newsletter - Substack,Social - BlueSky,https://bsky.app/profile/brittwray.bsky.social,,,,,Climate/Environment,"Palo Alto, CA",Science Health & Environment,Palo Alto,CA,US,West,
Brittney McNamara,brittney-mcnamara,La Fronde,https://la-fronde.com/,Newsletter - Beehiiv,Social - BlueSky,https://bsky.app/profile/brittneymac15.bsky.social,,,,,"Media/Power, Gender",National - US,"Social Issues, Culture & Media",,,US,National,
Brody Mullins,brody-mullins,The Deciders,https://www.535.news,Website,,,,,,,"Politics, Government Accountability","Washington, DC",Power & Politics,Washington,DC,US,Mid-Atlantic,
Brou Quinn,brou-quinn,215phillyfood,https://www.instagram.com/215phillyfood,Social - Instagram,,,,,,,"Food, Local","Philadelphia, PA","Civic Life, Lifestyle & Personal Life",Philadelphia,PA,US,Northeast,
Bruce Maples,bruce-maples,Forward Kentucky,https://ForwardKY.com,Website,,,,,,,"Politics, Local","Louisville, KY","Power & Politics, Civic Life",Louisville,KY,US,South,
Bruce Schneier,bruce-schneier,Schneier on Security,https://www.schneier.com,Website,,,,,,,Tech,"Boston, MA",Money & Work,Boston,MA,US,Northeast,
Bruce Unfiltered,bruce-unfiltered,Bruce Unfiltered,https://www.youtube.com/@BruceUnfiltered,Video - YouTube,Social - Instagram,https://www.instagram.com/bruceunfiltered/,,,,,Politics,UK,Power & Politics,,,GB,International,
Bryan Anderson,bryan-anderson,Anderson Alerts,andersonalerts.substack.com,Newsletter - Substack,Social - BlueSky,https://bsky.app/profile/bryanranderson.bsky.social,,,,,"Politics, Local",North Carolina - US,"Power & Politics, Civic Life",,NC,US,South,
Bryan M. Vance,bryan-m-vance,Stumptown Savings,https://stumptownsavings.com,Newsletter - Beehiiv,,,,,,,"Finance/Economics, Local","Portland, OR","Civic Life, Money & Work",Portland,OR,US,West,
Bryan Schott,bryan-schott,Utah Political Watch,https://utahpolitics.news,Newsletter - Ghost,Social - BlueSky,https://bsky.app/profile/schotthappens.com,,,,,"Politics, Local",Utah - US,"Power & Politics, Civic Life",,UT,US,West,
Bryce Covert,bryce-covert,Bryce Covert,https://mailchi.mp/39215d5120eb/sign-up-for-bryce-coverts-newsletter,Newsletter - Other,,,,,,,"Finance/Economics, Labor/Workers Rights","New York, NY",Money & Work,New York,NY,US,Northeast,
"Burcin ""Kaia"" Dalkanat",burcin-kaia-dalkanat,"Burcin ""Kaia"" Dalkanat",https://www.instagram.com/myfoodadventuresdc/,Social - Instagram,Video - TikTok,https://www.tiktok.com/@myfoodadventuresdc,,,,,Restaurants and bars,"Washington, DC",Lifestyle & Personal Life,Washington,DC,US,Mid-Atlantic,
Byrne Hobart,byrne-hobart,The Diff,https://www.thediff.co,Newsletter - Other,,,,,,,"Finance/Economics, Tech","Austin, TX",Money & Work,Austin,TX,US,South,
Cahal Moran,cahal-moran,Unlearning Economics,https://www.youtube.com/@unlearningeconomics9021,Video - YouTube,,,,,,,Finance/Economics,United Kingdom,Money & Work,,,GB,International,
Caitlin Dewey,caitlin-dewey,Links I Would GChat You If We Were Friends,https://linksiwouldgchatyou.substack.com,Newsletter - Substack,,,,,,,Internet Culture,National - US,Culture & Media,,,US,National,
Caitlin Gilbert,caitlin-gilbert,Wrong Number,https://caitlinsgilbert.com,Newsletter - Beehiiv,,,,,,,General News,"New York, NY",General News,New York,NY,US,Northeast,
Caitlin Johnstone,caitlin-johnstone,Caitlin Johnstone,https://www.caitlinjohnst.one,Newsletter - Substack,Social - BlueSky,https://bsky.app/profile/caitoz.bsky.social,,,,,"Politics, Media/Power, World",Australia,"Power & Politics, General News, Culture & Media",,,AU,International,
Caitlin Rivers,caitlin-rivers,Force of Infection,https://caitlinrivers.substack.com,Newsletter - Substack,Social - BlueSky,https://bsky.app/profile/cmyeaton.bsky.social,,,,,Health/Wellness,United Kingdom,Science Health & Environment,,,GB,International,
Caitlin Schmidt,caitlin-schmidt,Tucson Spotlight,https://www.tucsonspotlight.org,Website,Video - Instagram,https://www.instagram.com/caitlincschmidt,,,,,Entertainment/Hollywood,"Atlanta, GA",Culture & Media,Atlanta,GA,US,South,
Cal Newport,cal-newport,Deep Questions with Cal Newport,https://www.calnewport.com,Podcast,Newsletter - Other,,,,,,"Careers, Self-Help","Takoma Park, MD","Money & Work, Lifestyle & Personal Life",Takoma Park,MD,US,South,
Caleb Hammer,caleb-hammer,Caleb Hammer,https://www.youtube.com/@calebhammer,Video - YouTube,Social - BlueSky,https://bsky.app/profile/chipmonkfunk.bsky.social,,,,,Personal Finance,"Austin, TX",Money & Work,Austin,TX,US,South,
Caleb Harmon-Marshall,caleb-harmon-marshall,Gate Access,https://www.tiktok.com/@travelwiththeharmony,Video - TikTok,Newsletter - Substack,https://gateaccess.substack.com,,,,,Travel,"Atlanta, GA",Lifestyle & Personal Life,Atlanta,GA,US,South,
Cam Rodriguez,cam-rodriguez,foiaday,buttondown.com/foiaday,Newsletter - Other,Social - BlueSky,https://bsky.app/profile/camrodriguez.bsky.social,,,,,"Investigative, Data Visualization, Government Accountability","Chicago, IL","Power & Politics, Journalism Formats",Chicago,IL,US,Midwest,
Cam Vargas,cam-vargas,Arguably,https://www.arguably.uk,Newsletter - Substack,,,,,,,Politics,"London, UK",Power & Politics,London,,UK,International,
Cameron Cowan,cameron-cowan,The Cameron Journal,https://www.cameronjournal.com,Website,,,,,,,Culture,National - US,Culture & Media,,,US,National,
Cameron Murray,cameron-murray,Fresh Economic Thinking,https://www.fresheconomicthinking.com,Newsletter - Substack,,,,,,,Urban Planning,Australia,Civic Life,,,AU,International,
Camille Copeland,camille-copeland,Generocity,https://generocity.org,Website,,,,,,,Education,"Los Angeles, CA",Civic Life,Los Angeles,CA,US,West,
Candace Owens,candace-owens,Candace Owens,https://www.youtube.com/@RealCandaceO,Video - YouTube,Social - Twitter / X,https://x.com/RealCandaceO,Social - BlueSky,https://bsky.app/profile/realcandaceowens.bsky.social,,,Politics,National - US,Power & Politics,,,US,National,
Cara Goodwin,cara-goodwin,Parenting Translator,https://parentingtranslator.substack.com,Newsletter - Substack,,,,,,,Parenting,"Charlottesville, VA",Lifestyle & Personal Life,Charlottesville,VA,US,South,
Cara MariAnna,cara-marianna,Winter Wheat,https://winterwheat.substack.com,Newsletter - Substack,,,,,,,"Foreign Policy, Investigative",,"Power & Politics, Journalism Formats",,,,,
Carey Bunker,carey-bunker,The Neshobe Current,https://neshobecurrent.org,Website,,,,,,,Local,"Brandon, VT",Civic Life,Brandon,VT,US,Northeast,
Carl Chery,carl-chery,Carl Chery,https://carlchery.substack.com,Newsletter - Substack,,,,,,,Culture,"Los Angeles, CA",Culture & Media,Los Angeles,CA,US,West,
Carla Angola,carla-angola,Carla Angola,https://www.instagram.com/carlaangola,Video - Instagram,,,,,,,World,"Miami, FL",General News,Miami,FL,US,South,
Carla Lalli Music,carla-music,Food Processing,https://carlalalli.substack.com/,Newsletter - Substack,,,,,,,Recipes,"Brooklyn, NY",Lifestyle & Personal Life,Brooklyn,NY,US,Northeast,
Carla Sanchez,carla-sanchez,Carla Sanchez,https://www.instagram.com/spicycandydc/,Social - Instagram,Video - TikTok,https://www.tiktok.com/@spicycandydc,,,,,Restaurants and bars,"Washington, DC",Lifestyle & Personal Life,Washington,DC,US,Mid-Atlantic,
Carla Zanoni,carla-zanoni,The Em Dash,https://carla.substack.com,Newsletter - Substack,Social - BlueSky,https://bsky.app/profile/carlazanoni.bsky.social,,,,,"Culture, Books/Writing","New York, NY",Culture & Media,New York,NY,US,Northeast,
Carldez Goodley,carldez-goodley,Hoodanchorye,https://www.instagram.com/hoodanchorye,Video - Instagram,Video - TikTok,https://www.tiktok.com/@cartier11_1,,,,,Local,"Atlanta, GA",Civic Life,Atlanta,GA,US,South,
Carlos Eduardo Espina,carlos-eduardo-espina,Carlos Eduardo Espina,https://www.tiktok.com/@carlos_eduardo_espina,Video - TikTok,,,,,,,"Politics, Immigration","Houston, TX","Power & Politics, Social Issues",Houston,TX,US,South,
Carlos Valverde Bravo,carlos-valverde-bravo,Sin Compostura,https://www.youtube.com/c/CARLOSVALVERDEENLARED,Video - YouTube,Social - TikTok,https://www.tiktok.com/@carlosfvalverde,,,,,"General News, Politics",Bolivia,"Power & Politics, General News",,,,Bolivia,Global_South_World
Carolay Morales,carolay-morales,Carolay Morales,https://www.tiktok.com/@carolaymoralesp,Social - TikTok,Social - Instagram,https://www.instagram.com/carolaymorales/,,,,,"Immigration, Human Rights, Inequality, Investigative","Bogotá, Colombia","Social Issues, Journalism Formats",Bogotá,,CO,International,
Carole Cadwalladr,carole-cadwalladr,How to Survive the Broligarchy,https://broligarchy.substack.com/,Newsletter - Substack,,,,,,,"Tech, Politics","London, UK","Power & Politics, Money & Work",London,,UK,International,
Carolina Gelen,carolina-gelen,,https://carolinagelen.substack.com,Newsletter - Substack,Website,https://carolinagelen.com,,,,,Recipes,,Lifestyle & Personal Life,,,,,
Caroline Chambers,caroline-chambers,What to Cook When You Don’t Feel Like Cooking,https://www.instagram.com/carochambers,Video - Instagram,Newsletter - Substack,https://carolinechambers.substack.com,,,,,Food,"Carmel Valley, CA",Lifestyle & Personal Life,Carmel Valley,CA,US,West,
Caroline Crampton,caroline-crampton,The Browser,https://thebrowser.com,Newsletter - Ghost,,,,,,,General News,United Kingdom,General News,,,GB,International,
Caroline Criado Perez,caroline-criado-perez,Invisible Women,https://newsletter.carolinecriadoperez.com,Newsletter - Substack,Social - BlueSky,https://bsky.app/profile/ccriadoperez.bsky.social,,,,,Science,"London, England",Science Health & Environment,London,England,,,
Caroline Eden,caroline-eden,Journeys Beyond Borders,https://carolineeden.substack.com/,Newsletter - Substack,,,,,,,"Food, Travel",United Kingdom,Lifestyle & Personal Life,,,GB,International,
Caroline Moss,caroline-moss,"Gee Thanks, Just Bought It!",https://www.geethanksjustboughtit.com,Newsletter - Substack,,,,,,,Media/Power,,Culture & Media,,,,,
Caroline Patton,caroline-patton,Chicago Show Calendar,https://chicagoshowcal.substack.com,Newsletter - Substack,,,,,,,"Culture, Local, Music, Things to Do","Chicago, IL","Civic Life, Culture & Media, Lifestyle & Personal Life",Chicago,IL,US,Midwest,
Caroline Saunders,caroline-saunders,Pale Blue Tart,https://palebluetart.substack.com,Newsletter - Substack,Website,https://www.caroline-saunders.com/,,,,,"Climate/Environment, Food","New York, NY","Science Health & Environment, Lifestyle & Personal Life",New York,NY,US,Northeast,
Caroline's Playlist,carolines-playlist,Caroline's Playlist,https://www.instagram.com/maria.bastasch/,Social - Instagram,Newsletter - Substack,https://substack.com/@carosplaylists,Social - TikTok,https://www.tiktok.com/@carosplaylists,Website,http://carosplaylists.com/?utm_source=ig&utm_medium=social&utm_content=link_in_bio&fbclid=PAZXh0bgNhZW0CMTEAc3J0YwZhcHBfaWQMMjU2MjgxMDQwNTU4AAGnrqJ_mxIPDfkd4uFQNiuEv7alzWPEARWysaFal1_kYyqqalKAyXXjIaoYtfc_aem_h8o6nd4LktB87TNUyLBs3A\,Music,"Washington, DC",Culture & Media,Washington,DC,US,Mid-Atlantic,
Carolyn Thomas,carolyn-thomas,School of Traditional Skills,https://schooloftraditionalskills.com,Website,Video - YouTube,https://www.youtube.com/@SchoolofTraditionalSkills,,,,,"Outdoors, Lifestyle, Home","Bonners Ferry, ID",Lifestyle & Personal Life,Bonners Ferry,ID,US,West,
Casey Fiesler,casey-fiesler,Professor Casey,https://www.tiktok.com/@professorcasey,Video - TikTok,Video - Instagram,https://www.instagram.com/professorcasey,,,,,"Tech, Education","New York, NY","Civic Life, Money & Work",New York,NY,US,Northeast,
Casey Lewis,casey-lewis,After School,https://afterschool.substack.com,Newsletter - Substack,Social - BlueSky,https://bsky.app/profile/caseymlewis.bsky.social,,,,,Internet Culture,National - US,Culture & Media,,,US,National,
Casey Newton,casey-newton,Platformer,https://www.platformer.news,Newsletter - Ghost,Social - BlueSky,https://bsky.app/profile/caseynewton.bsky.social,,,,,Tech,National - US,Money & Work,,,US,National,
Cassandra Brooklyn,cassandra-brooklyn,Cassandra Brooklyn,https://www.escapingny.com,Website,,,,,,,Travel,"New York, NY",Lifestyle & Personal Life,New York,NY,US,Northeast,Institute_for_Independent_Journalists
Cassandra Stone,cassandra-stone,Cassandra Stone,https://www.instagram.com/dressuncoded/,Social - Instagram,Website,https://dressuncoded.com/,Video - TikTok,https://www.tiktok.com/@dressuncoded,Social - BlueSky,https://bsky.app/profile/cassandrastone.bsky.social,Lifestyle,"Washington, DC",Lifestyle & Personal Life,Washington,DC,US,Mid-Atlantic,
Catherine Goetze,catherine-goetze,CatGPT,https://www.askcatgpt.com,Video - Instagram,Video - YouTube,https://www.youtube.com/@askcatgpt,,,,,Tech,National - US,Money & Work,,,US,National,
Catherine Herridge,catherine-herridge,Catherine Herridge Reports,https://catherineherridgereports.com,Newsletter - Beehiiv,Social - Twitter / X,https://x.com/C__Herridge,Social - BlueSky,https://bsky.app/profile/catherineherridge.bsky.social,,,"Investigative, Government Accountability, National Security","Washington, DC","Power & Politics, Journalism Formats",Washington,DC,US,Mid-Atlantic,
Celine Gounder,celine-gounder,What I Can & Can't Say on,https://www.celinegounder.com/,Newsletter - Substack,Social - BlueSky,https://bsky.app/profile/celinegounder.com,,,,,Health/Wellness,"New York, NY",Science Health & Environment,New York,NY,US,Northeast,
Celine Murillo,celine-murillo,Celine Murillo,https://www.instagram.com/celinemurillo_,Social - Instagram,Social - TikTok,https://www.tiktok.com/@celinemurillo_,,,,,Climate/Environment,Philippines,Science Health & Environment,,,PH,International,Global_South_World
Cesar Cuauhtémoc García Hernández,cesar-cuauhtemoc-garcia-hernandez,Crimmigration,https://www.facebook.com/crimmigration/,Social - Facebook,,,,,,,Immigration,"Columbus, OH",Social Issues,Columbus,OH,US,Midwest,
Cesar Madison Tapia,cesar-madison-tapia,Cesar Madison Tapia,https://www.tiktok.com/@bettercallcj,Social - TikTok,Social - Instagram,https://www.instagram.com/bettercallcj/,Social - Twitter / X,https://x.com/bettercallcj,Social - BlueSky,https://bsky.app/profile/cjmadison.bsky.social,Politics,"Washington, DC",Power & Politics,Washington,DC,US,Mid-Atlantic,
Chai & Sunkist,chai-sunkist,Chai & Sunkist,https://www.instagram.com/madoverexploring/,Social - Instagram,Video - TikTok,https://www.tiktok.com/@madoverexploring,Video - YouTube,https://www.youtube.com/@madoverexploring,,,Travel,"Washington, DC",Lifestyle & Personal Life,Washington,DC,US,Mid-Atlantic,
Charlene Rhinehart,charlene-rhinehart,Chicago Southsider,https://chicagosouthsider.substack.com,Newsletter - Substack,,,,,,,"Local, Politics","Chicago, IL","Power & Politics, Civic Life",Chicago,IL,US,Midwest,
Charles Gaba,charles-gaba,ACA Signups,https://acasignups.net,Website,,,,,,,Health/Wellness,"Bloomfield Hills, MI",Science Health & Environment,Bloomfield Hills,MI,US,Midwest,
Charlie Kilman,charlie-kilman,Our Changing Climate,https://www.youtube.com/@OurChangingClimate,Video - YouTube,,,,,,,Climate/Environment,"New York, NY",Science Health & Environment,New York,NY,US,Northeast,
Charlie Meyerson,charlie-meyerson,Chicago Public Square,https://www.chicagopublicsquare.com,Newsletter - Other,,,,,,,"Local, Politics","Chicago, IL","Power & Politics, Civic Life",Chicago,IL,US,Midwest,
Charlotte Clymer,charlotte-clymer,Charlotte's Web Thoughts,https://charlotteclymer.substack.com,Newsletter - Substack,Social - BlueSky,https://bsky.app/profile/charlotteclymer.bsky.social,,,,,"LGBTQIA, Politics","Washington, DC","Power & Politics, Social Issues",Washington,DC,US,Mid-Atlantic,
Charlotte Gage,charlotte-gage,Your Pal Charlotte,https://www.tiktok.com/@yourpalcharlotte,Video - TikTok,Video - Instagram,https://www.instagram.com/yourpalcharlotte/,,,,,Transportation,Virginia - US,Lifestyle & Personal Life,,VA,US,South,
Charlotte Salley,charlotte-salley,Hot Bones,https://hotbones.beehiiv.com,Newsletter - Beehiiv,,,,,,,"Local, Health/Wellness","Washington, DC","Civic Life, Science Health & Environment",Washington,DC,US,Mid-Atlantic,
Charlotte Smith,charlotte-smith,Culture of Law Firm,https://cultureoflawfirm.substack.com,Newsletter - Substack,,,,,,,"Law/Legal Issues, Politics, Self-Help",California - US,"Power & Politics, Lifestyle & Personal Life",,CA,US,West,
Charlotte Wilder,charlotte-wilder,Sports Gossip Show,https://www.sportsgossipshow.com,Newsletter - Substack,Social - BlueSky,https://bsky.app/profile/thewilderthings.bsky.social,,,,,Sports,National - US,Lifestyle & Personal Life,,,US,National,
Chas Hundley,chas-hundley,News in the Grove / Banks Post,https://www.newsinthegrove.com,Website,Social - BlueSky,https://bsky.app/profile/chashundley.bsky.social,Social - Facebook,https://www.facebook.com/facebook.com,,,Local,Oregon - US,Civic Life,,OR,US,West,
Chase Cain,chase-cain,Chase What Matters,https://www.youtube.com/@chasecain,Video - YouTube,Website,https://www.chasecain.com/,Social - BlueSky,https://bsky.app/profile/chasecain.bsky.social,,,"Climate/Environment, Science, Explanatory","San Francisco, CA","Science Health & Environment, Journalism Formats",San Francisco,CA,US,West,
Chase Hughes,chase-hughes,The Behavior Panel,https://www.youtube.com/@TheBehaviorPanel,Video - YouTube,,,,,,,"Politics, General News, Crime",National - US,"Power & Politics, Civic Life, General News",,,US,National,
Chase Vondran,chase-vondran,Explore With Chase,https://www.tiktok.com/@explorewithchase,Video - TikTok,,,,,,,"Things to Do, Travel, Restaurants and bars, Lifestyle, LGBTQIA","Chicago, IL","Social Issues, Lifestyle & Personal Life",Chicago,IL,US,Midwest,
Chatwan Mongkol,chatwan-mongkol,Soiciety,https://www.soiciety.com,Website,,,,,,,Local,"Bangkok, Thailand",Civic Life,Bangkok,,TH,International,
Chenjerai Kumanyika,chenjerai-kumanyika,Scene on Radio (audio documentary),https://sceneonradio.org/about/,Podcast,,,,,,,Politics,"New York, NY",Power & Politics,New York,NY,US,Northeast,
Cherie Brooke Luo,cherie-brooke-luo,Tiger Sisters,https://tigersisterspodcast.com,Podcast,Video - Instagram,https://www.instagram.com/cherie.brooke/,,,,,Personal Finance,National - US,Money & Work,,,US,National,
Cherisse Rivera,cherisse-rivera,Cherisse Rivera,https://www.instagram.com/instacmr/,Social - Instagram,Social - Threads,http://threads.com/@instacmr,,,,,Music,"Washington, DC",Culture & Media,Washington,DC,US,Mid-Atlantic,
Cherith Fluker,cherith-fluker,Cherith Fluker,https://www.cherithfluker.com/,Website,,,,,,,"Travel, Lifestyle","Birmingham, AL",Lifestyle & Personal Life,Birmingham,AL,US,South,Institute_for_Independent_Journalists
Cheryl Rofer,cheryl-rofer,Nuclear Diner,https://nucleardiner.wordpress.com,Website,Social - BlueSky,https://bsky.app/profile/cherylrofer.bsky.social,,,,,National Security,"Santa Fe, NM",Power & Politics,Santa Fe,NM,US,West,
Cheryl Wischhover,cheryl-anne-nygaard,Good for Your Age,https://goodforyourage.substack.com,Newsletter - Substack,,,,,,,Beauty,National - US,Lifestyle & Personal Life,,,US,National,
Cheyenne Lin,cheyenne-lin,Cheyenne Lin,https://www.youtube.com/@CheyenneLin,Video - YouTube,Social - BlueSky,https://bsky.app/profile/cheyennelin.bsky.social,,,,,Culture,United States,Culture & Media,,,US,National,
Chico Felitti,chico-felitti,Chico Felitti,https://www.instagram.com/chicofelitti,Video - Instagram,,,,,,,"World, Investigative",Brazil,"General News, Journalism Formats",,,BR,International,
Chloe Cockburn,chloe-cockburn,Just Impact,https://justimpact.substack.com,Newsletter - Substack,Social - BlueSky,https://bsky.app/profile/chloecockburn.bsky.social,,,,,"Crime, Law/Legal Issues","New York, NY","Power & Politics, Civic Life",New York,NY,US,Northeast,
Chloe Zhang,chloe-zhang,That Girl Chloe,https://www.instagram.com/thatgirlchloe.z,Video - Instagram,,,,,,,"Lifestyle, Dating/Romance","Washington, DC",Lifestyle & Personal Life,Washington,DC,US,Mid-Atlantic,
Chris Arnade,chris-arnade,Chris Arnade,https://chrisarnade.substack.com,Newsletter - Substack,,,,,,,"Politics, Lifestyle",National - US,"Power & Politics, Lifestyle & Personal Life",,,US,National,
Chris Broad,chris-broad,Abroad in Japan,https://www.youtube.com/channel/UCHL9bfHTxCMi-7vfxQ-AYtg,Video - YouTube,,,,,,,"Travel, Culture","Tokyo, Japan","Culture & Media, Lifestyle & Personal Life",Tokyo,,JP,International,
Chris Cillizza,chris-cillizza,So What,https://chriscillizza.substack.com,Newsletter - Substack,Social - BlueSky,https://bsky.app/profile/chriscillizza.bsky.social,,,,,Politics,"Washington, DC",Power & Politics,Washington,DC,US,Mid-Atlantic,
Chris Clarke,chris-clarke,Letters from the Desert,https://lettersfromthedesert.substack.com,Newsletter - Substack,Video - Instagram,,,,,,Climate/Environment,California - US,Science Health & Environment,,CA,US,West,
Chris D'angelo,chris-dangelo,Public Domain,https://www.publicdomain.media,Newsletter - Substack,Social - Twitter / X,https://x.com/c_m_dangelo,,,,,Climate/Environment,Maine - US,Science Health & Environment,,ME,US,Northeast,
Chris Dixon,chris-dixon,Chris Dixon,https://x.com/cdixon,Social - Twitter / X,Social - BlueSky,https://bsky.app/profile/00chrisdixon00.bsky.social,,,,,Tech,"San Francisco, CA",Money & Work,San Francisco,CA,US,West,
Chris Do,chris-do,The Futur,https://thefutur.com/,Video - YouTube,Podcast,,,,,,"Business, Design","Los Angeles, CA","Money & Work, Culture & Media",Los Angeles,CA,US,West,
Chris Dolo,chris-dolo,Chris Dolo,https://www.tiktok.com/@.chrisdolo,Video - TikTok,,,,,,,"Restaurants and bars, Recipes, Food, Local","Chicago, IL","Civic Life, Lifestyle & Personal Life",Chicago,IL,US,Midwest,
Chris Dong,chris-dong,,https://chrisdong.substack.com,Newsletter - Substack,Social - Instagram,https://www.instagram.com/thechrisflyer,Social - LinkedIn,https://www.linkedin.com/in/christopherdong/,,,Travel,,Lifestyle & Personal Life,,,,,
Chris Franzoni,chris-franzoni,eatmorebemore,https://www.instagram.com/eatmorebemore,Video - Instagram,,,,,,,Restaurants and bars,"Baltimore, MD",Lifestyle & Personal Life,Baltimore,MD,US,South,
Chris Gayomali,chris-gayomali,,https://heavies.substack.com/,Newsletter - Substack,Social - Instagram,https://www.instagram.com/chrisgayomali/,,,,,Fitness,"Brooklyn, NY",Lifestyle & Personal Life,Brooklyn,NY,US,Northeast,
Chris Geidner,chris-geidner,Law Dork,https://www.lawdork.com,Newsletter - Substack,Social - BlueSky,https://bsky.app/profile/chrisgeidner.bsky.social,,,,,Government Accountability,National - US,Power & Politics,,,US,National,
Chris Hutton,chris-hutton,TTRPG Insider,https://www.ttrpginsider.news,Newsletter - Beehiiv,Social - BlueSky,https://bsky.app/profile/newsnerd.bsky.social,,,,,Games/Gaming,"Washington, DC",Culture & Media,Washington,DC,US,Mid-Atlantic,
Chris Koeherne,chris-koeherne,Chris Koeherne,https://www.linkedin.com/in/cjkoerner,Social - LinkedIn,,,,,,,"Careers, Tech","Dallas, TX",Money & Work,Dallas,TX,US,South,
Chris Koerner,chris-koerner,The Koerner Office,https://www.thekoerneroffice.com/,Podcast,Video - YouTube,,,,,,Business,Texas - US,Money & Work,,TX,US,South,
Chris La Tray,chris-la-tray,The Irritable Métis,https://chrislatray.substack.com,Newsletter - Substack,Website,https://www.chrislatray.com,Social - BlueSky,https://bsky.app/profile/chrislatray.bsky.social,,,"Local, Outdoors, Climate/Environment, Activism, Art","Montana, U.S. ","Social Issues, Civic Life, Science Health & Environment, Culture & Media, Lifestyle & Personal Life",Montana,U.S.,,,
Chris Mooney,chris-mooney,Report Earth,https://reportearth.substack.com,Newsletter - Substack,Social - BlueSky,https://bsky.app/profile/chriscmooney.bsky.social,,,,,Climate/Environment,"Charlottesville, VA",Science Health & Environment,Charlottesville,VA,US,South,
Chris Plante,chris-plante,Post Games,https://postgame.substack.com/,Newsletter - Substack,,,,,,,Culture,,Culture & Media,,,,,
Chris Richards,chris-richards,The Future is Ours to Make,https://thefutureisourstomake.substack.com,Newsletter - Substack,Video - Instagram,https://www.instagram.com/chris___richards/,Social - BlueSky,https://bsky.app/profile/chrisrichards.bsky.social,,,"Business, Music","Washington, DC","Money & Work, Culture & Media",Washington,DC,US,Mid-Atlantic,
Chris Van Vliet,chris-van-vliet,Chris Van Vliet,https://www.youtube.com/@ChrisVanVliet,Video - YouTube,,,,,,,Entertainment/Hollywood,"Los Angeles, CA",Culture & Media,Los Angeles,CA,US,West,
Chris Wadsworth,chris-wadsworth,The Burn,https://theburn.com,Website,,,,,,,Local,"Ashburn, VA",Civic Life,Ashburn,VA,US,South,
Christene Barberich,christene-barberich,,https://atinyapartment.substack.com/,Newsletter - Substack,Social - Instagram,https://www.instagram.com/christenebarberich/,,,,,Home,"Brooklyn, NY",Lifestyle & Personal Life,Brooklyn,NY,US,Northeast,
Christian Bryant,christian-bryant,Christian P. Bryant,https://christianpbryant.substack.com/,Newsletter - Substack,Social - Instagram,https://www.instagram.com/christianpbryant/,Video - TikTok,https://www.tiktok.com/@christianpbryant,Social - BlueSky,https://bsky.app/profile/cgbryant.bsky.social,"Culture, Politics","Washington, DC","Power & Politics, Culture & Media",Washington,DC,US,Mid-Atlantic,
Christian Caple,christian-caple,On Montlake -- Washington Huskies football coverage,https://www.onmontlake.com/,Newsletter - Ghost,,,,,,,Media/Power,"Tacoma, WA",Culture & Media,Tacoma,WA,US,West,
Christiana Figueres,christiana-figueres,Outrage + Optimism,https://www.outrageandoptimism.org,Podcast,,,,,,,Climate/Environment,"San Jose, Costa Rica",Science Health & Environment,San Jose,,CR,International,
Christiana Mbakwe Medina,christiana-mbakwe-medina,Pop Syllabus,https://popsyllabus.substack.com,Newsletter - Substack,Podcast,,,,,,"Culture, Media/Power","Los Angeles, CA",Culture & Media,Los Angeles,CA,US,West,
Christina Paschyn,christina-paschyn,Christina Paschyn,https://christinapaschyn.com/,Website,,,,,,,"World, Gender, Human Rights","Doha, Qatar","Social Issues, General News",Doha,Qatar,,,Institute_for_Independent_Journalists
Christine Muhlke,christine-muhlke,Xtine,https://xtinenyc.substack.com,Newsletter - Substack,,,,,,,"Food, Culture","New York, NY","Culture & Media, Lifestyle & Personal Life",New York,NY,US,Northeast,
Christine Platt,christine-platt,The Afrominimalist,www.iamchristineplatt.com,Website,,,,,,,"Culture, Identity/Belonging",National - US,"Social Issues, Culture & Media",,,US,National,
Christine Zhang,christine-zhang,Wrong Number,https://christineyzhang.com,Newsletter - Beehiiv,,,,,,,General News,"New York, NY",General News,New York,NY,US,Northeast,
Christophe Haubursin,christophe-haubursin,Tunnel Vision,https://www.youtube.com/@christophe,Video - YouTube,,,,,,,Tech,"New York, NY",Money & Work,New York,NY,US,Northeast,
Christopher Barnatt,christopher-barnatt,ExplainingComputers,https://www.youtube.com/@ExplainingComputers,Video - YouTube,,,,,,,Tech,United Kingdom,Money & Work,,,GB,International,
Christopher Chern,christopher-chern,Christopher Chern,https://www.instagram.com/wwwchris/,Social - Instagram,Website,https://www.christopherchern.com/,,,,,Photography,"Washington, DC",Culture & Media,Washington,DC,US,Mid-Atlantic,
Christopher Curtis,christopher-curtis,The Rover,http://therover.ca,Website,Social - BlueSky,https://bsky.app/profile/titocurtis.bsky.social,,,,,World,Canada,General News,,,CA,International,
Christopher Dring,christopher-dring,The Game Business,https://www.thegamebusiness.com/,Newsletter - Substack,,,,,,,Media/Power,United Kingdom,Culture & Media,,,GB,International,
Christy Harrison,christy-harrison,Christy Harrison,https://christyharrison.substack.com,Newsletter - Substack,Podcast,https://christyharrison.com/foodpsych,,,,,Health/Wellness,National - US,Science Health & Environment,,,US,National,
Chuck Todd,chuck-todd,The Chuck ToddCast,https://www.thechucktoddcast.com,Podcast,Newsletter - Substack,https://chucktodd.substack.com,,,,,Politics,"Washington, DC",Power & Politics,Washington,DC,US,Mid-Atlantic,
Cindy DiTiberio,cindy-ditiberio,,https://cindyditiberio.substack.com,Newsletter - Substack,Social - Instagram,https://instagram.com/cindy.ditiberio,,,,,Parenting,"Palo Alto, CA",Lifestyle & Personal Life,Palo Alto,CA,US,West,
CJ Gustafson,cj-gustafson,Mostly Metrics,https://www.mostlymetrics.com,Newsletter - Beehiiv,Social - LinkedIn,https://www.linkedin.com/in/cj-gustafson-13140948,Social - BlueSky,https://bsky.app/profile/cjgustafson.bsky.social,,,Finance/Economics,National - US,Money & Work,,,US,National,
CK,ck-hypefoodies,Hype Foodies,https://www.instagram.com/hypefoodies,Video - Instagram,Video - TikTok,https://www.tiktok.com/@hypefoodies,,,,,"Restaurants and bars, Travel","Washington, DC",Lifestyle & Personal Life,Washington,DC,US,Mid-Atlantic,
CK & Diane,ck-diane,CK & Diane,https://www.instagram.com/hypefoodies/,Social - Instagram,Video - TikTok,https://www.tiktok.com/@hypefoodies,,,,,Restaurants and bars,"Washington, DC",Lifestyle & Personal Life,Washington,DC,US,Mid-Atlantic,
Claire Dinhut,claire-dinhut,CondimentClaire,https://condimentclaire.substack.com/,Newsletter - Substack,,,,,,,Culture,,Culture & Media,,,,,
Claire McNamara,claire-mcnamara,Oh My Rockness,https://www.ohmyrockness.com,Website,,,,,,,"Things to Do, Music","New York, NY","Culture & Media, Lifestyle & Personal Life",New York,NY,US,Northeast,
Claire Willett,claire-willett,Claire Willett,https://bsky.app/profile/clairewillett.bsky.social,Social - BlueSky,,,,,,,"Politics, Culture",National - US,"Power & Politics, Culture & Media",,,US,National,
Clara,clara-hmm-thats-interesting,"Hmm, That's Interesting",https://www.colormeloverly.com,Newsletter - Substack,Video - Instagram,https://www.instagram.com/colormeloverly/,,,,,"Culture, Internet Culture","New York, NY",Culture & Media,New York,NY,US,Northeast,
Clara Browne,clara-browne,intern3t!!!11,https://intern3t.substack.com/,Newsletter - Substack,,,,,,,Culture,Brazil,Culture & Media,,,BR,International,
Clara Soteras,clara-soteras,clarasoteras.com,https://clarasoteras.com/en/books,Website,Social - BlueSky,https://bsky.app/profile/clarasoteras.com,Social - Twitter / X,https://x.com/ClaraSoteras,Video - Instagram,https://www.instagram.com/clara_soteras,Media/Power,Spain,Culture & Media,,,ES,International,
Claudia Sahm,claudia-sahm,Stay-At-Home Macro,https://stayathomemacro.substack.com,Newsletter - Substack,Social - BlueSky,https://bsky.app/profile/claudia-sahm.bsky.social,,,,,Finance/Economics,"Washington, DC",Money & Work,Washington,DC,US,Mid-Atlantic,
Claudine Zap,claudine-zap,Must Like Fog,https://mustlikefog.substack.com,Newsletter - Substack,,,,,,,"Real Estate, Local","San Francisco, CA","Civic Life, Money & Work",San Francisco,CA,US,West,
Cleo Abram,cleo-abram,Huge If True,https://www.youtube.com/@cleoabram,Video - YouTube,,,,,,,Tech,National - US,Money & Work,,,US,National,
Cobus van Staden,cobus-van-staden,The China-Global South Project,https://chinaglobalsouth.com,Website,Newsletter - Other,,Podcast,,,,Foreign Policy,South Africa,Power & Politics,,,ZA,International,
Codie Sanchez,codie-sanchez,Codie Sanchez,https://codiesanchez.com,Video - YouTube,Podcast,https://www.contrarianthinking.co/podcast,Social - BlueSky,https://bsky.app/profile/codiesanchez.bsky.social,,,"Personal Finance, Business",National - US,Money & Work,,,US,National,
Cody Short Johnson,cody-short-johnson,CoCo's Tea Media,https://www.tiktok.com/@codydonair,Video - TikTok,Video - Instagram,https://www.instagram.com/codydonair,,,,,"Local, Identity/Belonging",Alabama - US,"Social Issues, Civic Life",,AL,US,South,
Coffee Travel DMV,coffee-travel-dmv,Coffee Travel DMV,https://www.instagram.com/coffee_travel_dmv/,Social - Instagram,Video - TikTok,https://www.tiktok.com/@coffee_travel_dmv,,,,,Lifestyle,"Washington, DC",Lifestyle & Personal Life,Washington,DC,US,Mid-Atlantic,
Colby Dorfman,colby-dorfman,Half Past Moon,https://www.instagram.com/halfpast.noon,Video - Instagram,,,,,,,Sports,National - US,Lifestyle & Personal Life,,,US,National,
Colin Alsheimer,colin-alsheimer,TWIP (This Week in Podiatry),https://twip.kineticist.com,Newsletter - Other,,,,,,,Games/Gaming,"Boston, MA",Culture & Media,Boston,MA,US,Northeast,
Colin Rocker,colin-rocker,Career Colin,https://www.linkedin.com/in/colinrocker,Social - LinkedIn,Video - TikTok,https://www.tiktok.com/@careercolin,,,,,"Identity/Belonging, Careers",National - US,"Social Issues, Money & Work",,,US,National,
Community As Therapy,community-as-therapy,Community as Therapy,https://www.instagram.com/communityastherapy,Video - Instagram,,,,,,,Mental Health,"Indianapolis, IN",Science Health & Environment,Indianapolis,IN,US,Midwest,
Connie Bowen,connie-bowen,Agriculture Is for People,https://agricultureisforpeople.substack.com,Newsletter - Substack,,,,,,,"Food, Labor/Workers Rights, Agriculture, Local","St. Louis, MO","Civic Life, Money & Work, Lifestyle & Personal Life",St. Louis,MO,US,Midwest,
Connie Schultz,connie-schultz,,https://connieschultz.substack.com/,Newsletter - Substack,Social - BlueSky,https://bsky.app/profile/connieschultz.bsky.social,Social - Instagram,https://www.instagram.com/schultz_connie/,,,Politics,"Cleveland, OH",Power & Politics,Cleveland,OH,US,Midwest,
Connie Sommer,connie-sommer,The Campus Reporter,https://conniesommer.substack.com/,Newsletter - Substack,,,,,,,"Education, Politics, Culture","Los Angeles, CA","Power & Politics, Civic Life, Culture & Media",Los Angeles,CA,US,West,Institute_for_Independent_Journalists
Connor Nolte,connor-nolte,East Atlanta Anthem,https://eastatlantaanthem.com/,Newsletter - Other,,,,,,,Local,"Atlanta, GA",Civic Life,Atlanta,GA,US,South,
Corey Hutchins,corey-hutchins,Inside the News in Colorado,coloradomedia.substack.com,Newsletter - Substack,Social - BlueSky,https://bsky.app/profile/coreyhutchins.bsky.social,,,,,"Local, Media/Power",Colorado - US,"Civic Life, Culture & Media",,CO,US,West,
Cori Hanna,cori-hanna,Cori In Chicago,https://www.tiktok.com/@coriinthecity,Video - TikTok,Social - BlueSky,https://bsky.app/profile/coriinthecity.bsky.social,,,,,"Things to Do, Travel, Restaurants and bars, Lifestyle, Food, Local","Chicago, IL","Civic Life, Lifestyle & Personal Life",Chicago,IL,US,Midwest,
Cornelia Poku,cornelia-poku,Black Girls Explore DC,https://www.tiktok.com/@blackgirlsexploredc,Video - TikTok,Video - Instagram,https://www.instagram.com/blackgirls.exploredc/,Social - BlueSky,https://bsky.app/profile/bgexploredc.bsky.social,,,Restaurants and bars,"Washington, DC",Lifestyle & Personal Life,Washington,DC,US,Mid-Atlantic,
Cory Doctorow,cory-doctorow,Pluralistic,https://pluralistic.net,Website,Social - Twitter / X,https://x.com/doctorow,Social - BlueSky,https://bsky.app/profile/doctorow.pluralistic.net,,,"Activism, Tech, Law/Legal Issues, Government Accountability","Los Angeles, CA","Power & Politics, Social Issues, Money & Work",Los Angeles,CA,US,West,
Cory Haik,cory-haik,The Intersect,https://podcasts.apple.com/us/podcast/the-intersect-with-cory-corrine/id1811186932,Podcast,,,,,,,Tech,"New York, NY",Money & Work,New York,NY,US,Northeast,
Courtney J. White,courtney-j-white,Courthouse Couture,https://www.tiktok.com/@courthousecouture,Video - TikTok,Video - Instagram,https://www.instagram.com/courthousecouture/,,,,,"Politics, Identity/Belonging",Texas - US,"Power & Politics, Social Issues",,TX,US,South,
Courtney Martin,courtney-martin,,https://courtney.substack.com,Newsletter - Substack,Social - Instagram,https://www.instagram.com/courtwrites/,,,,,Parenting,"Oakland, CA",Lifestyle & Personal Life,Oakland,CA,US,West,
Courtney McGill,courtney-mcgill,Black-Owned Brunswick,https://blackownedbwk.com,Website,,,,,,,Local,"Brunswick, GA",Civic Life,Brunswick,GA,US,South,
Craig Calcaterra,craig-calcaterra,Cup of Coffee,https://cupofcoffee.substack.com,Newsletter - Substack,Website,https://www.cupofcoffeenews.com,Social - BlueSky,https://bsky.app/profile/craigcalcaterra.bsky.social,,,"Sports, Day in a Life",Ohio - US,"Journalism Formats, Lifestyle & Personal Life",,OH,US,Midwest,
Craig Campbell,craig-campbell,Past Maps,https://www.threads.com/@past.maps,Social - Threads,,,,,,,"History, World","Seattle, WA","General News, Culture & Media",Seattle,WA,US,West,
Craig Mod,craig-mod,Craig Mod,https://craigmod.com/newsletters,Newsletter - Other,Social - BlueSky,https://bsky.app/profile/craigmod.com,,,,,Photography,National - US,Culture & Media,,,US,National,
Craig Silverman,craig-silverman,Indicator,https://indicator.media,Newsletter - Beehiiv,Social - BlueSky,https://bsky.app/profile/craigsilverman.bsky.social,,,,,Tech,Canada,Money & Work,,,CA,International,
Cremieux,cremieux,Cremieux Recueil,https://www.cremieux.xyz,Newsletter - Substack,,,,,,,Science,,Science Health & Environment,,,,,
Cris Clapp Logan,cris-clapp-logan,Cris Clapp Logan,https://www.instagram.com/crisclapplogan/,Social - Instagram,Website,https://crisclapplogan.com/,,,,,Art,"Washington, DC",Culture & Media,Washington,DC,US,Mid-Atlantic,
Cristian Salazar,cristian-salazar,Cristian Salazar,https://www.thereceptor.news,Website,,,,,,,Mental Health,"Brooklyn, NY",Science Health & Environment,Brooklyn,NY,US,Northeast,Institute_for_Independent_Journalists
Cristina Pulfo & Andrea Razeto,cristina-pulfo-andrea-razeto,Cristina Pulfo & Andrea Razeto,https://www.instagram.com/borghingordi/,Social - Instagram,,,,,,,Travel,Italy,Lifestyle & Personal Life,,,IT,International,
Curtis Chang,curtis-chang,The Good Faith Podcast,https://goodfaith.org,Podcast,,,,,,,"Faith/Religion, Culture","San Jose, CA","Social Issues, Culture & Media",San Jose,CA,US,West,
César Miguel Rondón,cesar-miguel-rondon,César Miguel Rondón,https://www.instagram.com/rondoncm/,Social - Instagram,Social - Twitter / X,https://x.com/cmrondon,,,,,"Politics, World","Miami, FL","Power & Politics, General News",Miami,FL,US,South,
Cüneyt Özdemir,cuneyt-ozdemir,Cüneyt Özdemir,https://www.youtube.com/@CuneytOzdemir,Video - YouTube,Social - Twitter / X,https://x.com/cuneyt_ozdemir,,,,,Politics,Turkey,Power & Politics,,,TR,International,
D.J. Byrnes,dj-byrnes,The Rooster,https://therooster.com,Newsletter - Substack,,,,,,,"Politics, Local","Columbus, OH","Power & Politics, Civic Life",Columbus,OH,US,Midwest,
Dagogo Altraide,dagogo-altraide,ColdFusion,https://www.youtube.com/@ColdFusion,Video - YouTube,,,,,,,Tech,Australia,Money & Work,,,AU,International,
Dami Lee,dami-lee,Dami Lee,https://www.youtube.com/@DamiLeeArch/videos,Video - YouTube,Video - Instagram,https://www.instagram.com/damileearch/,,,,,"Design, Architecture, Explanatory",National - US,"Culture & Media, Journalism Formats",,,US,National,
Damon Linker,damon-linker,Notes from the Middleground,https://damonlinker.substack.com,Newsletter - Substack,,,,,,,Politics,"Philadelphia, PA",Power & Politics,Philadelphia,PA,US,Northeast,
Dan Blumberg,dan-blumberg,Future Around & Find Out,https://www.futurearound.com,Podcast,Social - BlueSky,https://bsky.app/profile/dblums.bsky.social,,,,,Tech,"New York, NY",Money & Work,New York,NY,US,Northeast,
Dan Boguslaw,dan-boguslaw,Deeper States,https://danboguslaw.substack.com,Newsletter - Substack,,,,,,,"Investigative, Politics, Government Accountability",National - US,"Power & Politics, Journalism Formats",,,US,National,
Dan Carlin,dan-carlin,Hardcore History,https://www.dancarlin.com/,Podcast,Video - YouTube,https://www.youtube.com/@dancarlinpodcaster,Social - BlueSky,https://bsky.app/profile/dancarlin.bsky.social,,,History,National - US,Culture & Media,,,US,National,
Dan Davies,dan-davies,Back of Mind,https://backofmind.substack.com/,Newsletter - Substack,,,,,,,Finance/Economics,,Money & Work,,,,,
Dan Frommer,dan-frommer,The New Consumer,https://newconsumer.com,Newsletter - Other,Social - BlueSky,https://bsky.app/profile/fromedome.bsky.social,,,,,"Finance/Economics, Explanatory","Los Angeles, CA","Money & Work, Journalism Formats",Los Angeles,CA,US,West,
Dan Froomkin,dan-froomkin,Press Watch,https://presswatchers.org,Website,Social - BlueSky,https://bsky.app/profile/froomkin.bsky.social,,,,,Media/Power,National - US,Culture & Media,,,US,National,
Dan Harris,dan-harris,10% Happier,https://www.danharris.com,Newsletter - Substack,Video - Instagram,https://www.instagram.com/danharris,Social - BlueSky,https://bsky.app/profile/danharriscan.bsky.social,,,Health/Wellness,"New York, NY",Science Health & Environment,New York,NY,US,Northeast,
Dan Kennedy,dan-kennedy,Media Nation,https://dankennedy.net,Website,,,,,,,Media/Power,"Boston, MA",Culture & Media,Boston,MA,US,Northeast,
Dan Mims,dan-mims,Daily Nutmeg,https://dailynutmeg.com/,Newsletter - Other,,,,,,,"Local, Culture","New Haven, Connecticut","Civic Life, Culture & Media",New Haven,CT,US,Northeast,
Dan Pfeiffer,dan-pfeiffer,,https://www.messageboxnews.com,Newsletter - Substack,Podcast,https://crooked.com/podcast-series/pod-save-america/,,,,,Politics,,Power & Politics,,,,,
Dan Shafer,dan-shafer,The Recombobulation Area,https://www.therecombobulationarea.news,Newsletter - Substack,Social - BlueSky,https://bsky.app/profile/danshafer.bsky.social,,,,,"Politics, Local",Wisconsin - US,"Power & Politics, Civic Life",,WI,US,Midwest,
Dan Toomey,dan-toomey,Good Work,https://www.youtube.com/@goodworkmb,Video - YouTube,,,,,,,Business,"New York, NY",Money & Work,New York,NY,US,Northeast,
Dan Weissmann,dan-weissmann,An Arm and a Leg,https://www.armandaleg.com,Podcast,Newsletter - Substack,https://armandaleg.substack.com,,,,,"Health/Wellness, Finance/Economics",National - US,"Science Health & Environment, Money & Work",,,US,National,
Dana Drugmand,dana-drugmand,One Earth Now,https://www.oneearthnow.org,Newsletter - Substack,,,,,,,Climate/Environment,"Boston, MA",Science Health & Environment,Boston,MA,US,Northeast,
danah boyd,danah-boyd,apophenia,https://apophenia.com,Newsletter - Ghost,,,,,,,"Tech, Media/Power",National - US,"Money & Work, Culture & Media",,,US,National,
Dani Sauter,dani-sauter,The Blond Cat Lady,https://www.instagram.com/the_blonde_cat_lady,Video - Instagram,Social - Facebook,https://www.facebook.com/blondeinthedistrict,,,,,"Lifestyle, Fashion","Washington, DC",Lifestyle & Personal Life,Washington,DC,US,Mid-Atlantic,
Danica Samuel,danica-samuel,Vainqueur Magazine,https://www.vainqueurmag.ca,Website,,,,,,,Fashion,Canada,Lifestyle & Personal Life,,,CA,International,
Daniel B. Rodriguez,daniel-b-rodriguez,Daniel B. Rodriguez,https://danielbrodriguez.substack.com,Newsletter - Substack,,,,,,,"Law/Legal Issues, Education","Chicago, IL","Power & Politics, Civic Life",Chicago,IL,US,Midwest,
Daniel Carr,daniel-carr,Police Law News,https://policelawnews.substack.com,Newsletter - Substack,,,,,,,"Crime, Law/Legal Issues",National - US,"Power & Politics, Civic Life",,,US,National,
Daniel Chapman,daniel-chapman,Leedsista -- Leeds United coverage,https://moscowhite.com/,Newsletter - Ghost,,,,,,,Media/Power,United Kingdom,Culture & Media,,,GB,International,
Daniel Denvir,daniel-denvir,The Dig,https://thedigradio.com,Podcast,,,,,,,"Politics, History","Providence, RI","Power & Politics, Culture & Media",Providence,RI,US,Northeast,
Daniel Drezner,daniel-drezner,Drezner's World,https://danieldrezner.substack.com,Newsletter - Substack,,,,,,,"World, Politics, Finance/Economics",Massachusetts - US,"Power & Politics, Money & Work, General News",,MA,US,Northeast,
Daniel Hagadorn,daniel-hagadorn,,https://pk4l.substack.com,Newsletter - Substack,,,,,,,Parenting,,Lifestyle & Personal Life,,,,,
Daniel Hernandez,daniel-hernandez,LA Taco,https://lataco.com/products,Newsletter - Beehiiv,,,,,,,Local,"Los Angeles, CA",Civic Life,Los Angeles,CA,US,West,
Daniel Larison,daniel-larison,Eunomia,https://daniellarison.substack.com,Newsletter - Substack,Social - BlueSky,https://bsky.app/profile/daniellarison.bsky.social,,,,,Foreign Policy,Pennsylvania - US,Power & Politics,,PA,US,Northeast,
Daniel Maté,daniel-mate,Bad Hasbara,https://mattlieb.com,Podcast,Video - YouTube,,,,,,"Comedy, Foreign Policy","Brooklyn, NY","Power & Politics, Culture & Media",Brooklyn,NY,US,Northeast,
Daniel Miller,daniel-miller,Straight White American Jesus,https://www.straightwhiteamericanjesus.com,Podcast,,,,,,,Faith/Religion,"Boston, MA",Social Issues,Boston,MA,US,Northeast,
Daniel Penny,daniel-penny,Non-Toxic,https://nontoxicpodcast.substack.com/,Newsletter - Substack,,,,,,,Climate/Environment,,Science Health & Environment,,,,,
Daniel Rider,daniel-rider,Earthly Education,https://www.instagram.com/earthlyeducation,Video - Instagram,,,,,,,Climate/Environment,Australia,Science Health & Environment,,,AU,International,
Daniel Rothberg,daniel-rothberg,Invisible Waters,https://invisiblewaters.substack.com,Newsletter - Substack,Website,https://www.danielrothberg.com/,Social - BlueSky,https://bsky.app/profile/danielrothberg.bsky.social,,,Climate/Environment,California - US,Science Health & Environment,,CA,US,West,
Daniel Van Binsbergen,daniel-van-binsbergen,Daniel Van Binsbergen,https://www.linkedin.com/in/danielvanbinsbergen,Social - LinkedIn,,,,,,,"Law/Legal Issues, Tech",United Kingdom,"Power & Politics, Money & Work",,,GB,International,
Daniela Galarza,daniela-galarza,a petite feast,https://danielagalarza.substack.com,Newsletter - Substack,,,,,,,Food,"New York, NY",Lifestyle & Personal Life,New York,NY,US,Northeast,
Daniella Barreto,daniella-barreto,Public Health is Dead,https://www.publichealthisdead.com,Website,Podcast,,,,,,Health/Wellness,Canada,Science Health & Environment,,,CA,International,Institute_for_Independent_Journalists
Danielle Desir Corbett,danielle-desir-corbett,The Thought Card,https://pod.link/1434482532,Podcast,,,,,,,"Culture, Travel",National - US,"Culture & Media, Lifestyle & Personal Life",,,US,National,
Danielle Wallace,danielle-wallace,The Virtuous Creative,https://thevirtuouscreative.com,Website,,,,,,,"Faith/Religion, Business, Lifestyle",Alabama - US,"Social Issues, Money & Work, Lifestyle & Personal Life",,AL,US,South,
Danny Palumbo,danny-palumbo,,https://themovela.substack.com,Newsletter - Substack,Social - Instagram,https://instagram.com/palumbros,Website,https://palumbros.com,,,Restaurants and bars,"Los Angeles, CA",Lifestyle & Personal Life,Los Angeles,CA,US,West,
Dario Durham,dario-durham,77 Flavors Of Chicago,https://www.77flavors.org,Website,,,,,,,"Restaurants and bars, History, Culture, Local","Chicago, IL","Civic Life, Culture & Media, Lifestyle & Personal Life",Chicago,IL,US,Midwest,
Darla Slade,fun-fitness-fam,Fun Fitness Fam,https://www.instagram.com/funfitnessfam/,Social - Instagram,Website,https://funfitnessfamily.com/,,,,,Things to Do,"Washington, DC",Lifestyle & Personal Life,Washington,DC,US,Mid-Atlantic,
Darren Samuelsohn,darren-samuelsohn,"love, journalism",https://www.lovejournalism.com,Newsletter - Substack,Podcast,https://www.lovejournalism.com/podcast,,,,,Media/Power,"Washington, DC",Culture & Media,Washington,DC,US,Mid-Atlantic,
Dave Amos,dave-amos,City Beautiful,https://citybeautiful.city,Video - YouTube,Website,https://citybeautiful.city,Social - BlueSky,https://bsky.app/profile/densifytcg.bsky.social,,,Urban Planning,"San Luis Obispo, CA",Civic Life,San Luis Obispo,CA,US,West,
Dave Anderson,dave-anderson,Scarlet Ink,https://www.scarletink.com/,Newsletter - Substack,,,,,,,Tech,"Seattle, WA",Money & Work,Seattle,WA,US,West,
Dave Barry,dave-barry,,https://davebarry.substack.com/,Newsletter - Substack,,,,,,,Comedy,,Culture & Media,,,,,
Dave Bondy,dave-bondy,Dave Bondy,https://www.facebook.com/DaveBondy25,Social - Facebook,Newsletter - Substack,https://davebondy.substack.com,,,,,Media/Power,National - US,Culture & Media,,,US,National,
Dave Borlace,dave-borlace,Just Have a Think,https://www.youtube.com/@JustHaveaThink,Video - YouTube,,,,,,,Climate/Environment,UK,Science Health & Environment,,,GB,International,
Dave Cantor,dave-cantor,Red Onion Resources,https://redonionva.substack.com,Newsletter - Substack,Social - BlueSky,https://bsky.app/profile/davecantor.bsky.social,,,,,"Local, Crime, Law/Legal Issues, Investigative","Richmond, VA","Power & Politics, Civic Life, Journalism Formats",Richmond,VA,US,South,
Dave Farina,dave-farina,Professor Dave Explains,https://www.youtube.com/@ProfessorDaveExplains,Video - YouTube,,,,,,,Science,National - US,Science Health & Environment,,,US,National,
Dave Herrera,dave-herrera,The Dave Travels,https://thedavetravels.substack.com,Newsletter - Substack,,,,,,,Travel,National - US,Lifestyle & Personal Life,,,US,National,
Dave Jorgensen,dave-jorgensen,Local News International,https://lni.media,Video - TikTok,,,,,,,"Explanatory, General News, Media/Power","Kansas City, MO","General News, Culture & Media, Journalism Formats",Kansas City,MO,US,Midwest,
Dave Kloc,dave-kloc,Dave Kloc,https://www.instagram.com/davekloc,Video - Instagram,,,,,,,"Music, Art","Los Angeles, CA",Culture & Media,Los Angeles,CA,US,West,
Dave Lease,dave-lease,The Skating Lesson,https://www.patreon.com/TheSkatingLesson,Patreon,,,,,,,Sports,National - US,Lifestyle & Personal Life,,,US,National,
Dave Levitan,dave-levitan,Gravity Is Gone -- science/politics/policy reporting,https://www.gravityisgone.com/,Newsletter - Ghost,,,,,,,Science,"Philadelphia, PA",Science Health & Environment,Philadelphia,PA,US,Northeast,
Dave Zirin,dave-zirin,Edge of Sports,https://bsky.app/profile/edgeofsports.bsky.social,Social - BlueSky,Website,https://edgeofsports.com,,,,,"Sports, Politics",National - US,"Power & Politics, Lifestyle & Personal Life",,,US,National,
David Adeleke,david-adeleke,Communiqué,https://www.readcommunique.com/,Newsletter - Substack,,,,,,,Finance/Economics,"Lagos, Nigeria",Money & Work,Lagos,,NG,International,
David Arthur,david-arthur,David Arthur / @davidarthurnews,https://www.instagram.com/davidarthurnews,Social - Instagram,,,,,,,"General News, Explanatory",National - US,"General News, Journalism Formats",,,US,National,
David Begnaud,david-begnaud,Do Good,https://www.thedogoodcrew.com,Newsletter - Beehiiv,Social - Twitter / X,https://x.com/DavidBegnaud,,,,,Positive News,"New York, NY",General News,New York,NY,US,Northeast,
David Bernstein,david-bernstein,Good Politics Bad Politics,https://goodpoliticsbadpolitics.substack.com,Newsletter - Substack,Social - BlueSky,https://bsky.app/profile/dbernstein.bsky.social,,,,,Politics,"Boston, MA",Power & Politics,Boston,MA,US,Northeast,
David Blumenfeld,david-blumenfeld,David Blumenfeld,https://www.noosphere.app/author/davidblumenfeld/,Video - Noosphere,,,,,,,"Politics, Government Accountability","Washington, DC",Power & Politics,Washington,DC,US,Mid-Atlantic,
David Cay Johnston,david-cay-johnston,DCReport,https://www.dcreport.org,Website,Social - Facebook,https://www.facebook.com/davidcay,Social - BlueSky,https://bsky.app/profile/davidcayjohnston.bsky.social,,,"Investigative, Government Accountability, Politics","Washington, DC","Power & Politics, Journalism Formats",Washington,DC,US,Mid-Atlantic,
David Chen,david-chen,Decoding Everything -- movies/TV/media/creator-economy newsletter,https://www.decodingeverything.com/,Newsletter - Ghost,,,,,,,Media/Power,,Culture & Media,,,,,
David Coe,david-coe,DaDavidCoe,https://www.tiktok.com/@dadavidcoe,Video - TikTok,,,,,,,"Health/Wellness, Parenting",National - US,"Science Health & Environment, Lifestyle & Personal Life",,,US,National,
David Crook,david-crook,DCReport,https://www.dcreport.org,Website,Social - Facebook,,Social - BlueSky,https://bsky.app/profile/davidcrooknyc.bsky.social,,,"Investigative, Government Accountability, Politics","Washington, DC","Power & Politics, Journalism Formats",Washington,DC,US,Mid-Atlantic,
David Epstein,david-epstein,,https://davidepstein.substack.com,Newsletter - Substack,,,,,,,Self-Help,,Lifestyle & Personal Life,,,,,
David Farrier,david-farrier,Webworm,https://webworm.co,Newsletter - Ghost,,,,,,,"Culture, Investigative",New Zealand,"Culture & Media, Journalism Formats",,,NZ,International,
David Fishman,david-fishman,Crossing the River by Feeling the Stones,https://www.feelingthestones.com/,Newsletter - Substack,,,,,,,Finance/Economics,China,Money & Work,,,,China,
David Gokhshtein,david-gokhshtein,Gokhshtein News Network,https://www.youtube.com/@GokhshteinNewsNetwork,Video - YouTube,Social - Twitter / X,https://x.com/davidgokhshtein,,,,,"Finance/Economics, Tech",National - US,Money & Work,,,US,National,
David Greenwald,david-greenwald,"Davis Vanguard -- nonprofit courts/local-government watchdog site, founder/editor/CEO",https://davisvanguard.org,Website,,,,,,,Local,"Davis, CA",Civic Life,Davis,CA,US,West,
David Horton,david-horton,David Horton,https://www.instagram.com/davideatsdc/,Social - Instagram,Video - TikTok,https://www.tiktok.com/@davideatsdc,Social - BlueSky,https://bsky.app/profile/davidhortonn.bsky.social,,,Restaurants and bars,"Washington, DC",Lifestyle & Personal Life,Washington,DC,US,Mid-Atlantic,
David Hundeyin,david-hundeyin,West Africa Weekly,https://westafricaweekly.substack.com,Newsletter - Substack,Social - Twitter / X,https://twitter.com/DavidHundeyin,,,,,World,Nigeria,Power & Politics,,,NG,International,
David Imel,david-imel,David Imel,https://www.davidimel.com,Website,Video - YouTube,https://www.youtube.com/@DavidImel,Podcast,https://www.davidimel.com/waveform-podcast/,,,Tech,"New York, NY",Money & Work,New York,NY,US,Northeast,
David Lat,david-lat,Original Jurisdiction,https://davidlat.substack.com,Newsletter - Substack,Website,https://abovethelaw.com,Social - BlueSky,https://bsky.app/profile/davidlat.bsky.social,,,"Government Accountability, Law/Legal Issues","New York, NY",Power & Politics,New York,NY,US,Northeast,
David Lebovitz,david-lebovitz,David Lebovitz,https://davidlebovitz.substack.com/,Newsletter - Substack,Social - Instagram,https://www.instagram.com/davidlebovitz/,,,,,"Food, Travel","Paris, France",Lifestyle & Personal Life,Paris,,FR,International,
David Lê,david-le,The Arcades,https://thearcades.substack.com,Newsletter - Substack,,,,,,,Design,"New York, NY",Culture & Media,New York,NY,US,Northeast,
David Pakman,david-pakman,The David Pakman Show,https://www.youtube.com/@thedavidpakmanshow/videos,Video - YouTube,Video - TikTok,https://www.tiktok.com/@davidpakmanshow?lang=en,Newsletter - Substack,https://substack.davidpakman.com/,,,Politics,National - US,Power & Politics,,,US,National,
David Pepper,david-pepper,David Pepper,https://davidpepper.substack.com,Newsletter - Substack,Social - BlueSky,https://bsky.app/profile/davidpepperoh.bsky.social,,,,,Politics,"Cincinnati, OH",Power & Politics,Cincinnati,OH,US,Midwest,
David R,david-r,Eat DC,https://x.com/eat_dc,Social - Twitter / X,Video - Instagram,https://www.instagram.com/eat_dc_insta/,,,,,Food,"Washington, DC",Lifestyle & Personal Life,Washington,DC,US,Mid-Atlantic,
David Roberts,david-roberts,Volts,https://www.volts.wtf,Newsletter - Substack,Podcast,https://podcasts.apple.com/us/podcast/volts/id1548554104,Social - BlueSky,https://bsky.app/profile/volts.wtf,,,"Climate/Environment, Explanatory, Education, Tech","Washington, DC","Civic Life, Science Health & Environment, Money & Work, Journalism Formats",Washington,DC,US,Mid-Atlantic,
David Robson,david-robson,60-Second Psychology,https://davidrobson.substack.com,Newsletter - Substack,,,,,,,Science,United Kingdom,Science Health & Environment,,,GB,International,
David Rothkopf,david-rothkopf,,https://davidrothkopf.substack.com,Newsletter - Substack,Podcast,https://thedsrnetwork.com,,,,,Foreign Policy,,Power & Politics,,,,,
David S. H. Rosenthal,david-rosenthal,DSHR's Blog,https://blog.dshr.org,Website,,,,,,,Tech,,Money & Work,,,,,
David Santori,david-santori,David Santori,https://www.instagram.com/frenchieyankee/,Social - Instagram,Social - Twitter / X,https://x.com/frenchieyankee,,,,,Photography,"Washington, DC",Culture & Media,Washington,DC,US,Mid-Atlantic,
David Shands,david-shands,Social Proof Podcast,https://www.thesocialproofpodcast.com,Podcast,Video - YouTube,https://www.youtube.com/@RealSocialProof,,,,,"Business, Careers","Atlanta, GA",Money & Work,Atlanta,GA,US,South,
David Sirota,david-sirota,The Lever,https://www.levernews.com,Newsletter - Ghost,Social - Twitter / X,http://x.com/davidsirota,Social - BlueSky,https://bsky.app/profile/davidsirota.com,,,"Investigative, Politics","Denver, CO","Power & Politics, Journalism Formats",Denver,CO,US,West,
David Warsh,david-warsh,Economic Principals,https://davidwarsh.substack.com,Newsletter - Substack,,,,,,,Finance/Economics,"Boston, MA",Money & Work,Boston,MA,US,Northeast,
David Wildstein,david-wildstein,New Jersey Globe,newjerseyglobe.com,Website,Social - BlueSky,https://bsky.app/profile/wildstein.bsky.social,,,,,"Politics, Local",New Jersey - US,"Power & Politics, Civic Life",,NJ,US,Northeast,
David Wilson,david-wilson,Hudson Valley Digger,https://davidmckaywilson.substack.com/,Newsletter - Substack,,,,,,,"Policy, Investigative",New York - US,"Power & Politics, Journalism Formats",,NY,US,Northeast,Institute_for_Independent_Journalists
David Zipper,david-zipper,Paved with Good Intentions,https://www.davidzipper.com/newsletter,Newsletter - Other,Social - BlueSky,https://bsky.app/profile/davidzipper.bsky.social,,,,,Transportation,"Washington, DC",Civic Life,Washington,DC,US,Mid-Atlantic,
David Zweig,david-zweig,Silence / Lunch,https://davidzweig.substack.com,Newsletter - Substack,,,,,,,"Health/Wellness, Policy","New York, NY","Power & Politics, Science Health & Environment",New York,NY,US,Northeast,
Davram Stiefler,davram-stiefler,The Good Liars,https://www.goodliars.com/,Video - YouTube,Video - TikTok,https://www.tiktok.com/@thegoodliars,Newsletter - Substack,https://substack.com/@thegoodliars,,,"Politics, Comedy","New York, NY",Journalism Formats,New York,NY,US,Northeast,
Da’ron,daron-currentfire,Current Fire Situation,https://www.tiktok.com/@da.ron_,Video - TikTok,,,,,,,Local,"Los Angeles, CA",Civic Life,Los Angeles,CA,US,West,
DC Cheap Eats,dc-cheap-eats,DC Cheap Eats,https://www.instagram.com/dccheapeats/,Social - Instagram,Video - TikTok,https://www.tiktok.com/@dccheapeats,,,,,Restaurants and bars,"Washington, DC",Lifestyle & Personal Life,Washington,DC,US,Mid-Atlantic,
DC Food God,dc-food-god,DC Food God,https://www.instagram.com/dcfoodgod/,Social - Instagram,Video - TikTok,https://www.tiktok.com/@dcfoodgod,,,,,Restaurants and bars,"Washington, DC",Lifestyle & Personal Life,Washington,DC,US,Mid-Atlantic,
DC Frolics,dc-frolics,DC Frolics,https://www.instagram.com/dcfrolics/,Social - Instagram,Website,https://dcfrolics.com/,Social - Facebook,https://www.facebook.com/dcfrolics/,,,Things to Do,"Washington, DC",Lifestyle & Personal Life,Washington,DC,US,Mid-Atlantic,
DC Moms,dc-moms,DC Moms,https://www.instagram.com/dcmoms,Video - Instagram,,,,,,,Parenting,"Washington, DC",Lifestyle & Personal Life,Washington,DC,US,Mid-Atlantic,
DC Spot,dc-spot,DC Spot,https://www.instagram.com/dcspot/,Social - Instagram,Video - TikTok,https://www.tiktok.com/@dcspot,,,,,Restaurants and bars,"Washington, DC",Lifestyle & Personal Life,Washington,DC,US,Mid-Atlantic,
DC Zesty Story,dc-zesty-story,DC Zesty Story,https://www.instagram.com/dczestystory/,Social - Instagram,Video - TikTok,https://www.tiktok.com/@dczestystory,,,,,General News,"Washington, DC",General News,Washington,DC,US,Mid-Atlantic,
DC4Free,dc4free,DC4Free,https://www.instagram.com/dc4free/,Social - Instagram,Website,https://dc4free.com/,Social - Facebook,https://www.facebook.com/dc4free/,Social - Twitter / X,https://x.com/dc4free,Things to Do,"Washington, DC",Lifestyle & Personal Life,Washington,DC,US,Mid-Atlantic,
Dean Baker,dean-baker,Beat the Press,https://www.patreon.com/BeatThePress,Patreon,Social - Twitter / X,https://x.com/DeanBaker13,Social - BlueSky,https://bsky.app/profile/deanbaker13.bsky.social,,,Finance/Economics,"Washington, DC",Money & Work,Washington,DC,US,Mid-Atlantic,
Dean Lauvina,dean-lauvina,DeanChicago,https://www.tiktok.com/@deanchicago,Video - TikTok,,,,,,,"Local, Real Estate","Chicago, IL","Civic Life, Money & Work",Chicago,IL,US,Midwest,
Debora Reaves Charmelus,debora-reaves-charmelus,@deb0nair,https://www.deboracharmelus.com,Website,,,,,,,Identity/Belonging,"Philadelphia, PA",Social Issues,Philadelphia,PA,US,Northeast,
Deborah Farmer Kris,deborah-farmer-kris,,https://parenthood365.substack.com,Newsletter - Substack,,,,,,,Parenting,,Lifestyle & Personal Life,,,,,
Deja Foxx,deja-foxx,Gen Z Girl Gang,https://www.instagram.com/genzgirlgang,Video - Instagram,,,,,,,"Culture, Day in a Life, Gender","New York, NY","Social Issues, Culture & Media, Journalism Formats",New York,NY,US,Northeast,
Delia Cai,delia-cai,Deez Links,https://www.deezlinks.com,Newsletter - Substack,Social - Twitter / X,https://x.com/delia_cai,,,,,"Media/Power, Internet Culture, Entertainment/Hollywood","New York, NY",Culture & Media,New York,NY,US,Northeast,
Dennis Lee,dennis-lee,Food Is Stupid,https://foodisstupid.substack.com,Newsletter - Substack,,,,,,,"Things to Do, Recipes, Food, Local","Chicago, IL","Civic Life, Lifestyle & Personal Life",Chicago,IL,US,Midwest,
Deon Osborne,deon-osborne,In Depth With Deon,https://indepthwithdeon.substack.com,Newsletter - Substack,,,,,,,Investigative,Oklahoma - US,Journalism Formats,,OK,US,South,
Derek Beres,derek-beres,Conspirituality,https://conspirituality.net,Podcast,Patreon,,,,,,Health/Wellness,"Portland, OR",Science Health & Environment,Portland,OR,US,West,
Derek Blasberg,derek-blasberg,,https://www.instagram.com/derekblasberg/,Social - Instagram,Newsletter - Substack,https://derekblasberg.substack.com,,,,,Fashion,"New York, NY",Lifestyle & Personal Life,New York,NY,US,Northeast,
Derek Davison,derek-davison,Foreign Exchanges,https://www.foreignexchanges.news/,Newsletter - Substack,,,,,,,Foreign Policy,,Power & Politics,,,,,
Derek Guy,derek-guy,Dieworkwear,https://www.instagram.com/die_workwear,Video - Instagram,Social - Twitter / X,https://x.com/dieworkwear,Social - BlueSky,https://bsky.app/profile/dieworkwear.bsky.social,,,"Fashion, Politics, Media/Power","San Francisco, CA","Power & Politics, Culture & Media, Lifestyle & Personal Life",San Francisco,CA,US,West,
Derek Lowe,derek-lowe,In the Pipeline,https://www.science.org/blogs/pipeline,Website,Social - BlueSky,https://bsky.app/profile/dereklowe.bsky.social,,,,,Science,"Cambridge, MA",Science Health & Environment,Cambridge,MA,US,Northeast,
Derek Muller,derek-muller,Veritasium,https://www.youtube.com/@Veritasium,Video - YouTube,,,,,,,Science,"Los Angeles, CA",Science Health & Environment,Los Angeles,CA,US,West,
Derek Thompson,derek-thompson,Derek Thompson,https://www.derekthompson.org,Newsletter - Substack,,,,,,,"Explanatory, General News","Washington, DC","General News, Journalism Formats",Washington,DC,US,Mid-Atlantic,
Dermot Cole,dermot-cole,Reporting from Alask,www.dermotcole.com,Website,,,,,,,"Politics, Local",Alaska - US,"Power & Politics, Civic Life",,AK,US,West,
Desmond Latham,desmond-latham,History of South Africa Podcast,https://podcasts.apple.com/us/podcast/history-of-south-africa-podcast/id1553731049,Podcast,Video - YouTube,https://www.youtube.com/@DesmondLatham,,,,,History,South Africa,Culture & Media,,,ZA,International,
Destin Sandlin,destin-sandlin,SmarterEveryDay,https://www.youtube.com/@smartereveryday,Video - YouTube,,,,,,,"Science, Explanatory",Alabama - US,"Science Health & Environment, Journalism Formats",,AL,US,South,
Devin Stone,devin-stone,LegalEagle,https://www.youtube.com/@LegalEagle,Video - YouTube,,,,,,,Law/Legal Issues,"Washington, DC",Power & Politics,Washington,DC,US,Mid-Atlantic,
Devorah Heitner,devorah-heitner,,https://devorahheitner.substack.com,Newsletter - Substack,Social - Instagram,https://instagram.com/devorahheitnerphd,,,,,Parenting,"Chicago, IL",Lifestyle & Personal Life,Chicago,IL,US,Midwest,
DeVory Darkins,devory-darkins,DeVory Darkins,https://devorydarkins.podbean.com/,Podcast,Video - YouTube,https://www.youtube.com/@devorydarkins,Social - BlueSky,https://bsky.app/profile/devorydarkins.bsky.social,,,Politics,California - US,Power & Politics,,CA,US,West,
Dhruv Rathee,dhruv-rathee,Dhruv Rathee,https://www.youtube.com/@dhruvrathee,Video - YouTube,,,,,,,"Politics, World, Culture",India,"Power & Politics, General News, Culture & Media",,,IN,International,
Diana,diana-hypefoodies,Hype Foodies,https://www.instagram.com/hypefoodies,Video - Instagram,Video - TikTok,https://www.tiktok.com/@hypefoodies,,,,,"Restaurants and bars, Travel","Washington, DC",Lifestyle & Personal Life,Washington,DC,US,Mid-Atlantic,
Diana Butler Bass,diana-butler-bass,The Cottage,https://dianabutlerbass.substack.com,Newsletter - Substack,Social - BlueSky,https://bsky.app/profile/dianabutlerbass.bsky.social,,,,,"Faith/Religion, Culture",National - US,"Social Issues, Culture & Media",,,US,National,
Diana Umana,diana-umana,Iadidai,https://www.instagram.com/ladidaix,Video - Instagram,,,,,,,"Culture, Music","New York, NY",Culture & Media,New York,NY,US,Northeast,
Diane Rehm,diane-rehm,,https://dianerehm.substack.com,Newsletter - Substack,Podcast,https://dianerehm.org,Social - Facebook,https://facebook.com/thedianerehmshow,,,General News,"Washington, DC",General News,Washington,DC,US,Mid-Atlantic,
Dick Tofel,dick-tofel,Second Rough Draft,https://dicktofel.substack.com,Newsletter - Substack,,,,,,,Media/Power,"New York, NY",Culture & Media,New York,NY,US,Northeast,
Dina Temple-Raston,dina-temple-raston,Click Here,https://podcasts.apple.com/us/podcast/click-here/id1225077306,Podcast,,,,,,,Tech,"Washington, DC",Money & Work,Washington,DC,US,Mid-Atlantic,
Dino-Ray Ramos,dino-ray-ramos,DIASPORA,https://thediasporatimes.com,Website,Social - BlueSky,https://bsky.app/profile/dinoray.bsky.social,,,,,"Film/Movies, Entertainment/Hollywood, Culture","Los Angeles, CA",Culture & Media,Los Angeles,CA,US,West,
District Delicious,district-delicious,District Delicious,https://www.instagram.com/districtdelicious/,Social - Instagram,Video - TikTok,https://www.tiktok.com/@districtdelicious,,,,,Restaurants and bars,"Washington, DC",Lifestyle & Personal Life,Washington,DC,US,Mid-Atlantic,
District Eats,district-eats,District Eats,https://www.instagram.com/districteats/,Social - Instagram,Video - TikTok,https://www.tiktok.com/@districteats,,,,,Restaurants and bars,"Washington, DC",Lifestyle & Personal Life,Washington,DC,US,Mid-Atlantic,
DJ Raffi,dj-raffi,DJ Raffi,https://www.instagram.com/waitraffi/,Social - Instagram,,,,,,,Music,"Washington, DC",Culture & Media,Washington,DC,US,Mid-Atlantic,
Dmitri Alperovitch,dmitri-alperovitch,Geopolitics Decanted,https://silverado.org,Podcast,Social - BlueSky,https://bsky.app/profile/dmitri.silverado.org,,,,,Foreign Policy,"Washington, DC",Power & Politics,Washington,DC,US,Mid-Atlantic,
Dmitriy Byshonkov,dmitriy-byshonkov,GameDev Reports,https://gamedevreports.substack.com/,Newsletter - Substack,,,,,,,Games/Gaming,,Culture & Media,,,,,
DMV Adventures Chris,dmv-adventures-chris,DMV Adventures Chris,https://www.youtube.com/@DMVAdventures,Video - YouTube,,,,,,,Travel,"Washington, DC",Lifestyle & Personal Life,Washington,DC,US,Mid-Atlantic,
DMV Bite,dmv-bite,DMV Bite,https://www.instagram.com/dmvbite/,Social - Instagram,Video - TikTok,https://www.tiktok.com/@dmvbite,,,,,Restaurants and bars,"Washington, DC",Lifestyle & Personal Life,Washington,DC,US,Mid-Atlantic,
DMV DOES,dmv-does,DMV DOES,https://www.instagram.com/dmvdoes/,Social - Instagram,Website,https://www.dmvdoes.com/,Social - Facebook,https://www.facebook.com/dmvdoes/,,,Things to Do,"Washington, DC",Lifestyle & Personal Life,Washington,DC,US,Mid-Atlantic,
DMV Eats,dmv-eats,DMV Eats,https://www.instagram.com/dmveats__/,Social - Instagram,Video - TikTok,https://www.tiktok.com/@dmveats__,,,,,Restaurants and bars,"Washington, DC",Lifestyle & Personal Life,Washington,DC,US,Mid-Atlantic,
DMV Fooodie,dmv-fooodie,DMV Fooodie,https://www.instagram.com/dmvfooodie/,Social - Instagram,Video - TikTok,https://www.tiktok.com/@dmvfooodie,,,,,Restaurants and bars,"Washington, DC",Lifestyle & Personal Life,Washington,DC,US,Mid-Atlantic,
DMV Kids,dmv-kids,DMV Kids,https://www.instagram.com/4dmvkids/,Social - Instagram,Website,https://4dmvkids.com/,Social - Facebook,https://www.facebook.com/4dmvkids/,,,Things to Do,"Washington, DC",Lifestyle & Personal Life,Washington,DC,US,Mid-Atlantic,
DMV Muncher,dmv-muncher,DMV Muncher,https://www.instagram.com/fooodmuncher/,Social - Instagram,Video - TikTok,https://www.tiktok.com/@fooodmuncher,,,,,Restaurants and bars,"Washington, DC",Lifestyle & Personal Life,Washington,DC,US,Mid-Atlantic,
DMV Sports Zone,dmv-sports-zone,DMV Sports Zone,https://www.instagram.com/dmvsportszone/,Social - Instagram,Website,https://www.dmvsportszone.com/,Social - Twitter / X,https://x.com/dmvsportszone,Video - YouTube,https://www.youtube.com/@DMVSportsZone,Sports,"Washington, DC",Lifestyle & Personal Life,Washington,DC,US,Mid-Atlantic,
DMV The Move,dmv-the-move,DMV The Move,https://www.instagram.com/dmvthemove/,Social - Instagram,Website,https://dmvthemove.com/,,,,,Local,"Washington, DC",Civic Life,Washington,DC,US,Mid-Atlantic,
DMVEats,dmveats,DMVEats,https://www.instagram.com/dmv3ats/,Social - Instagram,,,,,,,Restaurants and bars,"Washington, DC",Lifestyle & Personal Life,Washington,DC,US,Mid-Atlantic,
Dominic Walliman,dominic-walliman,Domain of Science,https://www.youtube.com/@domainofscience,Video - YouTube,Website,https://www.domainofscience.com,,,,,Science,International,Science Health & Environment,,,,International,
Domonique Bazil,domonique-bazil,As Told by Domm,https://www.instagram.com/astoldbydomm,Video - Instagram,,,,,,,"Restaurants and bars, Fitness","Washington, DC",Lifestyle & Personal Life,Washington,DC,US,Mid-Atlantic,
Don Lemon,don-lemon,Don Lemon,https://www.instagram.com/donlemonofficial,Video - Instagram,Video - TikTok,https://www.tiktok.com/@donlemon?lang=en,,,,,"Politics, General News","New York, NY","Power & Politics, General News",New York,NY,US,Northeast,
Don Moynihan,don-moynihan,,https://donmoynihan.substack.com,Newsletter - Substack,,,,,,,Government Accountability,,Power & Politics,,,,,
Donald Shaw,donald-shaw,"Sludge -- investigative outlet on money in politics, lobbying, dark money, campaign finance",https://readsludge.com/,Newsletter - Ghost,,,,,,,Finance/Economics,,Money & Work,,,,,
Doree Shafrir,doree-shafrir,,https://forever35podcast.com/,Podcast,Social - Instagram,https://www.instagram.com/doree/,,,,,Parenting,"Los Angeles, CA",Lifestyle & Personal Life,Los Angeles,CA,US,West,
Dory Jackson,dory-jackson,Dory_Jackson,https://www.tiktok.com/@dory_jackson,Video - TikTok,,,,,,,Film/Movies,National - US,Culture & Media,,,US,National,
Doug Lewin,doug-lewin,Texas Energy and Power Newsletter,https://www.texasenergyandpower.com,Newsletter - Substack,Video - YouTube,https://www.youtube.com/@DougLewinEnergy,,,,,"Climate/Environment, Law/Legal Issues, Local","Austin, TX","Power & Politics, Civic Life, Science Health & Environment",Austin,TX,US,South,
Doug O’Laughlin,doug-olaughlin,Fabricated Knowledge,https://www.fabricatedknowledge.com,Newsletter - Substack,,,,,,,Tech,"Dallas, TX",Money & Work,Dallas,TX,US,South,
Doug Shapiro,doug-shapiro,The Mediator,https://dougshapiro.substack.com,Newsletter - Substack,Social - BlueSky,https://bsky.app/profile/dougshapiro.bsky.social,,,,,"Media/Power, Finance/Economics",National - US,"Money & Work, Culture & Media",,,US,National,
Doug Wreden,doug-wreden,Lemonade Stand,https://www.youtube.com/@LemonadeStandPodcast,Video - YouTube,Podcast,https://podcasts.apple.com/ie/podcast/lemonade-stand/id1799868727,,,,,Business,National - US,Money & Work,,,US,National,
"Dr. Aditi Nerurkar, MD",dr-aditi-nerurkar-md,"Dr. Aditi Nerurkar, MD",https://www.instagram.com/draditinerurkar,Video - Instagram,,,,,,,"Mental Health, Health/Wellness","Boston, MA",Science Health & Environment,Boston,MA,US,Northeast,
Dr. Becky Smethurst,dr-becky-smethurst,Dr. Becky,https://www.youtube.com/@DrBecky,Video - YouTube,Social - BlueSky,https://bsky.app/profile/drbecky.bsky.social,,,,,Science,United Kingdom,Science Health & Environment,,,GB,International,
Dr. Danielle Jones,dr-danielle-jones,Mama Doctor Jones,https://mamadoctorjones.substack.com,Newsletter - Substack,Video - YouTube,https://www.youtube.com/@MamaDoctorJones,,,,,Health/Wellness,National - US,Science Health & Environment,,,US,National,
Dr. Ed Weir,dr-ed-weir,Dr. Ed Weir,https://www.youtube.com/@MyGovExpert,Video - YouTube,,,,,,,Personal Finance,"Henderson, NV",Money & Work,Henderson,NV,US,West,
Dr. Jen Gunter,dr-jen-gunter,The Vagenda,https://vajenda.substack.com,Newsletter - Substack,Video - Instagram,https://www.instagram.com/drjengunter,Social - BlueSky,https://bsky.app/profile/drjengunter.bsky.social,,,"Health/Wellness, Gender","San Francisco, CA","Social Issues, Science Health & Environment",San Francisco,CA,US,West,
Dr. Jennifer Ashton,dr-jennifer-ashton,Ajenda,https://www.joinajenda.com,Website,Newsletter - Beehiiv,https://todays-ajenda.beehiiv.com/,,,,,"Health/Wellness, Fitness",National - US,"Science Health & Environment, Lifestyle & Personal Life",,,US,National,
Dr. Jennifer Lincoln,dr-jennifer-lincoln,Dr. Jennifer Lincoln,https://drjenniferlincoln.substack.com,Newsletter - Substack,Video - TikTok,https://www.tiktok.com/@drjenniferlincoln,,,,,Health/Wellness,National - US,Science Health & Environment,,,US,National,
Dr. Jessica Knurick,dr-jessica-knurick,Dr. Jessica Knurick,https://www.jessicaknurick.com,Video - Instagram,Newsletter - Substack,https://drjessicaknurick.substack.com/,,,,,"Health/Wellness, Food",National - US,"Science Health & Environment, Lifestyle & Personal Life",,,US,National,
Dr. Joel Bervell,dr-joel-bervell,Dr. Joel Bervell,https://www.tiktok.com/@joelbervell,Video - TikTok,Video - YouTube,https://www.youtube.com/channel/UC9unJT2alWHgnay22G3ukWg,,,,,Health/Wellness,National - US,Science Health & Environment,,,US,National,
Dr. Judith Joseph,judith-joseph,The Vault with Dr. Judith,https://drjudithjoseph.com,Podcast,Website,,,,,,Mental Health,"New York, NY",Science Health & Environment,New York,NY,US,Northeast,
Dr. Kiki Sanford,dr-kiki-sanford,This Week in Science,https://youtube.com/@thisweekinscience,Video - YouTube,,,,,,,"Science, Education","Portland, OR","Civic Life, Science Health & Environment",Portland,OR,US,West,
Dr. Shadé Zahrai,dr-shad-zahrai,Dr. Shadé Zahrai,https://www.tiktok.com/@shadezahrai,Video - TikTok,,,,,,,Business,National - US,Money & Work,,,US,National,
Dr. Tenninger Kellenbarger,dr-tenninger-kellenbarger,Dirt Diaries,https://www.tiktok.com/@dirtdiaries_,Video - TikTok,,,,,,,"Art, History","Philadelphia, PA",Culture & Media,Philadelphia,PA,US,Northeast,
Drinks in the District,drinks-in-the-district,Drinks in the District,https://www.instagram.com/drinksinthedistrict/,Social - Instagram,,,,,,,Restaurants and bars,"Washington, DC",Lifestyle & Personal Life,Washington,DC,US,Mid-Atlantic,
Duncan Weldon,duncan-weldon,Value Added,https://duncanweldon.substack.com,Newsletter - Substack,,,,,,,Finance/Economics,United Kingdom,Money & Work,,,GB,International,
Dwarkesh Patel,dwarkesh-patel,Dwarkesh Patel,https://www.youtube.com/@DwarkeshPatel,Video - YouTube,,,,,,,Tech,"San Francisco, CA",Money & Work,San Francisco,CA,US,West,
Dylan Burns,dylan-burns,DylanBurnsTV,https://www.youtube.com/@RareEarthSeries,Video - YouTube,,,,,,,"World, National Security",Ukraine,"Power & Politics, General News",,,UA,International,
Dylan Page,dylan-page,News Daddy,https://www.tiktok.com/@dylanpage,Video - TikTok,Social - BlueSky,https://bsky.app/profile/dylan-page.bsky.social,,,,,"General News, Explanatory",United Kingdom,"General News, Journalism Formats",,,GB,International,
Eben Shapiro,eben-shapiro,Ebenshapiro.substack,https://ebenshapiro.substack.com,Newsletter - Substack,,,,,,,"Culture, Business, Tech","New York, NY","Money & Work, Culture & Media",New York,NY,US,Northeast,
Ebenezer Kwame Wormadey,ebenezer-kwame-wormadey,Devlin's Report,https://www.tiktok.com/@devlins.report,Social - TikTok,Social - Instagram,https://www.instagram.com/devlinsreport/,,,,,"Politics, Government Accountability, Local",Ghana,"Power & Politics, Civic Life",,,GH,International,
Ed Yong,ed-yong,Ed Yong,https://buttondown.com/edyong209/archive/,Newsletter - Buttondown,Social - BlueSky,https://bsky.app/profile/edyong209.bsky.social,,,,,Science,"Oakland, CA",Science Health & Environment,Oakland,CA,US,West,
Ed Zitron,ed-zitron,Where's Your Ed At,https://www.wheresyoured.at,Newsletter - Ghost,Social - BlueSky,https://bsky.app/profile/edzitron.com,,,,,Tech,"Las Vegas, NV",Money & Work,Las Vegas,NV,US,West,
Eddy Brotemarkle,eddy-brotemarkle,Wichita By E.B.,https://www.wichitabyeb.com/,Website,Video - TikTok,https://www.tiktok.com/@wichitabyeb,Social - Instagram,https://www.instagram.com/wichitabyeb/,,,"Local, Food","Wichita, Kansas","Civic Life, Lifestyle & Personal Life",Wichita,KS,US,Midwest,
Edina Pottyondy,edina-pottyondy,Edina Pottyondy,https://www.youtube.com/@EdinaPottyondy,Video - YouTube,Social - Instagram,https://www.instagram.com/nematellerede/,,,,,Politics,Hungary,Power & Politics,,,HU,International,
Edith Zimmerman,edith-zimmerman,Drawing Links,https://drawinglinks.substack.com/,Newsletter - Substack,,,,,,,Culture,,Culture & Media,,,,,
Edward Ongweso Jr.,edward-ongweso-jr,This Machine Kills,https://www.patreon.com/thismachinekills,Podcast,,,,,,,"Tech, Politics","New York, NY","Power & Politics, Money & Work",New York,NY,US,Northeast,
Egemba Chinonso,egemba-chinonso,Aproko Doctor,https://instagram.com/aproko_doctor,Social - Instagram,Social - Twitter / X,https://x.com/aproko_doctor,,,,,Health/Wellness,Nigeria,Science Health & Environment,,,NG,International,
Eileen Ivette,eileen-ivette,Black Latin History,https://www.instagram.com/eileen_ivette,Video - Instagram,Video - TikTok,https://www.tiktok.com/@blacklatinhistory?lang=en,,,,,"History, Travel, Identity/Belonging","New York, NY","Social Issues, Culture & Media, Lifestyle & Personal Life",New York,NY,US,Northeast,
Eileen Kennedy-Moore,eileen-kennedy-moore,,https://drfriendtastic.substack.com,Newsletter - Substack,Website,https://www.eileenkennedymoore.com,,,,,Parenting,"Princeton, NJ",Lifestyle & Personal Life,Princeton,NJ,US,Northeast,
El Pelon Chicago,el-pelon-chicago,El Pelon Chicago,https://www.tiktok.com/@lpelon773,Social - TikTok,,,,,,,"Politics, Local, Identity/Belonging","Chicago, IL","Power & Politics, Social Issues, Civic Life",Chicago,IL,US,Midwest,
Elena Bridgers,elena-bridgers,Elena Bridgers,https://www.instagram.com/elena.bridgers,Video - Instagram,,,,,,,"Mental Health, Dating/Romance",France,"Science Health & Environment, Lifestyle & Personal Life",,,FR,International,
Eli Enis,eli-enis,Chasing Sundays -- indie/underground music criticism,https://www.elienis.com/,Newsletter - Ghost,,,,,,,Music,"Pittsburgh, PA",Culture & Media,Pittsburgh,PA,US,Northeast,
Eli Woolery,eli-woolery,Design Better,https://designbetterpodcast.com,Podcast,Newsletter - Substack,,,,,,Design,"Carmel-By-The-Sea, CA",Culture & Media,Carmel-By-The-Sea,CA,US,West,
Eliot Peper,eliot-peper,The Profile,https://www.theprofile.io,Website,,,,,,,"Media/Power, Business","San Francisco, CA","Money & Work, Culture & Media",San Francisco,CA,US,West,
Elisabeth Bik,elisabeth-bik,Science Integrity Digest,https://scienceintegritydigest.com,Website,Social - BlueSky,https://bsky.app/profile/elisabethbik.bsky.social,,,,,Science,Netherlands,Science Health & Environment,,,NL,International,
Elise Cutts,elise-cutts,"Reviewer, too -- science journalism newsletter about how science is made",https://www.reviewertoo.com/,Newsletter - Ghost,,,,,,,Science,,Science Health & Environment,,,,,
Elise Granata,elise-granata,Grouphug,https://grouphug.substack.com,Newsletter - Substack,Website,https://www.elisegranata.com,,,,,"Media/Power, Local","New Haven, CT","Civic Life, Culture & Media",New Haven,CT,US,Northeast,
Elisha Machado,elisha-machado,Elisha Machado,https://www.tiktok.com/@elishamachadotv,Video - TikTok,,,,,,,"Entertainment/Hollywood, General News",California - US,"General News, Culture & Media",,CA,US,West,
Elizabeth Alvarado,elizabeth-alvarado,Elizabeth Alvarado,https://www.elizabethalvarado.me/,Website,,,,,,,Culture,National - US,Culture & Media,,,US,National,Institute_for_Independent_Journalists
Elizabeth Booker Houston,elizabeth-booker-houston,Booker Squared,https://www.instagram.com/bookersquared,Video - Instagram,Video - TikTok,https://www.tiktok.com/@bookersquared,,,,,"Comedy, Law/Legal Issues","Washington, DC","Power & Politics, Culture & Media",Washington,DC,US,Mid-Atlantic,
Elizabeth Held,elizabeth-held,Elizabeth Held,https://whattoreadif.substack.com/,Newsletter - Substack,,,,,,,Books/Writing,"Washington, DC",Culture & Media,Washington,DC,US,Mid-Atlantic,Institute_for_Independent_Journalists
Elizabeth Lang,elizabeth-lang,Impulsiva Stories,https://www.impulsivastories.com,Newsletter - Ghost,,,,,,,"Art, Culture",Costa Rica,Culture & Media,,,CR,International,
Elizabeth Minkel,elizabeth-minkel,Fansplaining,https://www.fansplaining.com,Website,,,,,,,Entertainment/Hollywood,"New York, NY",Culture & Media,New York,NY,US,Northeast,
Elle Cordova,elle-cordova,Elle Cordova,https://www.instagram.com/ellecordova,Video - Instagram,,,,,,,"Internet Culture, Comedy","Los Angeles, CA",Culture & Media,Los Angeles,CA,US,West,
Ellen Kornmehl,ellen-kornmehl,Ellen Kornmehl,https://eatingandfeeding.substack.com,Newsletter - Substack,,,,,,,"Recipes, Health/Wellness","Boston, MA","Science Health & Environment, Lifestyle & Personal Life",Boston,MA,US,Northeast,Institute_for_Independent_Journalists
Ellen Weatherford,ellen-weatherford,Ellen Weatherford,https://www.tiktok.com/@ellen.weatherford,Video - TikTok,,,,,,,Science,"Washington, DC",Science Health & Environment,Washington,DC,US,Mid-Atlantic,
Elvia Diaz,elvia-diaz,Elvia Diaz,https://elviadiaz.substack.com/,Newsletter - Substack,Podcast,,,,,,"Politics, Immigration","Phoenix, AZ","Power & Politics, Social Issues",Phoenix,AZ,US,West,Institute_for_Independent_Journalists
Eman Sobhy,eman-sobhy,What If — ماذا لو,https://www.instagram.com/whatif.emansobhy,Video - Instagram,Social - Facebook,https://www.facebook.com/whatif.emansobhy,Video - TikTok,https://www.tiktok.com/@whatif.emansobhy,Video - YouTube,https://www.youtube.com/@whatif.emansobhy,"History, Local, World","Dubai, UAE","Power & Politics, General News",Dubai,UAE,,,
Emanuele Capone,emanuele-capone,Emanuele Capone,https://www.tiktok.com/@capoema,Video - TikTok,,,,,,,"Tech, Internet Culture",Italy,"Money & Work, Culture & Media",,,IT,International,
Emilia Marie,emilia-marie,Emilia Marie Home,https://www.tiktok.com/@emiliamariehome,Video - TikTok,,,,,,,"Design, Lifestyle","Chicago, IL","Culture & Media, Lifestyle & Personal Life",Chicago,IL,US,Midwest,
Emilia Petrarca,emilia-petrarca,,https://emiliapetrarca.substack.com,Newsletter - Substack,Website,https://emiliapetrarca.com,,,,,Fashion,,Lifestyle & Personal Life,,,,,
Emilie Raguso,emilie-raguso,The Berkeley Scanner,https://www.berkeleyscanner.com,Newsletter - Ghost,Social - BlueSky,https://bsky.app/profile/emilieraguso.com,,,,,"Crime, Local","Berkeley, CA",Civic Life,Berkeley,CA,US,West,
Emily Atkin,emily-atkin,Heated,https://heated.world,Newsletter - Substack,Social - BlueSky,https://bsky.app/profile/emorwee.bsky.social,,,,,Climate/Environment,International,Science Health & Environment,,,,International,
Emily Christensen,emily-christensen,The SHOUT -- Wichita arts journalism,https://www.shoutwichita.com/,Newsletter - Ghost,,,,,,,Media/Power,"Wichita, KS",Culture & Media,Wichita,KS,US,Midwest,
Emily Edlynn,emily-edlynn,,https://emilyedlynn.substack.com,Newsletter - Substack,Social - Instagram,https://instagram.com/dremilyedlynn,,,,,Parenting,"Oak Park, IL",Lifestyle & Personal Life,Oak Park,IL,US,Midwest,
Emily Edwards,emily-edwards,,https://msemilyedwards.com,Podcast,Website,https://msemilyedwards.com,,,,,Film/Movies,,Culture & Media,,,,,
Emily Fedner,emily-fedner,Emily Fedner,https://www.instagram.com/foodloversdiary,Video - Instagram,Newsletter - Substack,https://emilyfedner.substack.com,,,,,"Food, World","New York, NY","General News, Lifestyle & Personal Life",New York,NY,US,Northeast,
Emily Hynds,emily-hynds,Emily Takes Notes,https://www.instagram.com/embaleez,Video - Instagram,Social - Twitter / X,https://x.com/emilytakesnotes,,,,,"Government Accountability, Local","Houston, TX","Power & Politics, Civic Life",Houston,TX,US,South,
Emily Ley,emily-ley,,https://emilyley.substack.com,Newsletter - Substack,Website,https://emilyley.com,Social - Instagram,https://www.instagram.com/emilyley,,,Parenting,"Pensacola, FL",Lifestyle & Personal Life,Pensacola,FL,US,South,
Emily McCrary-Ruiz-Esparza,emily-mccrary-ruiz-esparza,Emily McCrary-Ruiz-Esparza,https://www.howtobeanything.com/,Website,,,,,,,"Business, Careers","Richmond, VA",Money & Work,Richmond,VA,US,South,Institute_for_Independent_Journalists
Emily Moore,emily-moore,Emily Goes Places,https://www.instagram.com/emilygoesplaces,Video - Instagram,Social - Facebook,https://www.facebook.com/emilygoesplaces/,,,,,Travel,"Washington, DC",Lifestyle & Personal Life,Washington,DC,US,Mid-Atlantic,
Emily Nunn,emily-nunn,The Department of Salad,https://emilyrnunn.substack.com,Newsletter - Substack,Video - Instagram,https://www.instagram.com/the_department_of_salad/,,,,,"Recipes, Food",National - US,Lifestyle & Personal Life,,,US,National,
Emily Oster,emily-oster,Parent Data,https://parentdata.org,Website,Video - Instagram,https://www.instagram.com/profemilyoster/?hl=en,,,,,Parenting,Rhode Island - US,Lifestyle & Personal Life,,RI,US,Northeast,
Emily Sanders,emily-sanders,Exxon Knews,https://www.exxonknews.org,Newsletter - Substack,Social - BlueSky,https://bsky.app/profile/emdashsanders.bsky.social,,,,,Climate/Environment,"Washington, DC",Science Health & Environment,Washington,DC,US,Mid-Atlantic,
Emily Silverman,emily-silverman,The Nocturnists,https://thenocturnists.com,Podcast,,,,,,,"Health/Wellness, Day in a Life","San Francisco, CA","Science Health & Environment, Journalism Formats",San Francisco,CA,US,West,
Emily Smith,emily-smith,Friendly Neighbor Epidemiologist,https://emilysmith.substack.com/,Newsletter - Substack,,,,,,,Health/Wellness,"Durham, NC",Science Health & Environment,Durham,NC,US,South,
Emily Sundberg,emily-sundberg,Feed Me,https://www.readfeedme.com,Newsletter - Substack,,,,,,,Culture,"New York, NY",Culture & Media,New York,NY,US,Northeast,
Emily W. King,emily-king,,https://learnwithdremily.substack.com,Newsletter - Substack,Website,https://learnwithdremily.com,,,,,Education,,Civic Life,,,,,
Emma Grede,emma-grede,Aspire with Emma Grede,https://www.emmagrede.me,Podcast,Video - Instagram,https://www.instagram.com/emmagrede/,,,,,Business,National - US,Money & Work,,,US,National,
Emma Johnson,emma-johnson,Wealthy Single Mommy,https://www.instagram.com/thejohnsonemma,Video - Instagram,,,,,,,"Careers, Parenting","Richmond, VA","Money & Work, Lifestyle & Personal Life",Richmond,VA,US,South,
Emma Restrepo,emma-restrepo,"2PuntosPlatform / VozColectiva -- bilingual Latino/Caribbean community newsroom, founder",https://2puntosplatform.com,Website,,,,,,,"Local, Identity/Belonging","Philadelphia, PA","Social Issues, Civic Life",Philadelphia,PA,US,Northeast,
Emma Straub,emma-straub,,https://emmastraub.substack.com,Newsletter - Substack,Social - Instagram,https://www.instagram.com/emmastraub/,,,,,Books/Writing,"Brooklyn, NY",Culture & Media,Brooklyn,NY,US,Northeast,
Enrique Anarte,enrique-anarte,Enrique Anarte,https://www.tiktok.com/@enriqueanartelazo,Video - TikTok,Newsletter - Substack,https://enriqueanartelazo.substack.com,,,,,"Politics, Human Rights, LGBTQIA, World",International,"Power & Politics, Social Issues, General News",,,,International,
Enrique Anarte Lazo,enrique-anarte-lazo,The Rainbow Compass,https://enriqueanartelazo.substack.com,Newsletter - Substack,Social - Instagram,https://www.instagram.com/enriqueanartelazo/,,,,,"LGBTQIA, Human Rights, Politics","Berlin, Germany","Power & Politics, Social Issues",Berlin,,DE,International,
Eric Blanc,eric-blanc,Labor Politics,https://www.laborpolitics.com,Newsletter - Substack,Social - BlueSky,https://bsky.app/profile/ericblanc.bsky.social,,,,,Labor/Workers Rights,New Jersey - US,Money & Work,,NJ,US,Northeast,
Eric Lee,eric-lee,Eric Lee,https://www.instagram.com/itselee/,Social - Instagram,Website,https://www.ericleephoto.com/,,,,,Photography,"Washington, DC",Culture & Media,Washington,DC,US,Mid-Atlantic,
Eric Newcomer,eric-newcomer,Newcomer,https://www.newcomer.co,Newsletter - Substack,Social - BlueSky,https://bsky.app/profile/ericnewcomer.bsky.social,,,,,Tech,"New York, NY",Money & Work,New York,NY,US,Northeast,
Eric Olander,eric-olander,The China-Global South Project,https://chinaglobalsouth.com,Website,Newsletter - Other,,Podcast,,,,Foreign Policy,"Ho Chi Minh City, Vietnam",Power & Politics,Ho Chi Minh City,,VN,International,
Eric Topol,eric-topol,Ground Truths,https://erictopol.substack.com,Newsletter - Substack,,,,,,,"Health/Wellness, Science","San Diego, CA",Science Health & Environment,San Diego,CA,US,West,
Eric Zorn,eric-zorn,The Picayune Sentinel,https://ericzorn.substack.com,Newsletter - Substack,Social - BlueSky,https://bsky.app/profile/ericzorn.bsky.social,,,,,"Government Accountability, Politics, Local","Chicago, IL","Power & Politics, Civic Life",Chicago,IL,US,Midwest,
Erica Noblecilla,erica-noblecilla,Erica Eats Everything,https://www.tiktok.com/@ericaeatseverything,Video - TikTok,,,,,,,"Restaurants and bars, Food, Local","Chicago, IL","Civic Life, Lifestyle & Personal Life",Chicago,IL,US,Midwest,
Erika Harrison,erika-harrison,Black Girls Who Brunch,https://www.tiktok.com/@blackgirlswhobrunch,Video - TikTok,Video - Instagram,https://www.instagram.com/blackgirlswhobrunch/,,,,,"Culture, Politics, Identity/Belonging, Activism",National - US,"Power & Politics, Social Issues, Culture & Media",,,US,National,
Erin,erin-hillea,hillea,https://www.tiktok.com/@hillea,Social - TikTok,,,,,,,Lifestyle,"Washington, DC",Lifestyle & Personal Life,Washington,DC,US,Mid-Atlantic,
Erin Allmann Updyke,erin-allmann-updyke,This Podcast Will Kill You,https://thispodcastwillkillyou.com,Podcast,,,,,,,"Health/Wellness, History, Science","Chicago, IL","Science Health & Environment, Culture & Media",Chicago,IL,US,Midwest,
Erin Byrne,erin-byrne-312food,312food,https://www.instagram.com/312food,Social - Instagram,,,,,,,"Food, Lifestyle","Chicago, IL",Lifestyle & Personal Life,Chicago,IL,US,Midwest,
Erin Calandrelli,erin-calandrelli,Erin Calandrelli,https://www.instagram.com/thespacegal/,Social - Instagram,Website,https://thespacegal.com/,Video - YouTube,https://www.youtube.com/@TheSpaceGal,Social - Twitter / X,https://x.com/thespacegal,Science,"Washington, DC",Science Health & Environment,Washington,DC,US,Mid-Atlantic,
Erin Cook,erin-cook,Dari Mulut ke Mulut,https://darimulut.substack.com,Newsletter - Substack,,,,,,,World,"Jakarta, Indonesia",Power & Politics,Jakarta,,ID,International,
Erin Durant,erin-durant,Durant’s Rants,https://durantsrants.substack.com,Newsletter - Substack,,,,,,,"Law/Legal Issues, Politics",Canada,Power & Politics,,,CA,International,
Erin Reed,erin-reed,Erin In the Morning,https://www.erininthemorning.com,Newsletter - Substack,Social - BlueSky,https://bsky.app/profile/erininthemorning.com,,,,,LGBTQIA,National - US,Social Issues,,,US,National,
Erin Schlozman,erin-schlozman,,https://erinschlozman.substack.com,Newsletter - Substack,Website,https://erinschlozman.com,Social - Instagram,https://www.instagram.com/4th.trimester.wellness,,,Parenting,,Lifestyle & Personal Life,,,,,
Erin Welsh,erin-welsh,This Podcast Will Kill You,https://thispodcastwillkillyou.com,Podcast,,,,,,,"Health/Wellness, History, Science","Chicago, IL","Science Health & Environment, Culture & Media",Chicago,IL,US,Midwest,
Erin Wylie,erin-wylie,Blackbird Spyplane,https://www.blackbirdspyplane.com,Newsletter - Substack,,,,,,,"Fashion, Culture","Oakland, CA","Culture & Media, Lifestyle & Personal Life",Oakland,CA,US,West,
Ernest Crim III,ernest-crim-iii,You Don't Know Chi,https://ernestcrim.com,Video - TikTok,Newsletter - Substack,https://ernestcrim.substack.com,,,,,"Local, History, Culture","Chicago, IL","Civic Life, Culture & Media",Chicago,IL,US,Midwest,
Ernie Smith,ernie-smith,Tedium,https://tedium.co,Newsletter - Other,,,,,,,Tech,National - US,Money & Work,,,US,National,
Ernie Svenson,ernie-svenson,Ernie the Attorney,https://www.linkedin.com/in/ernieattorney,Social - LinkedIn,,,,,,,"Law/Legal Issues, Politics, Tech","New Orleans, LA","Power & Politics, Money & Work",New Orleans,LA,US,South,
Errol Schweizer,errol-schweizer,The Checkout,https://grocerynerd.substack.com,Newsletter - Substack,Social - BlueSky,https://bsky.app/profile/grocerynerd.bsky.social,,,,,"Food, Finance/Economics",National - US,"Money & Work, Lifestyle & Personal Life",,,US,National,
Eryn Gordon,eryn-gordon,Eryn Gordon,https://earthtoeditorial.com/,Website,,,,,,,Travel,National - US,Lifestyle & Personal Life,,,US,National,Institute_for_Independent_Journalists
Esteban Queimada,esteban-queimada,Bajo La Lupa,https://bajolalupa.uy,Website,Podcast,https://bajolalupa.uy,Social - TikTok,https://www.tiktok.com/@esteban_queimada,,,"General News, Investigative",Uruguay,"General News, Journalism Formats",,,,Uruguay,Global_South_World
Estee,estee-cheapnfreedc,cheapnfreedc,https://www.instagram.com/cheapnfreedc/,Social - Instagram,Social - BlueSky,https://bsky.app/profile/esteeland.bsky.social,,,,,Things to Do,"Washington, DC",Lifestyle & Personal Life,Washington,DC,US,Mid-Atlantic,
Esther Perel,esther-perel,Where Should We Begin?,https://www.estherperel.com,Podcast,Website,https://www.estherperel.com,,,,,"Health/Wellness, Mental Health",National - US,Science Health & Environment,,,US,National,
Ethan Brown,ethan-brown,Ethan Brown,https://www.ethanclimate.com/,Website,Podcast,,,,,,"Climate/Environment, Comedy","Bethel, CT","Science Health & Environment, Culture & Media",Bethel,CT,US,Northeast,Institute_for_Independent_Journalists
Ethan Clark,ethan-clark,North Carolina's Weather Authority,https://www.facebook.com/ncweatherauthority/,Social - Facebook,Website,https://www.ncwxauthority.com/,Social - BlueSky,https://bsky.app/profile/ethanclark.bsky.social,,,Weather,North Carolina - US,Civic Life,,NC,US,South,
Ethan Long,ethan-long,Habitual Linecrosser,https://www.tiktok.com/@habitual_linecrosser,Video - TikTok,,,,,,,"Politics, Comedy, Military",National - US,"Power & Politics, Culture & Media",,,US,National,
Ethan Mollick,ethan-mollick,One Useful Thing,https://www.oneusefulthing.org,Newsletter - Substack,Social - BlueSky,https://bsky.app/profile/emollick.bsky.social,,,,,"Tech, Careers","Philadelphia, PA",Money & Work,Philadelphia,PA,US,Northeast,
Ethan Penner,ethan-penner,Rock Man Ethan,https://www.tiktok.com/@rockmanethan,Video - TikTok,Video - Instagram,https://www.instagram.com/rockmanethan,,,,,"Climate/Environment, Outdoors, Science",Colorado - US,"Science Health & Environment, Lifestyle & Personal Life",,CO,US,West,
Ethan Strauss,ethan-strauss,House of Strauss,https://www.houseofstrauss.com,Newsletter - Substack,,,,,,,"Sports, Culture","San Francisco, CA","Culture & Media, Lifestyle & Personal Life",San Francisco,CA,US,West,
Euan Thomson,euan-thomson,Drug Data Decoded -- drug-policy/policing investigative newsletter,https://drugdatadecoded.ca/,Newsletter - Ghost,,,,,,,Finance/Economics,,Money & Work,,,,,
Eva Pound,eva-pound,Eva Pound,https://www.instagram.com/evapound,Social - Instagram,Social - TikTok,https://www.tiktok.com/@evapound,,,,,General News,"Washington, DC",General News,Washington,DC,US,Mid-Atlantic,
Eva Schulz,eva-schulz,Eva Schulz,https://www.instagram.com/evaschulz,Video - Instagram,Social - BlueSky,https://bsky.app/profile/evaschulz.bsky.social,,,,,"Politics, General News",Germany,"Power & Politics, General News",,,DE,International,
Evan,evan-polymatter,PolyMatter,https://www.youtube.com/@polymatter,Video - YouTube,,,,,,,Explanatory,National - US,Journalism Formats,,,US,National,
Evan George,evan-george,Bostopia,https://www.tiktok.com/@bostopianews,Video - TikTok,Social - BlueSky,https://bsky.app/profile/bostopianews.bsky.social,,,,,"Local, Politics","Boston, MA","Power & Politics, Civic Life",Boston,MA,US,Northeast,
Evan Greer,evan-greer,Evan Greer,https://www.instagram.com/thatevangreer,Video - Instagram,,,,,,,"Tech, LGBTQIA","Boston, MA","Social Issues, Money & Work",Boston,MA,US,Northeast,
Evan Hadfield,evan-hadfield,Rare Earth,https://www.youtube.com/@RareEarthSeries,Video - YouTube,,,,,,,"World, Travel",International,"General News, Lifestyle & Personal Life",,,,International,
Evan Lovett,evan-lovett,LA in a Minute,https://www.instagram.com/lainaminute/,Social - Instagram,Podcast,https://podcasts.apple.com/us/podcast/in-a-minute-with-evan-lovett/id1672118172,Social - BlueSky,https://bsky.app/profile/evanlovett.bsky.social,,,"Local, History, Culture","Los Angeles, CA","Civic Life, Culture & Media",Los Angeles,CA,US,West,
Evan Minsker,evan-minsker,see/saw -- punk/rock music journalism newsletter,https://see-saw.fun/,Newsletter - Ghost,,,,,,,Media/Power,"Menomonie, WI",Culture & Media,Menomonie,WI,US,Midwest,
Evan Shapiro,evan-shapiro,Media War and Peace,https://eshap.substack.com,Newsletter - Substack,,,,,,,"Tech, Media/Power","New York, NY","Money & Work, Culture & Media",New York,NY,US,Northeast,
Evan Woodard,evan-woodard,Evan Woodard,https://www.instagram.com/salvagearc,Video - Instagram,,,,,,,History,"Baltimore, MD",Culture & Media,Baltimore,MD,US,South,
Eve Batey,eve-batey,Best Evidence,https://buttondown.com/bestevidencefyi,Newsletter - Other,,,,,,,"Crime, Media/Power","San Francisco, CA","Civic Life, Culture & Media",San Francisco,CA,US,West,
Everett Chu,everett-chu,Everett Chu,https://www.instagram.com/drchubacca/,Social - Instagram,Social - LinkedIn,https://www.linkedin.com/in/everettchu/,,,,,Photography,"Washington, DC",Culture & Media,Washington,DC,US,Mid-Atlantic,
"Ezel ""Jimmy"" Smith",ezel-jimmy-smith,"Ezel ""Jimmy"" Smith",https://www.instagram.com/actpoorthinkrich/,Social - Instagram,,,,,,,Lifestyle,"Washington, DC",Lifestyle & Personal Life,Washington,DC,US,Mid-Atlantic,
Farah ElKordy,farah-elkordy,فرح الكردي,https://www.instagram.com/farahelkordy_,Video - Instagram,Video - TikTok,https://www.tiktok.com/@farahelkordy_,Social - Facebook,https://www.facebook.com/farahelkordy_,,,"Tech, Business, World","Dubai, UAE","Money & Work, General News",Dubai,UAE,,,
Farah Eltohamy,farah-eltohamy,In Foresight,https://www.in-foresight.net,Newsletter - Ghost,,,,,,,Immigration,"Seattle, WA",Social Issues,Seattle,WA,US,West,
Fari Sanyika,fari-sanyika,Fari Sanyika,https://www.instagram.com/gophari/,Social - Instagram,,,,,,,Travel,South Africa,Lifestyle & Personal Life,,,ZA,International,
Farideh Sadeghin,farideh-sadeghin,,https://farideh.substack.com,Newsletter - Substack,Video - YouTube,https://www.youtube.com/@farideh-sadeghin,Social - Instagram,https://www.instagram.com/farideh/,,,Recipes,,Lifestyle & Personal Life,,,,,
Farrah Berrou,farrah-berrou,Aanab News,https://aanab.news,Newsletter - Substack,,,,,,,"Food, Culture","Beirut, Lebanon","Culture & Media, Lifestyle & Personal Life",Beirut,,LB,International,
Farrah Malala,farrah-malala,momofmamony,https://www.instagram.com/momofmamony/,Social - Instagram,,,,,,,Travel,"Washington, DC",Lifestyle & Personal Life,Washington,DC,US,Mid-Atlantic,
Farrah Skeiky,farrah-skeiky,Farrah Skeiky,https://www.instagram.com/reallyfarrah/,Social - Instagram,Website,https://www.farrahskeiky.com/,Social - Twitter / X,https://twitter.com/reallyfarrah,,,Photography,"Washington, DC",Culture & Media,Washington,DC,US,Mid-Atlantic,
Farron Cousins,farron-cousins,Farron Balanced,https://farronbalanceddaily.buzzsprout.com/,Podcast,Video - YouTube,https://www.youtube.com/@farronbalanced,Social - BlueSky,https://bsky.app/profile/farronbalanced.bsky.social,,,Politics,National - US,Power & Politics,,,US,National,
Fatih Altaylı,fatih-altayli,Fatih Altaylı,https://www.youtube.com/@fatihaltayli,Video - YouTube,Social - Twitter / X,https://x.com/fatihaltayli,,,,,Politics,Turkey,Power & Politics,,,TR,International,
Fatih Portakal,fatih-portakal,Fatih Portakal,https://www.youtube.com/@FatihPortakal,Video - YouTube,Social - Twitter / X,https://x.com/portakalgazete,,,,,Politics,Turkey,Power & Politics,,,TR,International,
Felipe Cardenas,felipe-cardenas,Felipe Cardenas,https://www.instagram.com/felipeeats/,Social - Instagram,Video - TikTok,https://www.tiktok.com/@felipeeats,Social - BlueSky,https://bsky.app/profile/felipecardenas.bsky.social,,,Restaurants and bars,"Washington, DC",Lifestyle & Personal Life,Washington,DC,US,Mid-Atlantic,
Felipe De La Hoz,felipe-de-la-hoz,Borderlines,https://borderlines.substack.com,Newsletter - Substack,,,,,,,Immigration,"New York, NY",Social Issues,New York,NY,US,Northeast,
Fernando Hurtado,fernando-hurtado,In the Hyphen,https://www.youtube.com/@byfernandoh,Video - YouTube,,,,,,,"Identity/Belonging, Culture","Los Angeles, CA","Social Issues, Culture & Media",Los Angeles,CA,US,West,
Fionn Pooler,fionn-pooler,The Pourover -- coffee culture/politics newsletter,https://www.thepourover.coffee/,Newsletter - Ghost,,,,,,,Media/Power,United Kingdom,Culture & Media,,,GB,International,
Flo Lloyd-Hughes,flo-lloyd-hughes,Flo Lloyd-Hughes,https://www.instagram.com/floydinsta,Video - Instagram,,,,,,,Sports,United Kingdom,Lifestyle & Personal Life,,,GB,International,
Florian Sohnke,florian-sohnke,Chicago Contrarian,https://www.chicagocontrarian.com,Website,,,,,,,"Government Accountability, Politics, Local, Crime","Chicago, IL","Power & Politics, Civic Life",Chicago,IL,US,Midwest,
Foolish Baseball,foolish-baseball,Foolish Baseball,https://www.youtube.com/@FoolishBaseball,Video - YouTube,,,,,,,Sports,National - US,Lifestyle & Personal Life,,,US,National,
Ford Fischer,ford-fischer,News2Share,https://www.youtube.com/@news2share,Video - YouTube,Social - Twitter / X,https://x.com/FordFischer,Website,https://news2share.com/,Social - Instagram,https://www.instagram.com/fordfischer/,Immigration,National - US,Social Issues,,,US,National,
Francesca Donner,francesca-donner,The Persistent,https://www.thepersistent.com/,Website,Social - BlueSky,https://bsky.app/profile/francescadonner.bsky.social,,,,,Gender,"New York, NY",Social Issues,New York,NY,US,Northeast,
Francesca Fiorentini,francesca-fiorentini,The Bitchuation Room,https://www.youtube.com/@franifio,Video - YouTube,Video - Twitch,https://www.twitch.tv/franifio,Social - BlueSky,https://bsky.app/profile/franifio.bsky.social,,,"Comedy, Politics","Los Angeles, CA","Power & Politics, Culture & Media",Los Angeles,CA,US,West,
Francia García Hernández,francia-garcia-hernandez,¡Presente!,https://www.cantv.org/show/presente/,Video - YouTube,,,,,,,"Immigration, Local","Chicago, IL","Social Issues, Civic Life",Chicago,IL,US,Midwest,
Francine McKenna,francine-mckenna,The Dig,https://thedig.substack.com,Newsletter - Substack,,,,,,,Finance/Economics,,Money & Work,,,,,
Francis Foster,francis-foster,TRIGGERnometry,https://www.subfrancis.co.uk,Newsletter - Substack,,,,,,,Culture,"London, UK",Culture & Media,London,,UK,International,
Frank Shyong,frank-shyong,Lunch Box,https://frankbear.substack.com,Newsletter - Substack,Social - Twitter / X,https://x.com/frankshyong,Social - BlueSky,https://bsky.app/profile/frankshyong.bsky.social,,,"Food, Identity/Belonging, Local","Los Angeles, CA","Social Issues, Civic Life, Lifestyle & Personal Life",Los Angeles,CA,US,West,
Frankie de la Cretaz,frankie-cretaz,Out of Your League,https://www.thefrankiedlc.news/,Newsletter - Other,,,,,,,Culture,,Culture & Media,,,,,
Fraser Cain,fraser-cain,Universe Today,https://www.universetoday.com,Website,Video - YouTube,https://www.youtube.com/@universetoday,,,,,Science,Canada,Science Health & Environment,,,CA,International,
Fraser Jones,fraser-jones,Fraser Jones TV,https://www.fraserjones.tv,Website,Social - Instagram,https://www.instagram.com/fraserjones.tv/,Social - BlueSky,https://bsky.app/profile/fraserjones.net,,,"Culture, Investigative","Atlanta, GA","Culture & Media, Journalism Formats",Atlanta,GA,US,South,
Fred Katz,fred-katz,"Senior NBA writer The Athletic, hosts own podcast Katz and Shoot",https://www.patreon.com/katzandshoot,Patreon,,,,,,,Sports,"New York, NY",Lifestyle & Personal Life,New York,NY,US,Northeast,
Fred Wilson,fred-wilson,AVC,https://avc.xyz,Website,,,,,,,Tech,"New York, NY",Money & Work,New York,NY,US,Northeast,
Freddie deBoer,freddie-deboer,Freddie deBoer,https://freddiedeboer.substack.com,Newsletter - Substack,,,,,,,"Politics, Education",National - US,"Power & Politics, Civic Life",,,US,National,
Frederick Murphy,frederick-murphy,History Before Us,https://www.youtube.com/@historybeforeus,Video - YouTube,,,,,,,History,North Carolina - US,Culture & Media,,NC,US,South,
G. Elliott Morris,g-elliott-morris,Strength In Numbers,https://gelliottmorris.substack.com,Newsletter - Substack,,,,,,,"Politics, Data Visualization","Washington, DC","Power & Politics, Journalism Formats",Washington,DC,US,Mid-Atlantic,
Gabby & Izzy,gabby-izzy,Gabby & Izzy,https://www.instagram.com/thosehungrytwins/,Social - Instagram,Video - TikTok,https://www.tiktok.com/@thosehungrytwins,,,,,Restaurants and bars,"Washington, DC",Lifestyle & Personal Life,Washington,DC,US,Mid-Atlantic,
Gabe Bullard,gabe-bullard,,https://gabebullard.substack.com,Newsletter - Substack,,,,,,,Culture,"Basel, Switzerland",Culture & Media,Basel,,CH,International,
Gabe Fleisher,gabe-fleisher,Wake Up To Politics,https://www.instagram.com/wakeupolitics,Video - Instagram,,,,,,,Politics,"Washington, DC",Power & Politics,Washington,DC,US,Mid-Atlantic,
Gabriel Sanchez,gabriel-sanchez,Gabriel Sanchez,https://www.instagram.com/freestyledf/,Social - Instagram,Social - BlueSky,https://bsky.app/profile/gsm7.bsky.social,,,,,Culture,"Washington, DC",Culture & Media,Washington,DC,US,Mid-Atlantic,
Gabriella Karefa-Johnson,gabriella-karefa-johnson,Brain Matter,https://brainmatterbygkj.substack.com,Newsletter - Substack,,,,,,,Fashion,"New York, NY",Lifestyle & Personal Life,New York,NY,US,Northeast,
Gabrielle Judge,gabrielle-judge,Ms. Anti Work,https://www.instagram.com/msantiwork,Video - Instagram,,,,,,,Culture,"Fort Collins, CO",Culture & Media,Fort Collins,CO,US,West,
Gaby Del Valle,gaby-del-valle,Borderlines,https://borderlines.substack.com,Newsletter - Substack,,,,,,,Immigration,"Jacksonville, FL",Social Issues,Jacksonville,FL,US,South,
Garnet Henderson,garnet-henderson,Autonomy News,https://www.autonomynews.co,Newsletter - Ghost,Social - BlueSky,https://bsky.app/profile/garnethenderson.com,,,,,"Health/Wellness, Law/Legal Issues","New York, NY","Power & Politics, Science Health & Environment",New York,NY,US,Northeast,
Garrett Bucks,garrett-bucks,The White Pages,https://thewhitepages.net,Newsletter - Substack,Video - Instagram,https://www.instagram.com/garrettbucks/,Social - BlueSky,https://bsky.app/profile/garrettbucks.bsky.social,,,"Local, Activism, Politics",Wisconsin - US,"Power & Politics, Social Issues, Civic Life",,WI,US,Midwest,
Garrett Graff,garrett-graff,Doomsday Scenario,https://www.doomsdayscenario.co,Newsletter - Beehiiv,Social - Twitter / X,https://x.com/vermontgmg?lang=en,Social - BlueSky,https://bsky.app/profile/vermontgmg.bsky.social,,,"History, National Security, Politics","Burlington, VT","Power & Politics, Culture & Media",Burlington,VT,US,Northeast,
Garrison Hayes,garrison-hayes,TIPLINE,https://garrisonhayes.substack.com/,Newsletter - Substack,,,,,,,Activism,"Nashville, TN",Social Issues,Nashville,TN,US,South,
Garth Greenwell,garth-greenwell,To a Green Thought,https://garthgreenwell.substack.com/,Newsletter - Substack,Social - BlueSky,https://bsky.app/profile/garthgreenwell.bsky.social,,,,,Books/Writing,"Iowa City, IA",Culture & Media,Iowa City,IA,US,Midwest,
Gary Hustwit,gary-hustwit,Chance Operations,https://chanceops.substack.com,Newsletter - Substack,,,,,,,Film/Movies,"Brooklyn, NY",Culture & Media,Brooklyn,NY,US,Northeast,
Gary Marcus,gary-marcus,Marcus on AI,https://garymarcus.substack.com,Newsletter - Substack,Social - BlueSky,https://bsky.app/profile/garymarcus.bsky.social,,,,,Tech,"New York, NY",Money & Work,New York,NY,US,Northeast,
Gary Stager,gary-stager,Gary Stager,https://stager.tv/,Website,Social - BlueSky,https://bsky.app/profile/garystager.bsky.social,,,,,"Education, Tech","Torrance, CA","Civic Life, Money & Work",Torrance,CA,US,West,
Gary Suarez,gary-suarez,CABBAGES -- hip-hop journalism newsletter/podcast,https://www.cabbageshiphop.com/,Newsletter - Ghost,,,,,,,Media/Power,"New York, NY",Culture & Media,New York,NY,US,Northeast,
Gaspard G,gaspard-g,Gaspard G,https://www.youtube.com/@GaspardG,Video - YouTube,,,,,,,General News,France,General News,,,FR,International,
Gene Weingarten,gene-weingarten,The Gene Pool,https://geneweingarten.substack.com,Newsletter - Substack,Social - BlueSky,https://bsky.app/profile/geneweingarten.bsky.social,,,,,"Comedy, General News","Washington, DC","General News, Culture & Media",Washington,DC,US,Mid-Atlantic,
Geneva S. Thomas,geneva-s-thomas,The Knowing,https://theknowing.news,Website,,,,,,,"General News, Culture, Identity/Belonging",National - US,"Social Issues, General News, Culture & Media",,,US,National,
Geo Global Tales,geo-global-tales,Geo Global Tales,https://www.youtube.com/@GeoGlobeTales,Video - YouTube,,,,,,,"World, Explanatory",International,"General News, Journalism Formats",,,,International,
Geoff Livingston,geoff-livingston,Geoff Livingston,https://www.instagram.com/livingwf8/,Social - Instagram,Website,https://www.geofflivingston.com/,Social - LinkedIn,https://www.linkedin.com/in/geofflivingston/,Social - BlueSky,https://bsky.app/profile/livingwf8.bsky.social,Photography,"Washington, DC",Culture & Media,Washington,DC,US,Mid-Atlantic,
Geoffrey A. Fowler,geoffrey-a-fowler,Geoffrey A. Fowler,https://geoffreyafowler.substack.com,Newsletter - Substack,,,,,,,Tech,"Washington, DC",Money & Work,Washington,DC,US,Mid-Atlantic,
Geoffrey Fowler,geoffrey-fowler,Geoffrey Fowler's Substack,https://geoffreyfowler.substack.com,Newsletter - Substack,,,,,,,Tech,"San Francisco, CA",Money & Work,San Francisco,CA,US,West,
Geopolitical Guy,geopolitical-guy,Geopolitical Guy,https://geopoliticalguy.substack.com,Newsletter - Substack,Video - Instagram,https://www.instagram.com/geopolitical.guy,,,,,"World, Explanatory",International,"General News, Journalism Formats",,,,International,
George Eaton,george-eaton,Arguably,https://www.arguably.uk,Newsletter - Substack,,,,,,,Politics,"London, UK",Power & Politics,London,,UK,International,
Georgia Fort,georgia-fort,Georgia Fort,https://www.facebook.com/ByGeorgiaFort,Social - Facebook,,,,,,,"General News, Local, Politics","Minneapolis, MN","Power & Politics, Civic Life, General News",Minneapolis,MN,US,Midwest,
Gergely Orosz,gergely-orosz,The Pragmatic Engineer,https://newsletter.pragmaticengineer.com/,Newsletter - Substack,,,,,,,Tech,"Amsterdam, Netherlands",Money & Work,Amsterdam,,NL,International,
Ghazala Irshad,ghazala-irshad,The Brown Line,https://www.thebrownline.co/,Newsletter - Other,,,,,,,Culture,"Chicago, IL",Culture & Media,Chicago,IL,US,Midwest,
Gianna Toboni,gianna-toboni,Gianna Toboni,https://www.noosphere.app/author/gianna/,Video - Noosphere,,,,,,,"Investigative, Human Rights, Criminal Justice",National - US,Power & Politics,,,US,National,
Gideon Meyerowitz-Katz,gideon-meyerowitz-katz,Health Nerd,https://gidmk.substack.com,Newsletter - Substack,Social - BlueSky,https://bsky.app/profile/gidmk.bsky.social,,,,,"Health/Wellness, Science",Australia,Science Health & Environment,,,AU,International,
Gil Duran,gil-duran,"The Nerd Reich, independent newsletter on tech-right politics",https://www.thenerdreich.com,Newsletter - Substack,,,,,,,Politics,"San Francisco, CA",Power & Politics,San Francisco,CA,US,West,
Gillian Brockell,gillian-brockell,Gillian Brockell,https://gillianbrockell.com/,Website,Social - Instagram,https://www.instagram.com/gbrockell/,Social - BlueSky,https://bsky.app/profile/gbrockell.bsky.social,,,"World, Immigration","Washington, DC","Social Issues, General News",Washington,DC,US,Mid-Atlantic,
Gillian Morris,gillian-morris,Super Nuclear,https://supernuclear.substack.com,Newsletter - Substack,Social - BlueSky,https://bsky.app/profile/gillian.bsky.social,,,,,"Lifestyle, Home","New York, NY",Lifestyle & Personal Life,New York,NY,US,Northeast,
Gina Chua,gina-chua,(Re)structured News,https://restructurednews.substack.com,Newsletter - Substack,,,,,,,Media/Power,"New York, NY",Culture & Media,New York,NY,US,Northeast,
Ginny Yurich,ginny-yurich,1000 Hours Outside,https://1000hoursoutside.com,Podcast,,,,,,,"Outdoors, Parenting",Michigan - US,Lifestyle & Personal Life,,MI,US,Midwest,
Giota Kalogirou,giota-kalogirou,,https://www.tiktok.com/@giotaxtech,Video - TikTok,,,,,,,Tech,"Melbourne, Australia",Money & Work,Melbourne,,AU,International,
Glenn Greenwald,glenn-greenwald,System Update,https://x.com/ggreenwald,Social - Twitter / X,Social - Rumble,https://rumble.com/c/GGreenwald,,,,,"National Security, Government Accountability",Brazil,Power & Politics,,,BR,International,
Glenn Kessler,glenn-kessler,By Glenn Kessler,https://glennkessler.substack.com,Newsletter - Substack,Social - BlueSky,https://bsky.app/profile/glennkessler.bsky.social,,,,,"Media/Power, Politics","Washington, DC","Power & Politics, Culture & Media",Washington,DC,US,Mid-Atlantic,
Glenn Kirschner,glenn-kirschner,Justice Matters,https://www.youtube.com/@GlennKirschner2,Video - YouTube,Newsletter - Substack,https://glennkirschner.substack.com/,Social - BlueSky,https://bsky.app/profile/glennkirschner.bsky.social,,,Law/Legal Issues,"Washington, DC",Power & Politics,Washington,DC,US,Mid-Atlantic,
Glenn Sumi,glenn-sumi,So Sumi -- solo Toronto theatre criticism site,https://www.goaheadsumi.com/,Newsletter - Ghost,,,,,,,Culture,Canada,Culture & Media,,,CA,International,
Grace Andrews,grace-andrews,Grace Andrews,https://www.tiktok.com/@grace.andrewsss,Video - TikTok,,,,,,,"Travel, Lifestyle","Chicago, IL",Lifestyle & Personal Life,Chicago,IL,US,Midwest,
Grace Benfell,grace-benfell,Grace Benfell,https://graceinthemachine.com/,Website,,,,,,,Games/Gaming,National - US,Culture & Media,,,US,National,Institute_for_Independent_Journalists
Grace Blakeley,grace-blakeley,Grace Blakeley,https://graceblakeley.substack.com,Newsletter - Substack,,,,,,,"Finance/Economics, Politics","London, UK","Power & Politics, Money & Work",London,,UK,International,
Grace Shao,grace-shao,AI Proem,https://aiproem.substack.com/,Newsletter - Substack,,,,,,,Tech,Hong Kong,Money & Work,,,HK,International,
Graciela Martin,graciela-martin,Gen33 News,https://gen33news.beehiiv.com,Newsletter - Beehiiv,,,,,,,"World, Culture, Fashion",United Kingdom,"General News, Culture & Media, Lifestyle & Personal Life",,,GB,International,
Grady Hillhouse,grady-hillhouse,Practical Engineering,https://practical.engineering,Website,Social - BlueSky,https://bsky.app/profile/gradyhillhouse.bsky.social,,,,,Science,Texas - US,Science Health & Environment,,TX,US,South,
Graham Cluley,graham-cluley,Smashing Security,https://www.smashingsecurity.com,Podcast,Website,,,,,,Tech,"Oxford, UK",Money & Work,Oxford,,UK,International,
Grant Hermes,grant-hermes,Make It Make Sense,https://mimsnewspod.substack.com,Newsletter - Substack,Video - TikTok,https://www.tiktok.com/@granthermestv,Social - BlueSky,https://bsky.app/profile/granthermes.bsky.social,,,"Education, Explanatory","Detroit, MI","Civic Life, Journalism Formats",Detroit,MI,US,Midwest,
Grant Sanderson,grant-sanderson,3Blue1Brown,https://www.youtube.com/@3blue1brown,Video - YouTube,,,,,,,Science,Utah - US,Science Health & Environment,,UT,US,West,
Gray Chapman,gray-chapman,Gray Chapman,https://www.graywrites.com/,Website,,,,,,,Health/Wellness,National - US,Science Health & Environment,,,US,National,Institute_for_Independent_Journalists
Greg Hartley,greg-hartley,The Behavior Panel,https://www.youtube.com/@TheBehaviorPanel,Video - YouTube,,,,,,,"Politics, General News, Crime",National - US,"Power & Politics, Civic Life, General News",,,US,National,
Greg Nix,greg-nix,Chortle,https://www.chortle.blog,Newsletter - Substack,Social - BlueSky,https://bsky.app/profile/chortle.blog,,,,,Comedy,"Los Angeles, CA",Culture & Media,Los Angeles,CA,US,West,
Greg Olear,greg-olear,PREVAIL,https://gregolear.substack.com,Newsletter - Substack,,,,,,,Politics,National - US,Power & Politics,,,US,National,
Greg Palast,greg-palast,Greg Palast Investigations,https://www.gregpalast.com,Website,Social - BlueSky,https://bsky.app/profile/gregpalast.bsky.social,,,,,"Investigative, Politics","Los Angeles, CA","Power & Politics, Journalism Formats",Los Angeles,CA,US,West,
Greg Prince,greg-prince,Faith and Fear in Flushing,https://www.faithandfearinflushing.com,Website,,,,,,,"Sports, Local","New York, NY","Civic Life, Lifestyle & Personal Life",New York,NY,US,Northeast,
Gregory Foster,gregory-foster,Cannabis Observer,https://cannabis.observer,Website,Social - BlueSky,https://bsky.app/profile/gregoryfoster.bsky.social,,,,,"Policy, Politics, Agriculture, Local","Washington, DC","Power & Politics, Civic Life",Washington,DC,US,Mid-Atlantic,
Guillaume Pley,guillaume-pley,Guillaume Pley,https://www.instagram.com/guillaumepley,Video - YouTube,,,,,,,General News,France,General News,,,FR,International,
Gustavo Faleiros,gustavo-faleiros,InfoAmazonia,https://infoamazonia.org,Website,Social - BlueSky,https://bsky.app/profile/gufalei.bsky.social,,,,,Climate/Environment,Brazil,Science Health & Environment,,,BR,International,
H Kapp-Klote,h-kapp-klote,The Chicago 312,https://hs-newsletter-e91163.beehiiv.com,Newsletter - Beehiiv,,,,,,,"Government Accountability, Politics, Local","Chicago, IL","Power & Politics, Civic Life",Chicago,IL,US,Midwest,
H Street Beat,h-street-beat,H Street Beat,https://www.instagram.com/hstreetbeat/,Social - Instagram,,,,,,,Local,"Washington, DC",Civic Life,Washington,DC,US,Mid-Atlantic,
Hadeel Arja,hadeel-arja,Tiny Hand,https://www.instagram.com/tiny___hand/?hl=en,Social - Instagram,Social - Facebook,https://www.facebook.com/tinyhandstories/,,,,,Investigative,Syria,Journalism Formats,,,SY,International,
Haley Lickstein,haley-lickstein,haleysonthego,https://www.instagram.com/haleylickstein,Video - Instagram,Podcast,https://podcasts.apple.com/us/podcast/haley-on-the-go/id1852677812,,,,,"Activism, Politics, Identity/Belonging",National - US,"Power & Politics, Social Issues",,,US,National,
Haley Nahman,haley-nahman,Maybe Baby,https://maybebaby.substack.com,Newsletter - Substack,,,,,,,"Culture, Lifestyle","Brooklyn, NY","Culture & Media, Lifestyle & Personal Life",Brooklyn,NY,US,Northeast,
Hamilton Nolan,hamilton-nolan,How Things Work,https://www.hamiltonnolan.com,Newsletter - Substack,Social - Twitter / X,https://x.com/hamiltonnolan?lang=en,Social - BlueSky,https://bsky.app/profile/hamiltonnolan.bsky.social,,,Media/Power,National - US,Culture & Media,,,US,National,
Hank Green,hank-green,Vlog Brothers,https://hankgreen.com,Video - YouTube,Video - Instagram,https://www.instagram.com/hankgreen/,Social - BlueSky,https://bsky.app/profile/hankgreen.bsky.social,,,"Explanatory, Science",National - US,"Science Health & Environment, Journalism Formats",,,US,National,
Hank Medina,hank-medina,Litquidity,https://www.instagram.com/litquidity,Video - Instagram,,,,,,,Finance/Economics,"Miami, FL",Money & Work,Miami,FL,US,South,
Hanna Raskin,hanna-raskin,The Food Section,https://thefoodsection.com,Website,Social - BlueSky,https://bsky.app/profile/hannaraskin.bsky.social,,,,,"Food, Local","Macon, GA","Civic Life, Lifestyle & Personal Life",Macon,GA,US,South,
Hannah Dreyfus Dormido,hannah-dreyfus-dormido,ChitChart with Hannah,https://chitchart.beehiiv.com,Newsletter - Beehiiv,,,,,,,Data Visualization,"New York, NY",Journalism Formats,New York,NY,US,Northeast,
Hannah Ewens,hannah-ewens,,https://www.tiktok.com/@hannahewens44,Video - TikTok,,,,,,,Culture,"London, UK",Culture & Media,London,,UK,International,
Hannah Fry,hannah-fry,,https://www.instagram.com/fryrsquared,Social - Instagram,,,,,,,Science,"Cambridge, UK",Science Health & Environment,Cambridge,,UK,International,
Hannah Gaber,hannah-gaber,Jew-ish,https://jew-ish.buzzsprout.com,Podcast,,,,,,,Identity/Belonging,"Washington, DC",Social Issues,Washington,DC,US,Mid-Atlantic,
Hannah Ritchie,hannah-ritchie,Hannah Ritchie,https://hannahritchie.substack.com,Newsletter - Substack,Social - BlueSky,https://bsky.app/profile/hannahritchie.bsky.social,,,,,"Climate/Environment, Explanatory",United Kingdom,"Science Health & Environment, Journalism Formats",,,GB,International,
Hannah Spier,hannah-spier,,https://hannahspier.substack.com,Newsletter - Substack,,,,,,,Mental Health,"Zurich, Switzerland",Science Health & Environment,Zurich,,CH,International,
Hannah Zhang,hannah-zhang,Nonlinear News,https://nonlinearnews.com,Newsletter - Substack,,,,,,,"Business, Careers","New York, NY",Money & Work,New York,NY,US,Northeast,
Happy DMV,happy-dmv,Happy DMV,https://www.instagram.com/happy_dmv/,Social - Instagram,Video - TikTok,https://www.tiktok.com/@happy_dmv,,,,,Restaurants and bars,"Washington, DC",Lifestyle & Personal Life,Washington,DC,US,Mid-Atlantic,
Hasan Minhaj,hasan-minhaj,Hasan Minhaj,https://www.instagram.com/hasanminhaj,Video - Instagram,Social - BlueSky,https://bsky.app/profile/hasanminhaj.com,,,,,"Politics, Comedy","Los Angeles, CA","Power & Politics, Culture & Media",Los Angeles,CA,US,West,
Hasan Piker,hasan-piker,HasanAbi,https://www.twitch.tv/hasanabi,Video - Twitch,Video - YouTube,https://www.youtube.com/@Hasan,,,,,"Politics, Culture, World","Los Angeles, CA","Power & Politics, General News, Culture & Media",Los Angeles,CA,US,West,
Heather Cox Richardson,heather-cox-richardson,Letters from an American,https://heathercoxrichardson.substack.com,Newsletter - Substack,Video - Instagram,https://www.instagram.com/heathercoxrichardson/,,,,,"Politics, History, Government Accountability",Maine - US,"Power & Politics, Culture & Media",,ME,US,Northeast,
Heather Digby Parton,heather-digby-parton,Digby's Hullabaloo,https://digbysblog.net,Website,Newsletter - Substack,https://digby56.substack.com,,,,,Politics,National - US,Power & Politics,,,US,National,
Heather Parton,heather-parton,"Salon columnist, publisher of long-running Hullabaloo blog (Digby)",https://digbysblog.blogspot.com,Website,,,,,,,Politics,"Santa Monica, CA",Power & Politics,Santa Monica,CA,US,West,
Hebba Youssef,hebba-youssef,I Hate It Here,https://ihateithere.substack.com,Newsletter - Substack,,,,,,,Culture,National - US,Culture & Media,,,US,National,
Heidi Chang,heidi-chang,Heidi Chang,https://heidichang.com,Website,,,,,,,World,"Honolulu, HI",General News,Honolulu,HI,US,West,Institute_for_Independent_Journalists
Heidi Przybyla,heidi-przybyla,Get Real News,https://www.instagram.com/pennsylvania_reals,Social - Instagram,,,,,,,Politics,"Washington, DC",Power & Politics,Washington,DC,US,Mid-Atlantic,
Heidi Wachter,heidi-wachter,Evergreen,https://evergreenheidiwachter.substack.com,Newsletter - Substack,,,,,,,"Health/Wellness, Climate/Environment, Travel",National - US,"Science Health & Environment, Lifestyle & Personal Life",,,US,National,Institute_for_Independent_Journalists
Helen & Vince,helen-vince,Helen & Vince,https://www.instagram.com/foodsinmyheart/,Social - Instagram,Video - TikTok,https://www.tiktok.com/@foodsinmyheart,,,,,Restaurants and bars,"Washington, DC",Lifestyle & Personal Life,Washington,DC,US,Mid-Atlantic,
Helena Bottemiller Evich,helena-bottemiller-evich,Food Fix,https://foodfix.co,Newsletter - Other,Social - BlueSky,https://bsky.app/profile/hbottemiller.bsky.social,,,,,Food,"Washington, DC",Lifestyle & Personal Life,Washington,DC,US,Mid-Atlantic,
Henah Velez,henah-velez,Departure,https://joindeparture.com,Website,,,,,,,Travel,National - US,Lifestyle & Personal Life,,,US,National,
Henok Mengistu,henok-mengistu,Ethiopique,https://ethiopique.com,Website,,,,,,,Local,"Washington, DC",Civic Life,Washington,DC,US,Mid-Atlantic,
Henry Farrell,henry-farrell,Programmable Mutter,https://www.programmablemutter.com/,Newsletter - Substack,,,,,,,"Tech, Politics",,"Power & Politics, Money & Work",,,,,
Henry Oliver,henry-oliver,The Common Reader,https://www.commonreader.co.uk,Newsletter - Substack,,,,,,,Culture,,Culture & Media,,,,,
Henry Reich,henry-reich,MinutePhysics,https://www.youtube.com/@MinutePhysics,Video - YouTube,,,,,,,Science,National - US,Science Health & Environment,,,US,National,
Herb Greenberg,herb-greenberg,On the Street,https://www.herbgreenberg.com,Newsletter - Substack,,,,,,,Finance/Economics,"San Diego, CA",Money & Work,San Diego,CA,US,West,
Hermene Hartman,hermene-hartman,N'DIGO Studio,https://ndigo.com/new-podcast/,Podcast,,,,,,,"Local, Politics","Chicago, IL","Power & Politics, Civic Life",Chicago,IL,US,Midwest,
Hetty Lui McKinnon,hetty-lui-mckinnon,"To Vegetables, With Love",https://hettymckinnon.substack.com,Newsletter - Substack,Video - Instagram,https://www.instagram.com/hettymckinnon/reels,,,,,Food,"New York, NY",Lifestyle & Personal Life,New York,NY,US,Northeast,
High Speed Dining,high-speed-dining,High Speed Dining,https://www.tiktok.com/@highspeeddining,Social - TikTok,Social - Instagram,https://www.instagram.com/highspeeddining/?hl=en,Website,https://highspeeddining.com/,Video - YouTube,youtube.com/@HighSpeedDining,Restaurants and bars,"Washington, DC",Lifestyle & Personal Life,Washington,DC,US,Mid-Atlantic,
Hilda Bastian,hilda-bastian,Absolutely Maybe,https://www.absolutelymaybe.com,Website,,,,,,,Science,International,Science Health & Environment,,,,International,
Hind Khoudary,hind-khoudary,hindkhoudary,https://instagram.com/hindkhoudary,Social - Instagram,Social - TikTok,https://www.tiktok.com/@hindkhoudary,,,,,"World, Day in a Life","Gaza, Palestine","General News, Journalism Formats",Gaza,,PS,International,
Hiroko Yoda,hiroko-yoda,"Blog on Japanese culture, folklore, happiness",https://blog.hirokoyoda.com/,Newsletter - Substack,,,,,,,Culture,Japan,Culture & Media,,,JP,International,
History In High Heels,history-in-high-heels,History In High Heels,https://www.instagram.com/historyinhighheels,Video - Instagram,,,,,,,History,"Washington, DC",Culture & Media,Washington,DC,US,Mid-Atlantic,
Holger Roonemaa,holger-roonemaa,Baltic Flank,https://balticflank.substack.com,Newsletter - Substack,,,,,,,"National Security, Foreign Policy","Tallinn, Estonia",Power & Politics,Tallinn,Estonia,,,
Hollis Robbins,hollis-robbins,Anecdotal Value,https://hollisrobbinsanecdotal.substack.com,Newsletter - Substack,,,,,,,Culture,"Salt Lake City, UT",Culture & Media,Salt Lake City,UT,US,West,
Holly Berkley Fletcher,holly-berkley-fletcher,A Zebra Without Stripes,https://hollyberkleyfletcher.substack.com,Newsletter - Substack,,,,,,,"Faith/Religion, Politics","Washington, DC","Power & Politics, Social Issues",Washington,DC,US,Mid-Atlantic,
Holly Garner,holly-garner,Holly Garner,https://www.instagram.com/golightly/,Social - Instagram,Website,https://hollygarner.com/,,,,,Photography,"Washington, DC",Culture & Media,Washington,DC,US,Mid-Atlantic,
Holly Korbey,holly-korbey,The Bell Ringer,https://hollykorbey.substack.com,Newsletter - Substack,Social - BlueSky,https://bsky.app/profile/hollykorbey.bsky.social,,,,,Education,"Nashville, TN",Civic Life,Nashville,TN,US,South,
holly palker,holly-palker,holly palker,https://hollyrizzutopalker.com/podcast,Website,,,,,,,"Parenting, Comedy",National - US,"Culture & Media, Lifestyle & Personal Life",,,US,National,Institute_for_Independent_Journalists
Hope King,hope-king,Macro Talk,https://www.youtube.com/@macrotalkwithhope,Video - YouTube,Social - BlueSky,https://bsky.app/profile/hopeking.bsky.social,,,,,Finance/Economics,"New York, NY",Money & Work,New York,NY,US,Northeast,
Hrishikesh Hirway,hrishikesh-hirway,Song Exploder,https://songexploder.net/,Podcast,,,,,,,Media/Power,"Los Angeles, CA",Culture & Media,Los Angeles,CA,US,West,
Hsing-Huei Chou,hsing-huei-chou,The LA Reporter,https://thelareporter.la/,Newsletter - Other,,,,,,,"Local, Politics","Los Angeles, CA","Power & Politics, Civic Life",Los Angeles,CA,US,West,
Hugo Clément,hugo-clement,Hugo Clément,https://www.youtube.com/@HugoClementOfficiel,Video - YouTube,Social - Instagram,https://www.instagram.com/hugoclement_,,,,,Climate/Environment,France,Science Health & Environment,,,FR,International,
Hugo Travers,hugo-travers,HugoDécrypte,https://www.youtube.com/@hugotravers1080,Video - YouTube,Social - BlueSky,https://bsky.app/profile/hugotravers.bsky.social,,,,,"General News, Explanatory",France,"General News, Journalism Formats",,,FR,International,
Huma Razvi,huma-razvi,The Fifth,https://www.instagram.com/readthefifth,Video - Instagram,Website,https://www.fromthefifth.com,,,,,"Media/Power, Politics, Government Accountability","New Haven, CT","Power & Politics, Culture & Media",New Haven,CT,US,Northeast,
Huma Zaidi Razvi,huma-zaidi-razvi,The Fifth,https://www.instagram.com/from_thefifth,Video - Instagram,,,,,,,"Explanatory, General News","New York, NY","General News, Journalism Formats",New York,NY,US,Northeast,
Hunter Haines,hunter-haines,Hunter Haines,https://www.tiktok.com/@hunter_haines,Video - TikTok,,,,,,,"Things to Do, Restaurants and bars, Lifestyle, Food, Local","Chicago, IL","Civic Life, Lifestyle & Personal Life",Chicago,IL,US,Midwest,
Hunter Harris,hunter-harris,Hung Up,https://hunterharris.substack.com,Newsletter - Substack,Social - BlueSky,https://bsky.app/profile/hunterh.bsky.social,,,,,Entertainment/Hollywood,"New York, NY",Culture & Media,New York,NY,US,Northeast,
Ian Cutress,ian-cutress,Ian Cutress,https://www.youtube.com/@TechTechPotato,Video - YouTube,,,,,,,Tech,United Kingdom,Money & Work,,,GB,International,
Ian Fujimoto,ian-fujimoto,,https://ianfujimoto.substack.com,Newsletter - Substack,,,,,,,Recipes,,Lifestyle & Personal Life,,,,,
Ian Leslie,ian-leslie,The Ruffian,https://www.ian-leslie.com,Newsletter - Substack,,,,,,,Culture,United Kingdom,Culture & Media,,,GB,International,
Ibby,ibby,Ibby,https://www.instagram.com/sips.with.ibbs/,Social - Instagram,,,,,,,Restaurants and bars,"Washington, DC",Lifestyle & Personal Life,Washington,DC,US,Mid-Atlantic,
IGDC,igdc,IGDC,https://www.instagram.com/igdc/,Social - Instagram,Website,https://www.igdcphoto.com/,,,,,Photography,"Washington, DC",Culture & Media,Washington,DC,US,Mid-Atlantic,
Igor Studenkov,igor-studenkov,Chicago Media Journal,https://chimediajournal.substack.com,Newsletter - Substack,Social - BlueSky,https://bsky.app/profile/strannikreb45.bsky.social,,,,,"Media/Power, Local","Chicago, IL","Civic Life, Culture & Media",Chicago,IL,US,Midwest,
Ilana Wiles,ilana-wiles,,https://ilanawiles.substack.com,Newsletter - Substack,Social - Instagram,https://www.instagram.com/mommyshorts,,,,,Parenting,,Lifestyle & Personal Life,,,,,
Illyanna Maisonet,illyanna-maisonet,DIASPORICAN,https://illyannamaisonet.substack.com/,Newsletter - Substack,,,,,,,Culture,,Culture & Media,,,,,
Ilyssa Panitz,ilyssa-panitz,The Divorce Hour,https://ilyssapanitz.com,Website,,,,,,,Lifestyle,"New York, NY",Lifestyle & Personal Life,New York,NY,US,Northeast,
Imaeyen Ibanga,imaeyen-ibanga,@iiwrites,https://imaeyen.com,Website,,,,,,,Identity/Belonging,"New York, NY",Social Issues,New York,NY,US,Northeast,
Imani Barbarin,imani-barbarin,Crutches & Spice,https://crutchesandspice.com,Website,Social - BlueSky,https://bsky.app/profile/imanibarbarin.bsky.social,,,,,"Identity/Belonging, Health/Wellness","Philadelphia, PA","Social Issues, Science Health & Environment",Philadelphia,PA,US,Northeast,
Imani Keal,imani-keal,Imani Keal,https://www.instagram.com/imaniathome/,Social - Instagram,,,,,,,Home,"Washington, DC",Lifestyle & Personal Life,Washington,DC,US,Mid-Atlantic,
Imara Jones,imara-jones,TransLash Media,https://translash.org,Podcast,Social - BlueSky,https://bsky.app/profile/imarajones.bsky.social,,,,,"LGBTQIA, Identity/Belonging","New York, NY",Social Issues,New York,NY,US,Northeast,
Imogene Cancellare,imogene-cancellare,"Wildlife biologist/science communicator, National Geographic Explorer",https://www.instagram.com/biologistimogene/,Social - Instagram,,,,,,,Science,,Science Health & Environment,,,,,
Internal Tech Emails,internal-tech-emails,Internal Tech Emails,https://www.techemails.com,Newsletter - Substack,Social - BlueSky,https://bsky.app/profile/techemails.bsky.social,,,,,Tech,National - US,Money & Work,,,US,National,
Ira Madison III,ira-madison-iii,Ira Madison III,https://iramadison.substack.com,Newsletter - Substack,,,,,,,"Entertainment/Hollywood, Media/Power","New York, NY",Culture & Media,New York,NY,US,Northeast,
Isaac Arthur,isaac-arthur,Isaac Arthur,https://www.youtube.com/@isaacarthur,Video - YouTube,Website,https://www.isaacarthur.net,,,,,Science,National - US,Science Health & Environment,,,US,National,
Isaac Saul,isaac-saul,Tangle News,https://www.readtangle.com,Newsletter - Ghost,,,,,,,Politics,"Philadelphia, PA",Power & Politics,Philadelphia,PA,US,Northeast,
Isabel Ravenna,isabel-ravenna,The Ravenna Report,https://www.instagram.com/theravennareport,Social - Instagram,,,,,,,General News,National - US,General News,,,US,National,
Isabelle Roughol,isabelle-roughol,Broad History,https://www.linkedin.com/in/iroughol,Podcast,Social - BlueSky,https://bsky.app/profile/isabelleroughol.com,,,,,History,United Kingdom,Culture & Media,,,GB,International,
Ivan Oransky,ivan-oransky,Retraction Watch,https://retractionwatch.com,Website,,,,,,,"Science, Health/Wellness","New York, NY",Science Health & Environment,New York,NY,US,Northeast,
Ivy Yang,ivy-yang,Calling the Shots,https://www.callingtheshots.co/,Newsletter - Substack,,,,,,,Business,"New York, NY",Money & Work,New York,NY,US,Northeast,
Jack Appleby,jack-appleby,Future Social,https://futuresocial.beehiiv.com,Newsletter - Beehiiv,,,,,,,Business,"New York, NY",Money & Work,New York,NY,US,Northeast,
Jack Clark,jack-clark,Import AI,https://importai.substack.com,Newsletter - Substack,,,,,,,Tech,"San Francisco, CA",Money & Work,San Francisco,CA,US,West,
Jack Cocchiarella,jack-cocchiarella,Jack Cocchiarella,https://www.jackcocchiarella.com/,Newsletter - Substack,Video - YouTube,https://www.youtube.com/@JackCocchiarellaShow,,,,,Politics,National - US,Power & Politics,,,US,National,
Jack Edwards,jack-edwards,,https://www.instagram.com/jack_edwards,Social - Instagram,,,,,,,Books/Writing,"London, UK",Culture & Media,London,,UK,International,
Jack Murphy,jack-murphy,The High Side,https://thehighside.substack.com,Newsletter - Substack,Social - BlueSky,https://bsky.app/profile/jackmurphyrgr.bsky.social,,,,,Foreign Policy,United States,Power & Politics,,,US,National,
Jack Ohman,jack-ohman,,https://jackohman.substack.com/,Newsletter - Substack,,,,,,,Politics,"San Francisco, CA",Power & Politics,San Francisco,CA,US,West,
Jack Poulson,jack-poulson,Jack Poulson,https://jackpoulson.substack.com,Newsletter - Substack,,,,,,,"Tech, National Security",National - US,"Power & Politics, Money & Work",,,US,National,
Jack Rhysider,jack-rhysider,Darknet Diaries,https://darknetdiaries.com,Podcast,,,,,,,Tech,,Money & Work,,,,,
Jack Schneider,jack-schneider,Have You Heard,https://haveyouheardpodcast.com,Podcast,Social - BlueSky,https://bsky.app/profile/jackschneider.bsky.social,,,,,Education,Massachusetts - US,Civic Life,,MA,US,Northeast,
Jack Surfleet,jack-surfleet,Jack Surfleet,https://www.tiktok.com/@jacksurfleet,Video - TikTok,,,,,,,"Politics, Media/Power","Washington, DC","Power & Politics, Culture & Media",Washington,DC,US,Mid-Atlantic,
Jack Wagner,jack-wagner,Otherworld,https://www.otherworldpod.com/,Podcast,,,,,,,Culture,"Los Angeles, CA",Culture & Media,Los Angeles,CA,US,West,
Jack Werner,jack-werner,Veckans vandringssägen,https://vandringssagner.beehiiv.com/,Newsletter - Beehiiv,Social - BlueSky,https://bsky.app/profile/kwasbeb.bsky.social,,,,,"Culture, History, Internet Culture","Stockholm, Sweden",Culture & Media,Stockholm,,SE,International,
Jacklyn Dallas,jacklyn-dallas,Nothing But Tech,https://www.youtube.com/@NBTJacklyn,Video - YouTube,,,,,,,"Explanatory, Tech","New York, NY","Money & Work, Journalism Formats",New York,NY,US,Northeast,
Jacklynn Botwe,jacklynn-botwe,Jacklynn Botwe,https://www.tiktok.com/discover/byjacklynn,Social - TikTok,,,,,,,"Travel, History",United Kingdom,"Culture & Media, Lifestyle & Personal Life",,,GB,International,
Jackson Barton,jackson-barton,Jackson Barton,https://www.instagram.com/jackson_barton_dc/,Social - Instagram,,,,,,,"Politics, General News","Washington, DC","Power & Politics, General News",Washington,DC,US,Mid-Atlantic,
Jackson Perkins,jackson-perkins,Jackson Perkins,https://www.instagram.com/jacksonperkins/,Social - Instagram,Social - TikTok,https://www.tiktok.com/@jackson_perkins?_r=1&_t=ZT-92FBCsdzbUN,,,,,Music,"Washington, DC",Culture & Media,Washington,DC,US,Mid-Atlantic,
Jacob Carter,jacob-carter,SciLight,https://scilight.substack.com/,Newsletter - Substack,Social - BlueSky,https://bsky.app/profile/jacobacarter.bsky.social,,,,,"Science, Government Accountability",National - US,"Power & Politics, Science Health & Environment",,,US,National,
Jacob Donnelly,jacob-donnelly,A Media Operator,https://www.amediaoperator.com,Newsletter - Other,Social - BlueSky,https://bsky.app/profile/jaycodon.bsky.social,,,,,Media/Power,"New York, NY",Culture & Media,New York,NY,US,Northeast,
Jacob Silverman,jacob-silverman,,https://silverman.substack.com/,Newsletter - Substack,,,,,,,"Tech, Politics","New York, NY","Power & Politics, Money & Work",New York,NY,US,Northeast,
Jacob Simon,jacob-simon,Jacobsimonsays,https://newsletter.thehopemakers.org,Newsletter - Substack,Video - Instagram,https://www.instagram.com/jacobsimonsays,Social - BlueSky,https://bsky.app/profile/jacobsimonsays.bsky.social,,,"Climate/Environment, Explanatory, Education","New York, NY","Civic Life, Science Health & Environment, Journalism Formats",New York,NY,US,Northeast,
Jacque Manabat,jacque-manabat,Jacque Manabat,https://www.tiktok.com/@jacquemanabat,Video - TikTok,,,,,,,"Travel, Explanatory, Culture",Philippines,"Culture & Media, Journalism Formats, Lifestyle & Personal Life",,,PH,International,
Jacqueline Nesi,jacqueline-nesi,Techno Sapiens,https://technosapiens.substack.com,Newsletter - Substack,,,,,,,"Health/Wellness, Tech, Parenting",Rhode Island - US,"Science Health & Environment, Money & Work, Lifestyle & Personal Life",,RI,US,Northeast,
Jacqueline Sweet,jacqueline-sweet,Techtris,https://techtris.substack.com,Newsletter - Substack,Social - BlueSky,https://bsky.app/profile/jsweetli.bsky.social,,,,,"Tech, Policy",National - US,"Power & Politics, Money & Work",,,US,National,
Jade Womack,jade-womack,Clockout DC,https://www.instagram.com/clockoutdc,Video - Instagram,,,,,,,Things to Do,"Washington, DC",Lifestyle & Personal Life,Washington,DC,US,Mid-Atlantic,
Jae-Ha Kim,jae-ha-kim,Jae-Ha Kim,https://www.jaehakim.com,Website,Social - BlueSky,https://bsky.app/profile/jaehakim.com,,,,,"Internet Culture, Culture, World","Chicago, IL","General News, Culture & Media",Chicago,IL,US,Midwest,
Jai,jai-lavishfoodlife,Lavish Food Life,https://www.tiktok.com/@lavishfoodlife,Video - TikTok,,,,,,,"Travel, Restaurants and bars, Lifestyle, Food, Local","Chicago, IL","Civic Life, Lifestyle & Personal Life",Chicago,IL,US,Midwest,
Jaime Black,jaime-black,Chicagoverse,https://podcasts.apple.com/us/podcast/dynasty-podcasts-chicagoverse/id1193859818,Podcast,,,,,,,"Tech, Culture","Chicago, IL","Money & Work, Culture & Media",Chicago,IL,US,Midwest,
Jake Broe,jake-broe,Jake Broe,https://www.youtube.com/@jakebroe,Video - YouTube,Newsletter - Substack,https://jakebroe.substack.com/,Social - BlueSky,https://bsky.app/profile/realjakebroe.bsky.social,,,"World, National Security",National - US,"Power & Politics, General News",,,US,National,
Jake Rockatansky,jake-rockatansky,QAA Podcast,https://www.qanonanonymous.com/,Podcast,Video - YouTube,https://www.youtube.com/@QAAPodcast,Social - BlueSky,https://bsky.app/profile/jakerockatansky.bsky.social,,,"Comedy, History, Media/Power",National - US,Power & Politics,,,US,National,
Jake Williams,jake-williams,Bright Sun Films,https://www.youtube.com/@BrightSunFilms,Video - YouTube,,,,,,,"Explanatory, Travel",Canada,"Journalism Formats, Lifestyle & Personal Life",,,CA,International,
Jalil Johnson,jalil-johnson,,https://consideryourselfcultured.substack.com,Newsletter - Substack,Social - Instagram,https://www.instagram.com/jalil_johnson_/,,,,,Fashion,"New York, NY",Lifestyle & Personal Life,New York,NY,US,Northeast,
James Ball,james-ball,James Ball,https://www.jamesrball.com,Newsletter - Substack,Social - BlueSky,https://bsky.app/profile/jamesball.bsky.social,,,,,"Investigative, Media/Power, Tech",United Kingdom,Power & Politics,,,GB,International,
James Carr,james-carr,East Atlanta Anthem,https://eastatlantaanthem.com/,Newsletter - Other,,,,,,,Local,"Atlanta, GA",Civic Life,Atlanta,GA,US,South,
James Cave,james-cave,The Jiffy,https://thejiffy.xyz,Newsletter - Beehiiv,,,,,,,Local,"Hudson, NY",Civic Life,Hudson,NY,US,Northeast,
James Fallows,james-fallows,James Fallows,https://fallows.substack.com,Newsletter - Substack,Social - BlueSky,https://bsky.app/profile/jfallows.bsky.social,,,,,"Politics, General News","Washington, DC","Power & Politics, General News",Washington,DC,US,Mid-Atlantic,
James Harris,james-harris,Throwing Fits,https://www.throwingfits.com,Podcast,,,,,,,Fashion,"New York, NY",Lifestyle & Personal Life,New York,NY,US,Northeast,
James Li,james-li,51-49 with James Li,https://www.youtube.com/@5149jamesli,Video - YouTube,,,,,,,"General News, Politics",National - US,"Power & Politics, General News",,,US,National,
James Meadows,james-meadows,Virginia Vine Brief,https://www.vinebrief.com,Newsletter - Beehiiv,,,,,,,Food,"Charlottesville, VA",Lifestyle & Personal Life,Charlottesville,VA,US,South,
James Pethokoukis,james-pethokoukis,"Faster, Please!",https://fasterplease.substack.com/,Newsletter - Substack,,,,,,,Finance/Economics,"Washington, DC",Money & Work,Washington,DC,US,Mid-Atlantic,
James Stanier,james-stanier,The Engineering Manager,https://theengineeringmanager.substack.com/,Newsletter - Substack,,,,,,,Tech,United Kingdom,Money & Work,,,GB,International,
Jamie Dupree,jamie-dupree,Regular Order,https://jamiedupree.substack.com,Newsletter - Substack,Social - BlueSky,https://bsky.app/profile/jamiedupree.bsky.social,,,,,Politics,National - US,Power & Politics,,,US,National,
Jamie Ward,jamie-ward,Cornfields & High Heels,https://hoopsinhenry.com/blog,Website,Social - Facebook,https://www.facebook.com/fieldsandheels,Video - Instagram,https://www.instagram.com/fieldsandheels,Social - Threads,https://www.threads.net/@fieldsandheels,Local,Indiana - US,Civic Life,,IN,US,Midwest,
Jamin Ball,jamin-ball,Clouded Judgement,https://cloudedjudgement.substack.com,Newsletter - Substack,,,,,,,Tech,"San Francisco, CA",Money & Work,San Francisco,CA,US,West,
Jamison Foser,jamison-foser,Finding Gravity,https://www.findinggravity.net,Newsletter - Ghost,Social - BlueSky,https://bsky.app/profile/jamisonfoser.bsky.social,,,,,"Politics, Media/Power",National - US,"Power & Politics, Culture & Media",,,US,National,
Jan Böhmermann,jan-bohmermann,Neo Magazin Royale,https://www.youtube.com/@janboehm,Video - YouTube,Podcast,https://open.spotify.com/show/1OLcQdw2PFDPG1jo3s0wbp,,,,,"Politics, Comedy",Germany,"Power & Politics, Culture & Media",,,DE,International,
Jan Harayda,jan-harayda,,https://jansplaining.substack.com/,Newsletter - Substack,,,,,,,Books/Writing,Alabama - US,Culture & Media,,AL,US,South,
Jane Black,jane-black,Consumed,https://consumed.substack.com,Newsletter - Substack,,,,,,,"Food, Policy","Washington, DC","Power & Politics, Lifestyle & Personal Life",Washington,DC,US,Mid-Atlantic,
Jane D'Angelo,jane-dangelo,Jane D'Angelo,https://www.instagram.com/thatjanebird/,Social - Instagram,Video - TikTok,https://www.tiktok.com/@thatjanebird,,,,,Things to Do,"Washington, DC",Lifestyle & Personal Life,Washington,DC,US,Mid-Atlantic,
Jane Friedman,jane-friedman,Jane Friedman,https://janefriedman.com/the-bottom-line-janes-publishing-industry-newsletter/,Newsletter - Other,Social - Facebook,https://www.facebook.com/jane.friedman/,Social - BlueSky,https://bsky.app/profile/janefriedman.com,,,"Books/Writing, Media/Power","Cincinnati, OH",Culture & Media,Cincinnati,OH,US,Midwest,
Janko Roettgers,janko-roettgers,LowPass,https://www.lowpass.cc,Newsletter - Beehiiv,Social - BlueSky,https://bsky.app/profile/jank0.bsky.social,,,,,Tech,National - US,Money & Work,,,US,National,
Jared Byas,jared-byas,The Bible for Normal People,https://thebiblefornormalpeople.com,Podcast,,,,,,,Faith/Religion,"Philadelphia, PA",Social Issues,Philadelphia,PA,US,Northeast,
Jared Dashevsky,jared-dashevsky,Healthcare Huddle,https://www.healthcarehuddle.com,Newsletter - Beehiiv,,,,,,,"Health/Wellness, Tech","New York, NY","Science Health & Environment, Money & Work",New York,NY,US,Northeast,
Jared Keller,jared-keller,Laser Wars,https://www.laserwars.net,Newsletter - Substack,Social - BlueSky,https://bsky.app/profile/laserwars.net,,,,,"Military, Tech, Science","Los Angeles, CA","Power & Politics, Science Health & Environment, Money & Work",Los Angeles,CA,US,West,
Jared Yates Sexton,jared-yates-sexton,The Ink,https://bsky.app/profile/jysexton.bsky.social,Social - BlueSky,,,,,,,"History, Politics",National - US,"Power & Politics, Culture & Media",,,US,National,
Jarrett Hendrix,jarrett-hendrix,Jarrett Hendrix,https://www.instagram.com/jarrett.hendrix/,Social - Instagram,Website,https://www.jarretthendrix.com/,,,,,Photography,"Washington, DC",Culture & Media,Washington,DC,US,Mid-Atlantic,
Jasmine Enberg,jasmine-enberg,Scalable,https://scalablepod.co,Newsletter - Beehiiv,,,,,,,Media/Power,"New York, NY",Culture & Media,New York,NY,US,Northeast,
Jasmine Sun,jasmine-sun,jasmi.news,https://jasmi.news/,Newsletter - Substack,Social - BlueSky,https://bsky.app/profile/jasmine.bsky.social,Social - Twitter / X,https://x.com/jasmi_nsun,Social - LinkedIn,https://www.linkedin.com/in/jasminewsun/,"Tech, Science, Labor/Workers Rights","San Francisco, CA","Science Health & Environment, Money & Work",San Francisco,CA,US,West,
Jason Crawford,jason-crawford,Roots of Progress,https://newsletter.rootsofprogress.org,Newsletter - Substack,Social - BlueSky,https://bsky.app/profile/jasoncrawford.org,,,,,"History, Tech","Boston, MA","Money & Work, Culture & Media",Boston,MA,US,Northeast,
Jason Del Rey,jason-del-rey,The Aisle,https://www.readtheaisle.com,Newsletter - Beehiiv,Social - BlueSky,https://bsky.app/profile/jasondelrey.bsky.social,,,,,Tech,New Jersey - US,Money & Work,,NJ,US,Northeast,
Jason Fraley,jason-fraley,Beyond the Fame with Jason Fraley,https://www.beyondthefamepodcast.com,Podcast,,,,,,,"Film/Movies, Music, Entertainment/Hollywood, Comedy",Japan,Culture & Media,,,JP,International,
Jason Garcia,jason-garcia,Seeking Rents,https://seekingrents.substack.com,Newsletter - Substack,Social - Twitter / X,https://twitter.com/byJasonGarcia,,,,,Government Accountability,Florida - US,Power & Politics,,FL,US,South,
Jason Kottke,jason-kottke,Kottke.org,https://kottke.org,Website,,,,,,,"Tech, Art",Vermont - US,"Money & Work, Culture & Media",,VT,US,Northeast,
Jason Mundok,jason-mundok,So Good Lancaster,https://www.sogoodlancaster.com,Podcast,Social - BlueSky,https://bsky.app/profile/jmundok.bsky.social,,,,,"Culture, Food, Art, Lifestyle","Lancaster, PA","Culture & Media, Lifestyle & Personal Life",Lancaster,PA,US,Northeast,
Jason Sandford,jason-sandford,Ashevegas Hot Sheet,https://ashevegashotsheet.substack.com,Newsletter - Substack,,,,,,,Local,"Asheville, NC",Civic Life,Asheville,NC,US,South,
Jason Sattler,jason-sattler,The Cause,https://thecause.substack.com,Newsletter - Substack,,,,,,,Politics,,Power & Politics,,,,,
Jason Selvig,jason-selvig,The Good Liars,https://www.goodliars.com/,Video - YouTube,Video - TikTok,https://www.tiktok.com/@thegoodliars,Newsletter - Substack,https://substack.com/@thegoodliars,,,"Politics, Comedy","New York, NY",Journalism Formats,New York,NY,US,Northeast,
Jason Slaughter,jason-slaughter,Not Just Bikes,https://www.youtube.com/@notjustbikes,Video - YouTube,,,,,,,"Explanatory, World",Netherlands,"General News, Journalism Formats",,,NL,International,
Jason Tashea,jason-tashea,Justice Tech Download,https://www.justicetech.download/,Newsletter - Substack,,,,,,,"Law/Legal Issues, Tech",National - US,"Power & Politics, Money & Work",,,US,National,
Jason Wilson,jason-wilson,Everyday Drinking,https://www.everydaydrinking.com,Newsletter - Substack,,,,,,,"Food, Culture",New Jersey - US,"Culture & Media, Lifestyle & Personal Life",,NJ,US,Northeast,
Jatan Mehta,jatan-mehta,jatan.space,https://jatan.space,Newsletter - Ghost,,,,,,,"Science, Tech",India,"Science Health & Environment, Money & Work",,,IN,International,
Jathan Sadowski,jathan-sadowski,This Machine Kills,https://www.patreon.com/thismachinekills,Podcast,Social - BlueSky,https://bsky.app/profile/jathansadowski.com,,,,,"Tech, Politics",Australia,"Power & Politics, Money & Work",,,AU,International,
Javier Adelfang,javier-adelfang,Javier el Economista,https://www.javiereleconomista.com,Website,Video - YouTube,https://www.youtube.com/channel/UCuop4XaKR2a5LQuZBdGpRXg,Social - TikTok,https://www.tiktok.com/@javiereleconomista,,,Finance/Economics,Costa Rica,Money & Work,,,CR,International,Global_South_World
Jay Rosen,jay-rosen,PressThink,https://pressthink.org,Website,Social - BlueSky,https://bsky.app/profile/jayrosen.bsky.social,,,,,Media/Power,"New York, NY",Culture & Media,New York,NY,US,Northeast,
Jay Zawaski,jay-zawaski,I'm Fat Podcast,https://open.spotify.com/show/2fUdUU8eVkKHanhSFDNFs5,Podcast,,,,,,,"Comedy, Food, Culture","Chicago, IL","Culture & Media, Lifestyle & Personal Life",Chicago,IL,US,Midwest,
Jazmine Becerra Green,jazmine-becerra-green,Jazmine Becerra Green,https://jazminebecerragreen.substack.com/,Newsletter - Substack,,,,,,,Parenting,National - US,Lifestyle & Personal Life,,,US,National,Institute_for_Independent_Journalists
JD Shadel,jd-shadel,ESC Key,https://www.esckey.co,Newsletter - Ghost,Social - BlueSky,https://bsky.app/profile/jdshadel.com,,,,,"Tech, Health/Wellness, Travel",United Kingdom,"Science Health & Environment, Money & Work, Lifestyle & Personal Life",,,GB,International,
Jean Guerrero,jean-guerrero,Our Unsilencing,https://ourunsilencing.substack.com,Newsletter - Substack,Social - BlueSky,https://bsky.app/profile/jeanguerre.bsky.social,,,,,"Immigration, Identity/Belonging","San Diego, CA",Social Issues,San Diego,CA,US,West,
Jean Luo,jean-luo,Tiger Sisters,https://tigersisterspodcast.com,Podcast,Video - Instagram,https://www.instagram.com/jeanluo_/,,,,,Personal Finance,National - US,Money & Work,,,US,National,
Jean Massiet,jean-massiet,Jean Massiet,https://www.twitch.tv/jeanmassiet,Video - Twitch,Social - BlueSky,https://bsky.app/profile/jeanmassiet.bsky.social,,,,,Government Accountability,France,Power & Politics,,,FR,International,
Jean Twenge,jean-twenge,Generation Tech,https://www.generationtechblog.com,Newsletter - Substack,,,,,,,"Education, Tech","San Diego, CA","Civic Life, Money & Work",San Diego,CA,US,West,
Jeff Asher,jeff-asher,Jeff-alytics,https://jasher.substack.com,Newsletter - Substack,Social - BlueSky,https://bsky.app/profile/jeffasher.bsky.social,,,,,"Crime, Law/Legal Issues","New Orleans, LA","Power & Politics, Civic Life",New Orleans,LA,US,South,
Jeff Barker,jeff-barker,,https://jeffbarker8.substack.com,Newsletter - Substack,Social - Twitter / X,https://x.com/JeffBarkerNY,,,,,Local,Maryland - US,Civic Life,,MD,US,South,
Jeff Benjamin,jeff-benjamin,The Crossover,https://www.the-xover.com,Newsletter - Beehiiv,Social - BlueSky,https://bsky.app/profile/jeffbenjamin.bsky.social,,,,,"Culture, Internet Culture, World","New York, NY","General News, Culture & Media",New York,NY,US,Northeast,
Jeff Davies,jeff-davies,EnerWrap,https://www.enerwrap.com/,Newsletter - Substack,,,,,,,Climate/Environment,"Houston, TX",Science Health & Environment,Houston,TX,US,South,
Jeff Delaney,jeff-delaney,Fireship,https://www.youtube.com/@Fireship,Video - YouTube,,,,,,,Tech,Arizona - US,Money & Work,,AZ,US,West,
Jeff Eager,jeff-eager,The Oregon Roundup,oregonroundup.com,Website,,,,,,,"Politics, Finance/Economics, Local",Oregon - US,"Power & Politics, Civic Life, Money & Work",,OR,US,West,
Jeff Geerling,jeff-geerling,Jeff Geerling,https://www.youtube.com/@JeffGeerling,Video - YouTube,,,,,,,Tech,"St. Louis, MO",Money & Work,St. Louis,MO,US,Midwest,
Jeff Jarvis,jeff-jarvis,BuzzMachine,https://buzzmachine.com,Website,,,,,,,"Media/Power, Tech",New Jersey - US,"Money & Work, Culture & Media",,NJ,US,Northeast,
Jeff Maurer,jeff-maurer,,https://www.imightbewrong.org/,Newsletter - Substack,,,,,,,Comedy,,Culture & Media,,,,,
Jeff Stein,jeff-stein,SpyTalk,https://www.spytalk.co,Newsletter - Substack,,,,,,,"Foreign Policy, National Security","Washington, DC",Power & Politics,Washington,DC,US,Mid-Atlantic,
Jeff Tiedrich,jeff-tiedrich,,https://www.jefftiedrich.com/,Newsletter - Substack,Social - BlueSky,https://bsky.app/profile/jefftiedrich.bsky.social,,,,,Comedy,,Culture & Media,,,,,
Jefferson Fisher,jefferson-fisher,Just Ask Jefferson,https://www.tiktok.com/@justaskjefferson,Video - TikTok,,,,,,,"Explanatory, Self-Help",National - US,"Journalism Formats, Lifestyle & Personal Life",,,US,National,
Jeffrey Bellone,jeffrey-bellone,MetsFix,https://themetropolitan.substack.com,Newsletter - Substack,Social - BlueSky,https://bsky.app/profile/jeffreybellone.bsky.social,,,,,"Sports, Local","New York, NY","Civic Life, Lifestyle & Personal Life",New York,NY,US,Northeast,
Jeffrey Lewis,jeffrey-lewis,Arms Control Wonk,https://www.armscontrolwonk.com,Website,Social - BlueSky,https://bsky.app/profile/armscontrolwonk.bsky.social,,,,,National Security,California - US,Power & Politics,,CA,US,West,
Jeffrey Seglin,jeffrey-seglin,The Right Thing,jeffreyseglin.blogspot.com,Website,Social - BlueSky,https://bsky.app/profile/jseglin.bsky.social,,,,,"Business, Media/Power, Law/Legal Issues","Boston, MA","Power & Politics, Money & Work, Culture & Media",Boston,MA,US,Northeast,
Jemar Tisby,jemar-tisby,Footnotes,https://jemartisby.substack.com,Newsletter - Substack,Social - BlueSky,https://bsky.app/profile/jemartisby.skystack.xyz,,,,,Faith/Religion,Mississippi - US,Social Issues,,MS,US,South,
Jen Chase Solomon,jen-chase-solomon,Jen Chase Solomon,https://www.instagram.com/thejenchase/,Social - Instagram,Website,https://jenchasesolomon.com/,,,,,Photography,"Washington, DC",Culture & Media,Washington,DC,US,Mid-Atlantic,
Jen Gerson,jen-gerson,The Line,https://www.readtheline.ca,Newsletter - Substack,,,,,,,Politics,"Toronto, Canada",Power & Politics,Toronto,,CA,International,
Jen In Chicago,jen-in-chicago,Jen In Chicago,https://www.tiktok.com/@jen_in_chicago,Video - TikTok,,,,,,,"Local, Lifestyle, Day in a Life","Chicago, IL","Civic Life, Journalism Formats, Lifestyle & Personal Life",Chicago,IL,US,Midwest,
Jen Roberts,jen-roberts,(un)rooted,https://jenroberts.substack.com,Newsletter - Substack,Social - BlueSky,https://bsky.app/profile/jenrobertsuk.bsky.social,,,,,"Culture, Identity/Belonging",France,"Social Issues, Culture & Media",,,FR,International,
Jen Ruiz,jen-ruiz,jenonajetplane,https://www.tiktok.com/@jenonajetplane,Video - TikTok,,,,,,,Travel,National - US,Lifestyle & Personal Life,,,US,National,
Jen Zamzow,jen-zamzow,Jen Zamzow,https://jenzamzow.substack.com,Newsletter - Substack,,,,,,,"Mental Health, Parenting",National - US,"Science Health & Environment, Lifestyle & Personal Life",,,US,National,Institute_for_Independent_Journalists
Jenn Budd,jenn-budd,Borderland Talk,https://jennbudd.substack.com,Newsletter - Substack,Social - BlueSky,https://bsky.app/profile/jennbudd.bsky.social,,,,,"Immigration, Activism","San Diego, CA",Social Issues,San Diego,CA,US,West,
Jenn Dowd,jenn-dowd,Data for Health,https://jenndowd.substack.com,Newsletter - Substack,Social - BlueSky,https://bsky.app/profile/drjenndowd.bsky.social,,,,,Health/Wellness,United Kingdom,Science Health & Environment,,,GB,International,
Jenn W.,jenn-w,Jenn W.,https://www.instagram.com/jennrightmeow/,Social - Instagram,Social - Twitter / X,https://twitter.com/jennrightmeow,,,,,Photography,"Washington, DC",Culture & Media,Washington,DC,US,Mid-Atlantic,
Jenna Flanagan,jenna-flanagan,jflannys,https://www.tiktok.com/@jflannys,Video - TikTok,Newsletter - Substack,https://jflanagan.substack.com,,,,,Identity/Belonging,National - US,Social Issues,,,US,National,
Jenna Stoeber,jenna-stoeber,Jenna Stoeber,https://www.youtube.com/@the_jenna,Video - YouTube,,,,,,,Games/Gaming,National - US,Culture & Media,,,US,National,
Jenni Monet,jenni-monet,Indigenously,https://www.indigenously.org,Newsletter - Other,,,,,,,"Investigative, Climate/Environment",National - US,"Science Health & Environment, Journalism Formats",,,US,National,
Jennifer Ashton,jennifer-ashton,Jennifer Ashton,https://www.instagram.com/drjashton,Video - Instagram,,,,,,,Health/Wellness,"New York, NY",Science Health & Environment,New York,NY,US,Northeast,
Jennifer Berkshire,jennifer-berkshire,Have You Heard,https://haveyouheardpodcast.com,Podcast,Social - BlueSky,https://bsky.app/profile/jenniferberkshire.bsky.social,,,,,Education,Massachusetts - US,Civic Life,,MA,US,Northeast,
Jennifer Chen,jennifer-chen,Jennifer Chen,https://jenniferchen.substack.com/,Newsletter - Substack,,,,,,,"Lifestyle, Culture",National - US,"Culture & Media, Lifestyle & Personal Life",,,US,National,Institute_for_Independent_Journalists
Jennifer Chowdhury,jennifer-chowdhury,Port Of Entry,https://www.port-of-entry.com,Newsletter - Substack,,,,,,,Immigration,National - US,Social Issues,,,US,National,
Jennifer Fink,jennifer-fink,Jennifer Fink,https://buildingboys.substack.com/,Newsletter - Substack,,,,,,,Parenting,National - US,Lifestyle & Personal Life,,,US,National,Institute_for_Independent_Journalists
Jennifer Hattam,jennifer-hattam,Istanbul etc.,https://istanbuletcetera.substack.com,Newsletter - Substack,,,,,,,"World, Culture","Istanbul, Turkey","General News, Culture & Media",Istanbul,,TR,International,
Jennifer Pepito,jennifer-pepito,,https://restorationhome.podbean.com,Podcast,,,,,,,Parenting,,Lifestyle & Personal Life,,,,,
Jennifer Rubin,jennifer-rubin,Contrarian,https://contrarian.substack.com,Newsletter - Substack,,,,,,,"Politics, Law/Legal Issues","Washington, DC",Power & Politics,Washington,DC,US,Mid-Atlantic,
Jennifer Russell,jennifer-russell,The Woodbury Warbler,https://woodburywarbler.com,Website,,,,,,,"Local, Things to Do",New Jersey - US,"Civic Life, Lifestyle & Personal Life",,NJ,US,Northeast,
Jennifer Strong,jennifer-strong,SHIFT Podcast,https://podcasts.apple.com/us/podcast/shift/id1704924524,Podcast,,,,,,,Tech,"New York, NY",Money & Work,New York,NY,US,Northeast,
Jenny Lawson,jenny-lawson,The Bloggess,https://thebloggess.com,Website,Social - BlueSky,https://bsky.app/profile/thebloggess.bsky.social,,,,,"Comedy, Books/Writing, Mental Health","San Antonio, TX","Science Health & Environment, Culture & Media",San Antonio,TX,US,South,
Jenny Rosenstrach,jenny-rosenstrach,Dinner: A Love Story,https://dinneralovestory.substack.com/,Newsletter - Substack,Social - Instagram,https://www.instagram.com/dinneralovestory/,,,,,"Food, Parenting","New York, NY",Lifestyle & Personal Life,New York,NY,US,Northeast,
Jeremiah Johnson,jeremiah-johnson,Infinite Scroll,https://www.infinitescroll.us/,Newsletter - Substack,,,,,,,Politics,,Power & Politics,,,,,
Jeremy Caplan,jeremy-caplan,Wonder Tools,https://wondertools.substack.com/,Newsletter - Substack,,,,,,,Media/Power,"New York, NY",Culture & Media,New York,NY,US,Northeast,
Jeremy Fassler,jeremy-fassler,The Big Board,https://www.jfassler.com/,Newsletter - Substack,,,,,,,"Politics, Media/Power",National - US,"Power & Politics, Culture & Media",,,US,National,Institute_for_Independent_Journalists
Jeremy Faust,jeremy-faust,Inside Medicine,https://insidemedicine.substack.com,Newsletter - Substack,Social - BlueSky,https://bsky.app/profile/jeremyfaust.bsky.social,,,,,Health/Wellness,"Boston, MA",Science Health & Environment,Boston,MA,US,Northeast,
Jeremy Klaszus,jeremy-klaszus,The Sprawl,https://www.sprawlcalgary.com,Website,Social - BlueSky,https://bsky.app/profile/klaszus.bsky.social,,,,,Local,Canada,Civic Life,,,CA,International,
Jeremy Lindenfeld,jeremy-lindenfeld,Jeremy Lindenfeld,https://x.com/jeremotographs,Social - Twitter / X,,,,,,,"Activism, Photography","Los Angeles, CA","Social Issues, Culture & Media",Los Angeles,CA,US,West,
Jeremy Markovich,jeremy-markovich,North Carolina Rabbit Hole,ncrabbithole.com,Newsletter - Other,Social - BlueSky,https://bsky.app/profile/ncrabbithole.com,,,,,"Politics, Local",North Carolina - US,"Power & Politics, Civic Life",,NC,US,South,
Jeremy Ney,jeremy-ney,American Inequality,https://americaninequality.substack.com,Newsletter - Substack,Social - BlueSky,https://bsky.app/profile/jeremybney.bsky.social,,,,,"Finance/Economics, Inequality","New York, NY","Social Issues, Money & Work",New York,NY,US,Northeast,
Jeremy Scahill,jeremy-scahill,Drop Site News,https://www.dropsitenews.com,Newsletter - Substack,Social - BlueSky,https://bsky.app/profile/jeremyscahill.com,,,,,"Investigative, World","Washington, DC","General News, Journalism Formats",Washington,DC,US,Mid-Atlantic,
Jeremy Singer-Vine,jeremy-singer-vine,Data Is Plural,https://www.data-is-plural.com,Newsletter - Other,Social - BlueSky,https://bsky.app/profile/jsvine.com,,,,,Data Visualization,National - US,Journalism Formats,,,US,National,
Jerry Mead-Lucero,jerry-mead-lucero,Labor Express Radio,https://laborexpress.net,Podcast,,,,,,,"Labor/Workers Rights, Local, Politics","Chicago, IL","Power & Politics, Civic Life, Money & Work",Chicago,IL,US,Midwest,
Jerry Won,jerry-won,Jerry Won,https://www.linkedin.com/in/jerrywon,Social - LinkedIn,,,,,,,Identity/Belonging,"Los Angeles, CA",Social Issues,Los Angeles,CA,US,West,
Jerusalem Demsas,jerusalem-demsas,The Argument,https://www.theargumentmag.com,Newsletter - Substack,Podcast,https://podcasts.apple.com/us/podcast/good-on-paper/id1746176654,Social - BlueSky,https://bsky.app/profile/jerusalem.bsky.social,,,"Politics, Culture, Policy","Washington, DC","Power & Politics, Culture & Media",Washington,DC,US,Mid-Atlantic,
Jesper Koll,jesper-koll,,https://japanoptimist.substack.com,Newsletter - Substack,,,,,,,Finance/Economics,"Tokyo, Japan",Money & Work,Tokyo,,JP,International,
Jess Hill,jess-hill,Jess Hill,https://jesshill.substack.com,Newsletter - Substack,,,,,,,Gender,Australia,Social Issues,,,AU,International,
Jess Hood,jess-hood,jessrhood,https://www.instagram.com/jessrhood,Video - Instagram,Video - TikTok,https://www.tiktok.com/@jessicarosehood,,,,,"Things to Do, Fitness, Real Estate","Washington, DC","Money & Work, Lifestyle & Personal Life",Washington,DC,US,Mid-Atlantic,
Jesse Brown,jesse-brown,CanadaLand,https://www.canadaland.com,Podcast,Social - BlueSky,https://bsky.app/profile/jessebrown.bsky.social,,,,,Media/Power,Canada,Culture & Media,,,CA,International,
Jesse Dollemore,jesse-dollemore,Jesse Dollemore,https://www.dollemore.com/,Podcast,Video - YouTube,https://www.youtube.com/@dollemore,Newsletter - Substack,https://dollemore.substack.com/,Social - BlueSky,https://bsky.app/profile/dollemore.com,Politics,"Washington, DC",Power & Politics,Washington,DC,US,Mid-Atlantic,
Jesse Jenkins,jesse-jenkins,Princeton ZERO Lab,https://jessejenkins.com,Website,Social - Twitter / X,https://twitter.com/JesseJenkins,,,,,Climate/Environment,"Princeton, NJ",Science Health & Environment,Princeton,NJ,US,Northeast,
Jesse Ogundiran,jesse-ogundiran,Jesse Ogundiran,https://www.youtube.com/@jesseogn,Video - YouTube,,,,,,,Travel,"Tokyo, Japan",Lifestyle & Personal Life,Tokyo,,JP,International,
Jessica Baltzersen,jessica-baltzersen,Jessica Baltzersen,https://jpbaltzersen.substack.com/,Newsletter - Substack,,,,,,,"Climate/Environment, Travel","Cincinnati, OH","Science Health & Environment, Lifestyle & Personal Life",Cincinnati,OH,US,Midwest,Institute_for_Independent_Journalists
Jessica Burbank,jessica-burbank,Jessica Burbank,https://www.instagram.com/kaburbank,Video - Instagram,,,,,,,General News,"Des Moines, IA",General News,Des Moines,IA,US,Midwest,
Jessica Dante,jessica-dante,Love and London,https://www.youtube.com/@loveandlondon,Video - YouTube,Social - Instagram,https://www.instagram.com/jessdante/,,,,,"Travel, Lifestyle, Food","London, England",Lifestyle & Personal Life,London,England,,,
Jessica Defino,jessica-defino,Flesh World,https://jessicadefino.substack.com,Newsletter - Substack,Social - BlueSky,https://bsky.app/profile/jessicadefino.skystack.xyz,,,,,"Culture, Fashion, Media/Power",National - US,"Culture & Media, Lifestyle & Personal Life",,,US,National,
Jessica Hullman,jessica-hullman,,https://jessicahullman.substack.com,Newsletter - Substack,,,,,,,Data Visualization,,Journalism Formats,,,,,
Jessica Huseman,jessica-huseman,Votebeat,https://www.votebeat.org,Website,Social - BlueSky,https://bsky.app/profile/jessicahuseman.bsky.social,,,,,Politics,"Dallas, TX",Power & Politics,Dallas,TX,US,South,
Jessica Malaty Rivera,jessica-malaty-rivera,Jessica Malaty Rivera,https://www.instagram.com/jessicamalatyrivera/,Social - Instagram,Newsletter - Substack,https://substack.com/@makingsciencemakesense,,,,,Health/Wellness,"San Francisco, CA",Science Health & Environment,San Francisco,CA,US,West,
Jessica Nguyen,jessica-nguyen,Jessica Nguyen,https://www.instagram.com/jessxnguyen/,Social - Instagram,Video - TikTok,https://www.tiktok.com/@jessxnguyen,Video - YouTube,https://www.youtube.com/@jessxnguyen,Social - BlueSky,https://bsky.app/profile/jessica123456789.bsky.social,Things to Do,"Washington, DC",Lifestyle & Personal Life,Washington,DC,US,Mid-Atlantic,
Jessica Pishko,jessica-pishko,Posse Comitatus,https://sheriffs.substack.com,Newsletter - Substack,Social - BlueSky,https://bsky.app/profile/jesspish.bsky.social,,,,,"Law/Legal Issues, Immigration",North Carolina - US,"Power & Politics, Social Issues",,NC,US,South,
Jessica Valenti,jessica-valenti,Abortion Every Day,https://jessica.substack.com,Newsletter - Substack,Social - BlueSky,https://bsky.app/profile/jessicavalenti.bsky.social,,,,,Government Accountability,"New York, NY",Power & Politics,New York,NY,US,Northeast,
Jessica Yellin,jessica-yellin,News Not Noise,https://www.instagram.com/jessicayellin,Video - Instagram,,,,,,,Politics,"Los Angeles, CA",Power & Politics,Los Angeles,CA,US,West,
Jhonn Jackson,jhonn-jackson,Uncle Jhonn,https://www.instagram.com/unclejhonn_,Video - Instagram,,,,,,,Home,"Baton Rouge, LA","Civic Life, Lifestyle & Personal Life",Baton Rouge,LA,US,South,
Jill Filipovic,jill-filipovic,Jill,https://jill.substack.com,Newsletter - Substack,Social - BlueSky,https://bsky.app/profile/jillfilipovic.bsky.social,,,,,"Politics, Gender, Human Rights","Brooklyn, NY","Power & Politics, Social Issues",Brooklyn,NY,US,Northeast,
Jillian Melero,jillian-melero,Connect Puerto Rico,https://www.connect-puertorico.com,Newsletter - Other,,,,,,,Energy,Puerto Rico - US,Science Health & Environment,,PR,US,,
Jim Acosta,jim-acosta,Jim Acosta,https://x.com/Acosta,Social - Twitter / X,Video - Instagram,https://www.instagram.com/jimacosta,Social - BlueSky,https://bsky.app/profile/jimacosta.bsky.social,,,"Politics, General News","Washington, DC","Power & Politics, General News",Washington,DC,US,Mid-Atlantic,
Jim Branscome,jim-branscome,,https://jbranx.substack.com,Newsletter - Substack,,,,,,,Local,,Civic Life,,,,,
Jim Duncan,jim-duncan,Jim's Note,https://realcentralva.substack.com/,Newsletter - Substack,,,,,,,Urban Planning,"Charlottesville, VA",Civic Life,Charlottesville,VA,US,South,
Jim Hansen,jim-hansen,Climate Uncensored,https://jimehansen.substack.com,Newsletter - Substack,,,,,,,Climate/Environment,"New York, NY",Science Health & Environment,New York,NY,US,Northeast,
Jim Hewitt,jim-hewitt,,https://scienceoflearning.substack.com,Newsletter - Substack,,,,,,,Education,"Toronto, Canada",Civic Life,Toronto,,CA,International,
Jim Rosenfield,jim-rosenfield,Life Unexpectancy With Jim Rosenfield,https://open.spotify.com/show/5A75aVDjkaRxCNPYLi28h1,Podcast,Social - Instagram,https://www.instagram.com/lifeunexpectancy,,,,,"Mental Health, Day in a Life","New York, NY","Science Health & Environment, Journalism Formats",New York,NY,US,Northeast,
Jim Waterson,jim-waterson,London Centric,https://www.londoncentric.media,Newsletter - Substack,Social - BlueSky,https://bsky.app/profile/jim.londoncentric.media,,,,,"Local, Media/Power, Politics, Investigative",United Kingdom,"Power & Politics, Civic Life, Culture & Media, Journalism Formats",,,GB,International,
Jiquanda Johnson,jiquanda-johnson,Flint Beat,https://flintbeat.com/,Website,,,,,,,"Local, Solutions Journalism","Flint, MI","Civic Life, Journalism Formats",Flint,MI,US,Midwest,Institute_for_Independent_Journalists
JJ McCullough,jj-mccullough,JJ McCullough,https://www.youtube.com/@JJMcCullough,Video - YouTube,Social - Twitter / X,https://x.com/JJ_McCullough,Social - BlueSky,https://bsky.app/profile/jj-mccullough.bsky.social,,,"Culture, History, Politics",Canada,"Power & Politics, Culture & Media",,,CA,International,
Joanna Goddard,joanna-goddard,Cup of Jo,https://cupofjo.com,Website,Video - Instagram,https://www.instagram.com/cupofjo/?hl=en,,,,,"Parenting, Lifestyle, Home","New York, NY",Lifestyle & Personal Life,New York,NY,US,Northeast,
Joanna Stern,joanna-stern,Thisismynextthing,https://www.thisismynexthing.com,Website,,,,,,,Tech,National - US,Money & Work,,,US,National,
Jodi Ettenberg,jodi-ettenberg,,https://www.legalnomads.com,Website,Newsletter - Substack,,,,,,Travel,,Lifestyle & Personal Life,,,,,
Joe Doyle,joe-doyle,Over Slot,https://overslotbaseball.com,Website,Social - Twitter / X,https://x.com/JoeDoyleMiLB,Social - BlueSky,https://bsky.app/profile/joedoylemilb.bsky.social,,,Sports,National - US,Lifestyle & Personal Life,,,US,National,
Joe Flood,joe-flood,Joe Flood,https://www.instagram.com/joeflood/,Social - Instagram,Website,https://www.joeflood.com/,Social - Twitter / X,https://twitter.com/joeflood,Social - BlueSky,https://bsky.app/profile/joeflood.bsky.social,Photography,"Washington, DC",Culture & Media,Washington,DC,US,Mid-Atlantic,
Joe Himali,joe-himali,Best Address,https://www.instagram.com/bestaddress,Video - Instagram,Video - TikTok,https://www.tiktok.com/@bestaddress,,,,,"History, Architecture","Washington, DC",Culture & Media,Washington,DC,US,Mid-Atlantic,
Joe Polito,joe-polito,Joe Polito,https://www.instagram.com/journeybyjoe/,Social - Instagram,Social - BlueSky,https://bsky.app/profile/joepojr.bsky.social,,,,,"Travel, LGBTQIA",United States,"Social Issues, Lifestyle & Personal Life",,,US,National,
Joe Posnanski,joe-posnanski,Joe Blogs,https://www.joeposnanski.com,Newsletter - Beehiiv,Social - BlueSky,https://bsky.app/profile/joeposnanski.com,,,,,Sports,"Kansas City, MO",Lifestyle & Personal Life,Kansas City,MO,US,Midwest,
Joe Rogan,joe-rogan,The Joe Rogan Experience,https://www.youtube.com/@joerogan,Video - YouTube,Podcast,https://open.spotify.com/show/4rOoJ6Egrf8K2IrywzwOMk,Social - BlueSky,https://bsky.app/profile/joerogantop.bsky.social,,,"Politics, Culture, Comedy","Austin, TX","Power & Politics, Culture & Media",Austin,TX,US,South,
Joe Snell,joe-snell,Joe Snell Reports,https://www.instagram.com/joesnellreports,Video - Instagram,,,,,,,World,Iraq,General News,,,IQ,International,
Joe Sneve,joe-sneve,The Dakota Scout,https://www.thedakotascout.com,Newsletter - Substack,,,,,,,Local,"Sioux Falls, SD",Civic Life,Sioux Falls,SD,US,Midwest,
Joel Whitaker,joel-whitaker,Kane's Beverage News Daily,https://bevnews.net/,Website,Video - YouTube,https://www.youtube.com/@joelwhitaker-bevnewsonline9878,Social - Twitter / X,https://x.com/bevnews,Social - LinkedIn,https://www.linkedin.com/in/joel-whitaker-9885b714/,"Business, Finance/Economics","Silver Spring, MD",Money & Work,Silver Spring,MD,US,South,
Joeri Schasfoort,joeri-schasfoort,Money & Macro,https://www.youtube.com/@MoneyMacro,Video - YouTube,,,,,,,Finance/Economics,Netherlands,Money & Work,,,NL,International,
Joey D'Urso,joey-durso,,https://joeydurso.substack.com,Newsletter - Substack,Social - Twitter / X,https://x.com/josephmdurso,,,,,Sports,"London, UK",Lifestyle & Personal Life,London,,GB,International,
Joey Ferguson,joey-ferguson,JFergal,https://www.youtube.com/@Joey_Ferguson,Video - YouTube,,,,,,,"General News, Internet Culture",North Carolina - US,"General News, Culture & Media",,NC,US,South,
Joey Scott,joey-scott,JoeyNeverJoe,https://www.instagram.com/joeyneverjoe,Video - Instagram,Newsletter - Beehiiv,https://hs-newsletter-e91163.beehiiv.com,Social - BlueSky,https://bsky.app/profile/joeyneverjoe.bsky.social,,,Investigative,"Los Angeles, CA",Journalism Formats,Los Angeles,CA,US,West,
Joey Scott,joey-scott-foia,joeyscott.xyz,https://joeyscott.xyz,Website,Newsletter - Other,,,,,,Crime,"Los Angeles, CA",Civic Life,Los Angeles,CA,US,West,
Johanna Ferreira,johanna-ferreira,Johanna Ferreira,https://substack.com/@offtherecordwithjohannaferreira,Newsletter - Substack,Video - Instagram,https://www.instagram.com/cup_of_johanna,,,,,"Identity/Belonging, Culture, Health/Wellness","New York, NY","Social Issues, Science Health & Environment, Culture & Media",New York,NY,US,Northeast,
John Birdsall,john-birdsall,Shifting the Food Narrative,https://johnbirdsall.substack.com,Newsletter - Substack,,,,,,,Food,National - US,Lifestyle & Personal Life,,,US,National,
John Cochrane,john-cochrane,John H. Cochrane,https://johnhcochrane.substack.com,Newsletter - Substack,,,,,,,Finance/Economics,California - US,Money & Work,,CA,US,West,
John D. Harden,john-d-harden,Wrong Number,https://wrongnumber.beehiiv.com,Newsletter - Beehiiv,,,,,,,General News,"Washington, DC",General News,Washington,DC,US,Mid-Atlantic,
John Dickerson,john-dickerson,John Dickerson,https://johnfdickerson.substack.com,Newsletter - Substack,,,,,,,Politics,"Washington, DC",Power & Politics,Washington,DC,US,Mid-Atlantic,
John Earl,john-earl,SoCal Water Wars,https://socalwaterwars.substack.com,Newsletter - Substack,Social - BlueSky,https://bsky.app/profile/socalwaterwars.bsky.social,,,,,"Climate/Environment, Government Accountability, Local",California - US,"Power & Politics, Civic Life, Science Health & Environment",,CA,US,West,
John Ellis,john-ellis,News Items,https://newsitems.substack.com,Newsletter - Substack,,,,,,,General News,National - US,General News,,,US,National,
John Ganz,john-ganz,Unpopular Front,https://www.unpopularfront.news,Newsletter - Substack,,,,,,,"Politics, History","New York, NY","Power & Politics, Culture & Media",New York,NY,US,Northeast,
John Glover,john-glover,The Interest Rate,https://theinterestrate.substack.com,Newsletter - Substack,,,,,,,"Finance/Economics, World",Scotland,"Money & Work, General News",,,GB,International,
John Gruber,john-gruber,Daring Fireball,https://daringfireball.net,Website,Social - BlueSky,https://bsky.app/profile/gruber.foo,,,,,Tech,"Philadelphia, PA",Money & Work,Philadelphia,PA,US,Northeast,
John Heilprin,john-heilprin,The Science Diplomat,https://thesciencediplomat.substack.com,Newsletter - Substack,,,,,,,"Science, Foreign Policy, Policy",Switzerland,"Power & Politics, Science Health & Environment",,,CH,International,
John Iadarola,john-iadarola,The Damage Report,https://www.youtube.com/@TheDamageReport,Video - YouTube,Social - Facebook,https://www.facebook.com/TheDamageReportTYT/,Social - BlueSky,https://bsky.app/profile/johniadarola.bsky.social,,,Politics,"Los Angeles, CA",Power & Politics,Los Angeles,CA,US,West,
John Russell,john-russell,The Holler,https://www.instagram.com/heyjohnrussell/,Social - Instagram,Newsletter - Substack,https://www.theholler.co,Social - BlueSky,https://bsky.app/profile/johnrussell40.bsky.social,,,Local,"Wheeling, WV",Civic Life,Wheeling,WV,US,South,
John Wake,john-wake,Real Estate Decoded,https://johnwake.substack.com/,Newsletter - Substack,,,,,,,Urban Planning,"Phoenix, AZ",Civic Life,Phoenix,AZ,US,West,
John Washington,john-washington,Lit & Border News,https://johnwashington.substack.com/,Newsletter - Substack,,,,,,,Immigration,,Social Issues,,,,,
Johnny Cole Dickson,johnny-cole-dickson,No Lab Coat Required,https://www.youtube.com/@NoLabCoatRequired,Video - YouTube,,,,,,,"Science, Health/Wellness","Chicago, IL",Science Health & Environment,Chicago,IL,US,Midwest,
Johnny Harris,johnny-harris,Johnny Harris,https://www.youtube.com/@johnnyharris,Video - YouTube,,,,,,,Explanatory,International,Journalism Formats,,,,International,
Jon Bois,jon-bois,Secret Base,https://www.youtube.com/@SecretBaseSBN,Video - YouTube,Social - BlueSky,https://bsky.app/profile/jonbois.bsky.social,,,,,Sports,National - US,Lifestyle & Personal Life,,,US,National,
Jon Haidt,jon-haidt,After Babel,https://www.afterbabel.com,Newsletter - Substack,,,,,,,"Tech, Culture","Boston, MA","Money & Work, Culture & Media",Boston,MA,US,Northeast,
Jon Perry,jon-perry,Stated Clearly,https://www.youtube.com/@StatedClearly,Video - YouTube,Website,https://www.statedclearly.com,,,,,Science,National - US,Science Health & Environment,,,US,National,
Jon Worth,jon-worth,Independent EU railway/transport-policy commentator,https://jonworth.eu/,Newsletter - Ghost,,,,,,,Media/Power,Germany,Culture & Media,,,DE,International,
Jon Youshaei,jon-youshaei,Jon Youshaei,https://www.youtube.com/@youshaei,Video - YouTube,Video - Instagram,https://www.instagram.com/youshaei/?hl=en,,,,,"Careers, Tech","Los Angeles, CA",Money & Work,Los Angeles,CA,US,West,
Jonah Fialkow,jonah-fialkow,Jewish Jonah,https://www.tiktok.com/@jewishjonah,Video - TikTok,,,,,,,"Comedy, Sports, Identity/Belonging, Food, Day in a Life, Local","Chicago, IL","Social Issues, Civic Life, Culture & Media, Journalism Formats, Lifestyle & Personal Life",Chicago,IL,US,Midwest,
Jonah Weiner,jonah-weiner,Blackbird Spyplane,https://www.blackbirdspyplane.com,Newsletter - Substack,,,,,,,"Fashion, Culture","Oakland, CA","Culture & Media, Lifestyle & Personal Life",Oakland,CA,US,West,
Jonathan Ellis,jonathan-ellis,The Dakota Scout,https://www.thedakotascout.com,Newsletter - Substack,,,,,,,Local,"Sioux Falls, SD",Civic Life,Sioux Falls,SD,US,Midwest,
Jonathan Katz,jonathan-katz,Katz on Earth,https://www.tiktok.com/@katzonearth,Video - TikTok,Social - Twitter / X,https://x.com/katzonearth,,,,,"Politics, History",National - US,"Power & Politics, Culture & Media",,,US,National,
Jonathan Larsen,jonathan-larsen,Jonathan Larsen's Substack,https://jonathanlarsen.substack.com,Newsletter - Substack,Social - BlueSky,https://bsky.app/profile/jonathanlarsen.bsky.social,,,,,"Investigative, Politics, Faith/Religion",New Jersey - US,"Power & Politics, Social Issues, Journalism Formats",,NJ,US,Northeast,
Jonathan M. Katz,jonathan-m-katz,The Racket,https://theracket.news,Website,,,,,,,Politics,,Power & Politics,,,,,
Jonathan Macri,jonathan-macri,Knicks Film School,https://knicksfilmschool.substack.com,Newsletter - Substack,Social - BlueSky,https://bsky.app/profile/jonathanmacri.bsky.social,,,,,"Sports, Local","New York, NY","Civic Life, Lifestyle & Personal Life",New York,NY,US,Northeast,
Jonathan Miller,jonathan-miller,Housing Notes,(Substack/millersamuel),Newsletter - Substack,,,,,,,Urban Planning,"New York, NY",Civic Life,New York,NY,US,Northeast,
Jonathan Nunn,jonathan-nunn,Vittles,https://vittles.substack.com,Newsletter - Substack,,,,,,,"Food, Culture",United Kingdom,"Culture & Media, Lifestyle & Personal Life",,,GB,International,
Jonathan P. Thompson,jonathan-p-thompson,The Land Desk,https://www.landdesk.org,Newsletter - Substack,,,,,,,Climate/Environment,Colorado - US,Science Health & Environment,,CO,US,West,
Jonathan Rabb,jonathan-rabb,Watch The Yard,https://watchtheyard.com,Website,Social - BlueSky,https://bsky.app/profile/jonathanrabb.bsky.social,,,,,Identity/Belonging,National - US,Social Issues,,,US,National,
Jonathan Schwabish,jonathan-schwabish,Policy Viz,https://policyviz.substack.com,Newsletter - Substack,,,,,,,"Explanatory, Government Accountability","Washington, DC","Power & Politics, Journalism Formats",Washington,DC,US,Mid-Atlantic,
Jonathan Zaragoza,jonathan-zaragoza,goatboyintl,https://www.tiktok.com/@goatboyintl,Video - TikTok,,,,,,,"Recipes, Food, Identity/Belonging","Chicago, IL","Social Issues, Lifestyle & Personal Life",Chicago,IL,US,Midwest,
Jonn Elledge,jonn-elledge,The Newsletter of (Not Quite) Everything,https://jonn.substack.com,Newsletter - Substack,Social - BlueSky,https://bsky.app/profile/jonnelledge.bsky.social,,,,,"Culture, Media/Power, History",United Kingdom,Culture & Media,,,GB,International,
Jonni Scott,jonni-scott,Jonni Scott,https://www.instagram.com/eatingwithjonni/,Social - Instagram,Video - TikTok,https://www.tiktok.com/@eatingwithjonni,,,,,Restaurants and bars,"Washington, DC",Lifestyle & Personal Life,Washington,DC,US,Mid-Atlantic,
Jonny Matthews,jonny-matthews,Economics Explainer,https://www.youtube.com/@EconomicsExplained,Video - YouTube,,,,,,,Finance/Economics,National - US,Money & Work,,,US,National,
Joon Lee,joon-lee,I am Joon Lee,https://www.youtube.com/@iamjoonlee,Video - YouTube,,,,,,,"Sports, Internet Culture","New York, NY","Culture & Media, Lifestyle & Personal Life",New York,NY,US,Northeast,
Joost van Dreunen,joost-dreunen,SuperJoost Playlist,https://superjoost.substack.com/,Newsletter - Substack,,,,,,,Tech,"New York, NY",Money & Work,New York,NY,US,Northeast,
Jordan Chariton,jordan-chariton,Status Coup,https://www.statuscoupsubstack.com/,Newsletter - Substack,Video - YouTube,https://www.youtube.com/@statuscoup,Social - Twitter / X,https://x.com/JordanChariton,Website,https://statuscoup.com/,Immigration,National - US,Social Issues,,,US,National,
Jordan Dyer,jordan-dyer,"Independent NBA content creator, YouTube/TikTok/Instagram",https://www.youtube.com/@jordandyernba,Video - YouTube,,,,,,,Sports,,Lifestyle & Personal Life,,,,,
Jordan Gass-Poore,jordan-gass-poore,Hazard Podcast,https://hazardpodcast.com,Podcast,,,,,,,"Investigative, Climate/Environment","New York, NY","Science Health & Environment, Journalism Formats",New York,NY,US,Northeast,
Jordan Kahana,jordan-kahana,Jordan Kahana,https://www.instagram.com/jordankahana,Video - Instagram,,,,,,,"Travel, Science","Denver, CO","Science Health & Environment, Lifestyle & Personal Life",Denver,CO,US,West,
Jordan Schneider,jordan-schneider,ChinaTalk,https://www.chinatalk.media,Newsletter - Substack,Podcast,https://podcasts.apple.com/us/podcast/chinatalk/id1289062927,Social - BlueSky,https://bsky.app/profile/jordanschneider.bsky.social,,,"Policy, Politics","Washington, DC",Power & Politics,Washington,DC,US,Mid-Atlantic,
Jordan Uhl,jordan-uhl,Jordan Uhl,https://www.instagram.com/jordanuhl_,Video - Instagram,Social - BlueSky,https://bsky.app/profile/jordanuhl.com,,,,,"Politics, General News","Los Angeles, CA","Power & Politics, General News",Los Angeles,CA,US,West,
Jordana Timerman,jordana-timerman,Latin America Daily Briefing,https://latinamericadailybriefing.substack.com,Newsletter - Substack,,,,,,,World,"Buenos Aires, Argentina",Power & Politics,Buenos Aires,,AR,International,
Jordi Amaral,jordi-amaral,Americas Migration Brief,https://www.migrationbrief.com/,Newsletter - Substack,Social - BlueSky,https://bsky.app/profile/amaraljordi.bsky.social,,,,,Immigration,"Washington, DC",Social Issues,Washington,DC,US,Mid-Atlantic,
Jorge Ramos,jorge-ramos,Jorge Ramos,https://x.com/jorgeramosnews,Social - Twitter / X,Social - BlueSky,https://bsky.app/profile/jorgerh2o.bsky.social,,,,,"World, Politics","Miami, FL","Power & Politics, General News",Miami,FL,US,South,
Jose Antonio Vargas,jose-antonio-vargas,Define American,https://defineamerican.com/,Website,Social - Twitter / X,https://x.com/jaborjas,Social - Instagram,https://www.instagram.com/joseiswriting/,Social - BlueSky,https://bsky.app/profile/joseiswriting.bsky.social,Immigration,National - US,Social Issues,,,US,National,
Jose Luis Vilson,jose-luis-vilson,The Jose Vilson,https://thejosevilson.com,Website,,,,,,,"Education, Identity/Belonging","New York, NY","Social Issues, Civic Life",New York,NY,US,Northeast,
Joseph Pisenti,joseph-pisenti,Real Life Lore,https://www.youtube.com/@RealLifeLore,Video - YouTube,,,,,,,Explanatory,"Dallas, TX",Journalism Formats,Dallas,TX,US,South,
Joseph Politano,joseph-politano,Apricitas,https://www.apricitas.io,Newsletter - Substack,,,,,,,"Labor/Workers Rights, Finance/Economics","Washington, DC",Money & Work,Washington,DC,US,Mid-Atlantic,
Josh Barro,josh-barro,Very Serious ,https://x.com/jbarro,Social - Twitter / X,Newsletter - Substack,https://www.joshbarro.com,,,,,"Politics, Finance/Economics, Culture","New York, NY","Power & Politics, Money & Work, Culture & Media",New York,NY,US,Northeast,
Josh Hendrickson,josh-hendrickson,Economic Forces,https://www.economicforces.xyz,Newsletter - Substack,,,,,,,Finance/Economics,Mississippi - US,Money & Work,,MS,US,South,
Josh McConnel,josh-mcconnel,Ctrl Alt Deliberate,https://ctrlaltdeliberate.com,Newsletter - Substack,,,,,,,"Tech, Media/Power","New York, NY","Money & Work, Culture & Media",New York,NY,US,Northeast,
Josh Stephens,josh-stephens,Housing in Practice,https://housinginpractice.substack.com,Newsletter - Substack,,,,,,,"Architecture, Real Estate","Los Angeles, CA","Money & Work, Culture & Media",Los Angeles,CA,US,West,
Josh Szeps,josh-szeps,,https://uncomfortableconversations.substack.com,Newsletter - Substack,Social - Twitter / X,https://x.com/joshzepps,Video - YouTube,http://youtube.com/@JoshSzeps_,Social - Instagram,https://www.instagram.com/joshszeps/,Politics,"Sydney, Australia",Power & Politics,Sydney,,AU,International,
Josh Thomas,josh-thomas,School of Traditional Skills,https://schooloftraditionalskills.com,Website,Video - YouTube,https://www.youtube.com/@SchoolofTraditionalSkills,,,,,"Outdoors, Education","Bonners Ferry, ID","Civic Life, Lifestyle & Personal Life",Bonners Ferry,ID,US,West,
Josh Young,josh-young,Josh Young,https://www.instagram.com/jyoungdesignhouse/,Social - Instagram,Newsletter - Substack,https://joshyoungdesignhouse.substack.com/,,,,,Design,"Washington, DC",Culture & Media,Washington,DC,US,Mid-Atlantic,
Joshua Dairen,joshua-dairen,Joshua Dairen,https://www.tiktok.com/@joshuadairen,Video - TikTok,Video - Instagram,https://www.instagram.com/joshuadairen,Social - BlueSky,https://bsky.app/profile/joshuadairen.bsky.social,,,"History, Culture","Portland, OR",Culture & Media,Portland,OR,US,West,
Joshua Doss,joshua-doss,doss.discourse,https://www.instagram.com/doss.discourse,Video - Instagram,Video - TikTok,https://www.tiktok.com/@joshuadoss314,,,,,Politics,"Chicago, IL",Power & Politics,Chicago,IL,US,Midwest,
Joshua Trunck,joshua-trunck,Chicago Food HQ,https://www.tiktok.com/@chicagofoodhq,Video - TikTok,,,,,,,Tech,"Chicago, IL",Money & Work,Chicago,IL,US,Midwest,
Josie Duffy Rice,josie-duffy-rice,The Unnamed,https://josieduffyrice.substack.com,Newsletter - Substack,,,,,,,Criminal Justice,National - US,Social Issues,,,US,National,
Joss Fong,joss-fong,Howtown,https://www.youtube.com/@Howtown,Video - YouTube,,,,,,,Explanatory,National - US,Journalism Formats,,,US,National,
José David Araujo,jose-david-araujo,AutoRanking Ecuador,https://www.youtube.com/c/AUTORANKINGECUADOR,Video - YouTube,Social - TikTok,https://www.tiktok.com/@araujoskr,,,,,Automotive,Ecuador,Lifestyle & Personal Life,,,EC,International,Global_South_World
Joy McConnochie,joy-mcconnochie,Sustainable Jungle,https://www.sustainablejungle.com,Website,Newsletter - Substack,https://sustainablejungle.substack.com/,Podcast,https://sustainablejungle.podbean.com/,,,Climate/Environment,New Zealand,Science Health & Environment,,,NZ,International,
Joy Reid,joy-reid,The Joy Reid Show,https://www.youtube.com/@TheJoyReidShow,Video - YouTube,Video - Instagram,https://www.instagram.com/joyannreid/?hl=en,,,,,"Politics, Gender, Media/Power","Washington, DC","Power & Politics, Social Issues, Culture & Media",Washington,DC,US,Mid-Atlantic,
Joyce Koh,joyce-koh,Joyce Koh,https://www.noosphere.app/author/joyce/,Video - Noosphere,,,,,,,"Politics, General News","New York, NY","Power & Politics, General News",New York,NY,US,Northeast,
Joyce Vance,joyce-vance,Joyce Vance,https://joycevance.substack.com,Newsletter - Substack,Social - BlueSky,https://bsky.app/profile/joycevance.bsky.social,,,,,"Law/Legal Issues, Politics","Birmingham, AL",Power & Politics,Birmingham,AL,US,South,
Judd Legum,judd-legum,Popular Info,https://popular.info,Newsletter - Substack,Social - BlueSky,https://bsky.app/profile/juddlegum.bsky.social,,,,,Government Accountability,National - US,Power & Politics,,,US,National,
Judy Lin,judy-lin,TechSoda,https://techsoda.substack.com/,Newsletter - Substack,,,,,,,Tech,Taiwan,Money & Work,,,TW,International,
Judy Pan,judy-pan,foodooboos,https://www.instagram.com/foodooboos/,Social - Instagram,Video - TikTok,https://www.tiktok.com/@foodooboos,,,,,Food,"Washington, DC",Lifestyle & Personal Life,Washington,DC,US,Mid-Atlantic,
Jules from Virginia,jules-from-virginia,Jules from Virginia,https://www.instagram.com/julesfromvirginia/,Social - Instagram,Video - TikTok,https://www.tiktok.com/@julesfromvirginia,Video - YouTube,https://www.youtube.com/@julesfromvirginia,,,Things to Do,"Washington, DC",Lifestyle & Personal Life,Washington,DC,US,Mid-Atlantic,
Julia Angwin,julia-angwin,Proof News,https://www.proofnews.org,Website,Social - BlueSky,https://bsky.app/profile/juliaangwin.com,,,,,Tech,"New York, NY",Money & Work,New York,NY,US,Northeast,
Julia Barton,julia-barton,Continuous Wave,https://continuous-wave.beehiiv.com,Newsletter - Beehiiv,Social - BlueSky,https://bsky.app/profile/bartona104.bsky.social,,,,,History,"Boston, MA",Culture & Media,Boston,MA,US,Northeast,
Julia Busuttil Nishimura,julia-busuttil-nishimura,,https://juliaostro.substack.com,Newsletter - Substack,Social - Instagram,https://www.instagram.com/juliaostro/,,,,,Recipes,"Melbourne, Australia",Lifestyle & Personal Life,Melbourne,,AU,International,
Julia Carpenter,julia-carpenter,A Woman to Know,https://juliaccarpenter.substack.com,Newsletter - Substack,Social - BlueSky,https://bsky.app/profile/juliaccarpenter.bsky.social,,,,,"Gender, Explanatory","New York, NY","Social Issues, Journalism Formats",New York,NY,US,Northeast,
Julia Craven,julia-craven,,https://juliacraven.substack.com,Newsletter - Substack,Website,https://juliacraven.com,Social - Twitter / X,https://twitter.com/juliacraven,Social - Instagram,https://www.instagram.com/rocketjuju/,Health/Wellness,,Science Health & Environment,,,,,
Julia La Roche,julia-la-roche,The Julia La Roche Show,https://www.youtube.com/@TheJuliaLaRocheShow,Video - YouTube,Podcast,https://julialaroche.com,,,,,"Business, Personal Finance, Tech","New York, NY",Money & Work,New York,NY,US,Northeast,
Julian Brave NoiseCat,julian-brave-noisecat,Julian Brave NoiseCat,https://www.instagram.com/jnoisecat,Video - Instagram,,,,,,,"Climate/Environment, Art",National - US,"Science Health & Environment, Culture & Media",,,US,National,
Julian Feeld,julian-feeld,QAA Podcast,https://www.qanonanonymous.com/,Podcast,Video - YouTube,https://www.youtube.com/@QAAPodcast,,,,,"Comedy, History, Media/Power",National - US,Power & Politics,,,US,National,
Julian Walker,julian-walker,Conspirituality,https://conspirituality.net,Podcast,Patreon,,,,,,Health/Wellness,"Los Angeles, CA",Science Health & Environment,Los Angeles,CA,US,West,
Julianna Forlano,julianna-forlano,The Julianna Forlano Show,https://podcasts.apple.com/us/podcast/the-julianna-forlano-show/id1697569282,Podcast,,,,,,,"Politics, Comedy",National - US,"Power & Politics, Culture & Media",,,US,National,Institute_for_Independent_Journalists
Julie Fratantoni Phd,julie-fratantoni-phd,Better Brain by Dr. Julie,https://drjuliefratantoni.substack.com,Newsletter - Substack,Video - Instagram,https://www.instagram.com/drjuliefratantoni/,,,,,Health/Wellness,National - US,Science Health & Environment,,,US,National,
Julie Holstein,julie-holstein,WARD 6,https://www.brooklynward6.com,Newsletter - Beehiiv,,,,,,,Local,"New York, NY",Civic Life,New York,NY,US,Northeast,
Julie Rose,julie-rose,Provo Notes,https://provonotes.substack.com,Newsletter - Substack,,,,,,,"Local, Politics","Provo, UT","Power & Politics, Civic Life",Provo,UT,US,West,
Julie Roys,julie-roys,The Roys Report,https://julieroys.com,Website,Social - BlueSky,https://bsky.app/profile/julieroys.bsky.social,,,,,"Investigative, Faith/Religion","Chicago, IL","Social Issues, Journalism Formats",Chicago,IL,US,Midwest,
Julie Vick,julie-vick,Humor Me,https://julievick.substack.com,Newsletter - Substack,Social - BlueSky,https://bsky.app/profile/julievickwriter.bsky.social,,,,,"Comedy, Books/Writing","Denver, CO",Culture & Media,Denver,CO,US,West,
Julieanne Smolinski,julieanne-smolinski,The Minimizer,https://minimizer.substack.com/,Newsletter - Substack,,,,,,,Culture,"Los Angeles, CA",Culture & Media,Los Angeles,CA,US,West,
Julio Ricardo Varela,julio-ricardo-varela,The Latino Newsletter,https://thelatinonewsletter.org,Website,,,,,,,General News,National - US,General News,,,US,National,
Justin Gerdes,justin-gerdes,Quitting Carbon,https://www.quittingcarbonmedia.com,Newsletter - Ghost,Social - BlueSky,https://bsky.app/profile/justingerdes.bsky.social,,,,,"Energy, Climate/Environment, Policy",California - US,"Power & Politics, Science Health & Environment",,CA,US,West,
Justin Kollar,justin-kollar,Techno-Statecraft,https://www.technostatecraft.com/,Newsletter - Substack,,,,,,,Tech,"Cambridge, MA",Money & Work,Cambridge,MA,US,Northeast,
Justin Ling,justin-ling,Bug-eyed and Shameless,https://www.bugeyedandshameless.com,Newsletter - Substack,,,,,,,"Investigative, Media/Power, Politics, Tech","Montreal, Canada","Power & Politics, Money & Work, Culture & Media, Journalism Formats",Montreal,,CA,International,
Justin Stofferahn,justin-stofferahn,,https://screwed.substack.com,Newsletter - Substack,,,,,,,Finance/Economics,Minnesota - US,Money & Work,,MN,US,Midwest,
Justin Wolfers,justin-wolfers,Platypus Economics,https://newsletter.platypuseconomics.com,Newsletter - Substack,,,,,,,Finance/Economics,"Ann Arbor, MI",Money & Work,Ann Arbor,MI,US,Midwest,
Justine Reix,justine-reix,Justine Reix,https://www.instagram.com/justinereix,Video - Instagram,,,,,,,Gender,France,Social Issues,,,FR,International,
Jxmyhighroller,jxmyhighroller,Jxmyhighroller,https://www.youtube.com/@JxmyHighroller,Video - YouTube,,,,,,,Sports,National - US,Lifestyle & Personal Life,,,US,National,
Jólvanezígy,jolvannezigy,Jólvanezígy,https://www.youtube.com/@jolvannezigy,Video - YouTube,,,,,,,Politics,Hungary,Power & Politics,,,HU,International,
K Kaufmann,k-kaufmann,E/lectrify,https://electrifynews.beehiiv.com,Newsletter - Beehiiv,,,,,,,Climate/Environment,"Washington, DC",Science Health & Environment,Washington,DC,US,Mid-Atlantic,
Kadria Kassem,kadria-kassem,Kadropedia,https://www.tiktok.com/@kadropedia,Social - TikTok,Social - Instagram,https://www.instagram.com/kadropediaa,,,,,"History, World, Explanatory",Egypt,"General News, Culture & Media, Journalism Formats",,,EG,International,
Kahja Elliott,kahja-elliott,heykayinthebay,https://www.instagram.com/heykayinthebay,Video - Instagram,Podcast,https://www.kayinthebay.com/,,,,,"Food, Travel, Restaurants and bars","San Francisco, CA",Lifestyle & Personal Life,San Francisco,CA,US,West,
Kahlil Greene,kahlil-greene,Gen Z Historian,https://www.instagram.com/kahlil.greene,Video - Instagram,,,,,,,Explanatory,National - US,Journalism Formats,,,US,National,
Kai Kupferschmidt,kai-kupferschmidt,Kai Kupferschmidt,https://bsky.app/profile/kakape.bsky.social,Social - BlueSky,,,,,,,Science,Germany,Science Health & Environment,,,DE,International,
Kaia Yu,kaia-yu,Kaia Yu,https://www.instagram.com/kailayu,Video - Instagram,,,,,,,"Travel, Identity/Belonging, Culture","Los Angeles, CA","Social Issues, Culture & Media, Lifestyle & Personal Life",Los Angeles,CA,US,West,
Kaiser Fung,kaiser-fung,Junk Charts,https://www.junkcharts.com,Website,,,,,,,Data Visualization,National - US,Journalism Formats,,,US,National,
Kaiser Kuo,kaiser-kuo,Sinica Podcast,https://www.sinicapodcast.com/,Podcast,,,,,,,World,China,General News,,,,China,
Kaitlin Prest,kaitlin-prest,The Heart,https://www.theheartradio.org/,Podcast,,,,,,,Culture,"Toronto, Canada",Culture & Media,Toronto,,CA,International,
Kala,kala-engineer-everything,Engineer Everything,https://www.tiktok.com/@engineer.everything,Social - TikTok,,,,,,,Home,"Herndon, VA",Lifestyle & Personal Life,Herndon,VA,US,South,
Kansas Helen,kansas-helen,Kansas Helen,https://www.youtube.com/@kansashelen,Video - YouTube,,,,,,,"Politics, Government Accountability, Local","Topeka, KS","Power & Politics, Civic Life",Topeka,KS,US,Midwest,
Kara Harms,kara-harms,Kara Harms,https://www.instagram.com/thewhimsysoul,Video - Instagram,,,,,,,"Local, Lifestyle","San Francisco, CA","Civic Life, Lifestyle & Personal Life",San Francisco,CA,US,West,
Kareem Rahma,kareem-rahma,Kareem Rahma,https://www.instagram.com/kareem,Video - Instagram,Newsletter - Substack,https://kareemrahma.substack.com,,,,,"Internet Culture, Local","New York, NY","Civic Life, Culture & Media",New York,NY,US,Northeast,
Karel Kovář,karel-kovar,Kovy,https://www.youtube.com/@KovyYT,Video - YouTube,Social - Instagram,https://www.instagram.com/kovyyt,,,,,Explanatory,Czech Republic,Journalism Formats,,,CZ,International,
Karen Attiah,karen-attiah,The Golden Hour by Karen Attiah,https://karenattiah.substack.com,Newsletter - Substack,Social - BlueSky,https://bsky.app/profile/karenattiah.bsky.social,,,,,"Politics, Media/Power","Washington, DC","Power & Politics, Culture & Media",Washington,DC,US,Mid-Atlantic,
Karim Shamsi-Basha,karim-shamsi-basha,Arab in Alabama,https://arabinalabama.net/,Website,,,,,,,Local,"Birmingham, AL",Civic Life,Birmingham,AL,US,South,
Karim Zidan,karim-zidan,Sports Politika,https://www.sportspolitika.news,Newsletter - Substack,Social - Twitter / X,https://twitter.com/ZidanSports,,,,,Sports,International,Culture & Media,,,,International,
Karl Bode,karl-bode,The Fine Print,https://karlbode.com,Newsletter - Ghost,Social - BlueSky,https://bsky.app/profile/karlbode.com,,,,,Tech,"Seattle, WA",Money & Work,Seattle,WA,US,West,
Karli Zschögner,karli-zschgner,karli_zschogner,https://www.instagram.com/karli_zschogner,Video - Instagram,,,,,,,"World, Local",Canada,"Civic Life, General News",,,CA,International,
Karoly Zsolnai-Feher,karoly-zsolnai-feher,Two Minute Papers,https://www.youtube.com/@TwoMinutePapers,Video - YouTube,Social - Twitter / X,https://twitter.com/karoly_zsolnai,,,,,Science,International,Science Health & Environment,,,,International,
Kassy Cho,kassy-cho,Kassy,https://www.tiktok.com/@kassycho,Video - TikTok,,,,,,,Human Rights,Taiwan,Social Issues,,,TW,International,
Kat Abughazaleh,kat-abughazaleh,Katmabu,https://www.tiktok.com/@katmabu,Video - TikTok,,,,,,,"Local, Politics, Culture","Chicago, IL","Power & Politics, Civic Life, Culture & Media",Chicago,IL,US,Midwest,
Kat Callahan,kat-callahan,Payday Report,https://paydayreport.com,Website,,,,,,,Labor/Workers Rights,Japan,Money & Work,,,JP,International,
Kat Tenbarge,kat-tenbarge,Spitfire News,https://bsky.app/profile/kattenbarge.bsky.social,Social - BlueSky,,,,,,,Internet Culture,National - US,Culture & Media,,,US,National,
Kat Vargas,kat-vargas,Howdy Politics,https://www.instagram.com/howdypolitics,Video - Instagram,Video - TikTok,https://www.tiktok.com/@howdypolitics,,,,,Politics,Texas - US,Power & Politics,,TX,US,South,
Kate Broug,kate-broug,Anna Katharina,https://www.instagram.com/katebroug,Video - Instagram,,,,,,,"History, Tech","New York, NY","Money & Work, Culture & Media",New York,NY,US,Northeast,
Kate Gill,kate-gill,@kategill_,https://www.instagram.com/kategill_,Video - Instagram,,,,,,,Photography,New York - US,Culture & Media,,NY,US,Northeast,
Kate Lindsay,kate-lindsay,Embedded,https://embedded.substack.com,Newsletter - Substack,,,,,,,Internet Culture,"New York, NY",Culture & Media,New York,NY,US,Northeast,
Kate Mackenzie,kate-mackenzie,The Polycrisis,https://thepolycrisis.org/,Newsletter - Other,,,,,,,Climate/Environment,Australia,Science Health & Environment,,,AU,International,
Kate Manne,kate-manne,More to Hate,https://katemanne.substack.com,Newsletter - Substack,Social - BlueSky,https://bsky.app/profile/katemanne.bsky.social,,,,,"Activism, Lifestyle, Internet Culture, Gender","New York, NY","Social Issues, Culture & Media, Lifestyle & Personal Life",New York,NY,US,Northeast,
Kate Michael,kate-michael,Kstkate,https://www.instagram.com/kstreetkate/,Social - Instagram,Video - YouTube,https://www.youtube.com/@kstreetkate,,,,,Fashion,"Washington, DC",Lifestyle & Personal Life,Washington,DC,US,Mid-Atlantic,
Kate Morrissey,kate-morrissey,Beyond the Border News,https://beyondthebordernews.substack.com,Newsletter - Substack,Social - BlueSky,https://bsky.app/profile/bgirledukate.bsky.social,,,,,Immigration,"San Diego, CA",Social Issues,San Diego,CA,US,West,
Kate Ray,kate-ray,RAY BAKE,https://kateray.substack.com/,Newsletter - Substack,,,,,,,Food,,Lifestyle & Personal Life,,,,,
Kate Schneider,kate-schneider,Kidtivity,https://kidtivity.substack.com/,Newsletter - Substack,Social - BlueSky,https://bsky.app/profile/kateschneider.bsky.social,,,,,"Parenting, Things to Do",Connecticut - US,Lifestyle & Personal Life,,CT,US,Northeast,
Kate Swenson,kate-swenson,,https://findingcoopersvoice.substack.com,Newsletter - Substack,Social - Facebook,https://www.facebook.com/findingcoopersvoice,,,,,Parenting,Minnesota - US,Lifestyle & Personal Life,,MN,US,Midwest,
Kate Wagner,kate-wagner,McMansion Hell,https://mcmansionhell.com/,Website,Social - Twitter / X,https://x.com/mcmansionhell,Social - BlueSky,https://bsky.app/profile/katewagnerschleigh.bsky.social,,,Architecture,"Chicago, IL",Culture & Media,Chicago,IL,US,Midwest,
Kate Walker,kate-walker-adventure,,https://thekateadventure.substack.com,Newsletter - Substack,Social - Twitter / X,https://twitter.com/thekatewrites,,,,,Travel,"Halifax, Canada",Lifestyle & Personal Life,Halifax,,CA,International,
Kate Weiser,kate-weiser,Bucket List Boston,https://bucketlistboston.com,Website,Social - Instagram,https://www.instagram.com/bucketlistboston,,,,,"Local, Things to Do, Restaurants and bars","Boston, MA","Civic Life, Lifestyle & Personal Life",Boston,MA,US,Northeast,
Kate Woodsome,kate-woodsome,Invisible Threads,https://katewoodsome.substack.com,Newsletter - Substack,Social - BlueSky,https://bsky.app/profile/kwoodsome.bsky.social,,,,,Health/Wellness,"Washington, DC",Science Health & Environment,Washington,DC,US,Mid-Atlantic,
Katelyn Burns,katelyn-burns,Burns Notice,https://www.burnsnotice.com,Newsletter - Ghost,Social - BlueSky,https://bsky.app/profile/katelynburns.com,,,,,"LGBTQIA, Internet Culture, Politics","Washington, DC","Power & Politics, Social Issues, Culture & Media",Washington,DC,US,Mid-Atlantic,
Katelyn Jetelina,katelyn-jetelina,Your Local Epidemiologist,https://yourlocalepidemiologist.substack.com,Newsletter - Substack,Social - BlueSky,https://bsky.app/profile/kkjetelina.bsky.social,,,,,Health/Wellness,National - US,Science Health & Environment,,,US,National,
Kateri Wozny,kateri-wozny,Kateri Wozny,https://socalshuffle.net/,Website,,,,,,,"Lifestyle, Travel","Pasadena, CA",Lifestyle & Personal Life,Pasadena,CA,US,West,Institute_for_Independent_Journalists
Katharine Hayhoe,katharine-hayhoe,Talking Climate,https://katharinehayhoe.substack.com,Newsletter - Substack,Website,https://katharinehayhoe.com,Social - BlueSky,https://bsky.app/profile/katharinehayhoe.com,,,Climate/Environment,Texas - US,Science Health & Environment,,TX,US,South,
Katharine Wilkinson,katharine-wilkinson,Human on Earth,https://drkwilkinson.substack.com,Newsletter - Substack,,,,,,,"Climate/Environment, Science","Atlanta, GA",Science Health & Environment,Atlanta,GA,US,South,
Katherine Dee,katherine-dee,default.blog,https://default.blog,Newsletter - Substack,,,,,,,Media/Power,,Culture & Media,,,,,
Katherine Stewart,katherine-stewart,Katherine Stewart,https://substack.com/@katherinestewartbooks,Newsletter - Substack,Social - BlueSky,https://bsky.app/profile/katherinestewart.bsky.social,,,,,Faith/Religion,"New York, NY",Social Issues,New York,NY,US,Northeast,
Kathleen Hays,kathleen-hays,Central Bank Central,https://kathleenhays.substack.com/,Newsletter - Substack,,,,,,,Finance/Economics,"New York, NY",Money & Work,New York,NY,US,Northeast,
Katie Couric,katie-couric,Katie Couric,https://www.tiktok.com/@katiecouric,Video - TikTok,Social - Twitter / X,https://x.com/katiecouric,Social - BlueSky,https://bsky.app/profile/katiecouric.bsky.social,,,General News,"New York, NY",General News,New York,NY,US,Northeast,
Katie Davis,katie-davis,,https://readteensights.com,Newsletter - Substack,,,,,,,Parenting,"New York, NY",Lifestyle & Personal Life,New York,NY,US,Northeast,
Katie Elliott,katie-elliott,,https://designschoolwithkatie.substack.com/,Newsletter - Substack,Social - Instagram,https://instagram.com/kmelliott,,,,,Design,"Portland, OR",Culture & Media,Portland,OR,US,West,
Katie Gatti Tassin,katie-gatti-tassin,Money with Katie,https://www.instagram.com/moneywithkatie,Video - Instagram,,,,,,,Personal Finance,National - US,Money & Work,,,US,National,
Katie Halper,katie-halper,The Katie Halper Show,https://podcasts.apple.com/us/podcast/the-katie-halper-show/id1020563127,Podcast,Video - YouTube,https://www.youtube.com/@TheKatieHalperShow,Video - Instagram,https://www.instagram.com/kthalps/,Social - BlueSky,https://bsky.app/profile/kthalps.bsky.social,Politics,"New York, NY",Power & Politics,New York,NY,US,Northeast,
Katie Harbath,katie-harbath,Anchor Change,https://anchorchange.substack.com,Newsletter - Substack,Social - BlueSky,https://bsky.app/profile/katieharbath.bsky.social,,,,,"Politics, World",National - US,"Power & Politics, General News",,,US,National,
Katie Hill,katie-hill,Katie Hill,https://thingswildandpretty.substack.com/,Newsletter - Substack,,,,,,,Climate/Environment,Montana - US,Science Health & Environment,,MT,US,West,Institute_for_Independent_Journalists
Katie Kennedy,katie-kennedy,The History Gossip,https://www.tiktok.com/@thehistorygossip,Video - TikTok,,,,,,,History,"Oxford, UK",Culture & Media,Oxford,,UK,International,
Katie Nelson,katie-nelson,What'sHerName,https://www.whatshernamepodcast.com,Podcast,,,,,,,History,"Ogden, UT",Culture & Media,Ogden,UT,US,West,
Katie Ring,katie-ring,The Self Defense Girl,https://www.instagram.com/the.self.defense.girl,Video - Instagram,,,,,,,Criminal Justice,"Boston, MA",Social Issues,Boston,MA,US,Northeast,
Katie Romero,katie-romero,Katie Romero,https://www.instagram.com/thekatieromero/,Social - Instagram,,,,,,,Travel,"New York, NY",Lifestyle & Personal Life,New York,NY,US,Northeast,
Kaya Yurieff,kaya-yurieff,Scalable,https://scalablepod.co,Newsletter - Beehiiv,,,,,,,Media/Power,"New York, NY",Culture & Media,New York,NY,US,Northeast,
Kaylee Jo Flores,kaylee-jo-flores,Kaylee Jo Chicago,https://www.tiktok.com/@kayleejochicago,Video - TikTok,,,,,,,"Things to Do, Restaurants and bars, Museums, Food, Local","Chicago, IL","Civic Life, Culture & Media, Lifestyle & Personal Life",Chicago,IL,US,Midwest,
Keah Brown,keah-brown,Keah Brown,https://www.instagram.com/keah_maria,Video - Instagram,,,,,,,Identity/Belonging,"New York, NY",Social Issues,New York,NY,US,Northeast,
Keith Bryant,keith-bryant,Keeping Up With Keith,https://www.tiktok.com/@keepingupwithkeith,Video - TikTok,Website,https://linktr.ee/keepingupwithkeith,,,,,Local,"Washington, DC",Civic Life,Washington,DC,US,Mid-Atlantic,
Keith Edwards,keith-edwards,Keith's Debate Club,https://www.youtube.com/@keithedwards,Video - YouTube,Video - TikTok,https://www.tiktok.com/@keithedwards,Social - BlueSky,https://bsky.app/profile/keithedwards.bsky.social,,,Politics,"Washington, DC",Power & Politics,Washington,DC,US,Mid-Atlantic,
Kelley Greene,kelley-greene,,https://kelleygreene.substack.com,Newsletter - Substack,Social - Instagram,https://instagram.com/kelleygreene,Social - Twitter / X,https://x.com/kelleygreene,Website,https://kelleygreene.pizza,Internet Culture,"Chicago, IL",Culture & Media,Chicago,IL,US,Midwest,
Kelly Allen,kelly-allen,Kelly Allen,https://www.bykellyallen.com/,Website,,,,,,,"Lifestyle, Culture",National - US,"Culture & Media, Lifestyle & Personal Life",,,US,National,Institute_for_Independent_Journalists
Kelly Coyne,kelly-coyne,Guilty Pleasures,https://kellymariecoyne.substack.com,Newsletter - Substack,Video - Instagram,https://www.instagram.com/kelly_coyne/?hl=en,,,,,"Culture, Gender","Washington, DC","Social Issues, Culture & Media",Washington,DC,US,Mid-Atlantic,
Kelly DiNardo,kelly-dinardo,Kelly DiNardo,https://thesundaystretch.substack.com/,Newsletter - Substack,,,,,,,"Health/Wellness, Travel","Washington, DC","Science Health & Environment, Lifestyle & Personal Life",Washington,DC,US,Mid-Atlantic,Institute_for_Independent_Journalists
Kelly Hayes,kelly-hayes,Organizing My Thoughts,https://www.organizingmythoughts.org,Website,Podcast,https://truthout.org/series/movement-memos,,,,,"Indigenous, Criminal Justice, Activism","Chicago, IL",Social Issues,Chicago,IL,US,Midwest,
Kelly Kimball,kelly-kimball,Kelly Kimball,https://thisweekonice.substack.com/podcast,Podcast,Video - Instagram,https://www.instagram.com/kellyruthk,,,,,"Human Rights, Politics","New York, NY","Power & Politics, Social Issues",New York,NY,US,Northeast,
Kelly Paras,kelly-paras,Kelly Paras,https://www.instagram.com/flipflopcaravan/,Social - Instagram,Website,https://flipflopcaravan.com/,,,,,Photography,"Washington, DC",Culture & Media,Washington,DC,US,Mid-Atlantic,
Kelly Wearstler,kelly-wearstler,,https://www.instagram.com/kellywearstler/,Social - Instagram,Newsletter - Substack,https://wearstlerworld.substack.com/,,,,,Design,"Los Angeles, CA",Culture & Media,Los Angeles,CA,US,West,
Kelly-Lynne Russell,kelly-lynne-russell,thelowlowstyle,https://www.instagram.com/thelowlowstyle/,Social - Instagram,,,,,,,Fashion,"Washington, DC",Lifestyle & Personal Life,Washington,DC,US,Mid-Atlantic,
Kelton Wright,kelton-wright,Shangri-logs,https://shangrilogs.substack.com,Newsletter - Substack,Video - Instagram,https://www.instagram.com/shangrilogs/?hl=en,,,,,"Climate/Environment, Local, Outdoors, Home","Montana, U.S. ","Civic Life, Science Health & Environment, Lifestyle & Personal Life",Montana,U.S.,,,
Ken Klippenstein,ken-klippenstein,Ken Klippenstein,https://www.kenklippenstein.com,Newsletter - Substack,Social - BlueSky,https://bsky.app/profile/kenklippenstein.bsky.social,,,,,"Politics, National Security",National - US,Power & Politics,,,US,National,
Ken Layne,ken-layne,Desert Oracle,https://podcasts.apple.com/us/podcast/desert-oracle-radio/id1251197422,Podcast,Social - Twitter / X,https://x.com/KenLayne,Social - BlueSky,https://bsky.app/profile/kenlayne.bsky.social,,,Culture,"Joshua Tree, CA",Culture & Media,Joshua Tree,CA,US,West,
Ken Opalo,ken-opalo,An Africanist Perspective,https://kenopalo.substack.com,Newsletter - Substack,,,,,,,"Politics, Foreign Policy","Washington, DC",Power & Politics,Washington,DC,US,Mid-Atlantic,
Ken Schneck,ken-schneck,The Buckeye Flame,https://thebuckeyeflame.com,Website,,,,,,,"LGBTQIA, Local","Cleveland, OH","Social Issues, Civic Life",Cleveland,OH,US,Midwest,
Ken Seals,ken-seals,Everyday Empires,https://www.everydayempires.com,Newsletter - Substack,,,,,,,Business,"Austin, TX",Money & Work,Austin,TX,US,South,
Ken White,ken-white,The PopeHat Report,https://www.popehat.com,Newsletter - Beehiiv,,,,,,,Law/Legal Issues,"Los Angeles, CA",Power & Politics,Los Angeles,CA,US,West,
Kendra Pierre-Louis,kendra-pierre-louis,Kendra Writes,https://bsky.app/profile/kendrawrites.com,Social - BlueSky,Social - Twitter / X,https://x.com/kendrawrites,,,,,"Climate/Environment, Science",National - US,Science Health & Environment,,,US,National,
Kennedy Claire Bloom,kennedy-claire-bloom,KeninChicago,https://www.tiktok.com/@keninchicago,Video - TikTok,,,,,,,"Things to Do, Restaurants and bars, Lifestyle, Food, Fashion, Local","Chicago, IL","Civic Life, Lifestyle & Personal Life",Chicago,IL,US,Midwest,
Kenny Beecham,kenny-beecham,KOT4Q,https://www.youtube.com/@KOT4Q,Video - YouTube,,,,,,,Sports,National - US,Lifestyle & Personal Life,,,US,National,
Kent Beck,kent-beck,Software Design: Tidy First?,https://newsletter.kentbeck.com/,Newsletter - Substack,,,,,,,Tech,"San Francisco, CA",Money & Work,San Francisco,CA,US,West,
Keren Landman,keren-landman,Landmansplained,https://landmansplained.com,Newsletter - Substack,Social - BlueSky,https://bsky.app/profile/landmanspeaking.bsky.social,,,,,"Health/Wellness, Science, Mental Health","Atlanta, GA",Science Health & Environment,Atlanta,GA,US,South,
Kerstin Hasse,kerstin-hasse,Hasse Mit Liebe,https://www.hassemitliebe.com,Newsletter - Beehiiv,,,,,,,"Health/Wellness, Fashion",Switzerland,"Science Health & Environment, Lifestyle & Personal Life",,,CH,International,
Kevin,kevin,Kevin,https://www.instagram.com/kevinsfoodtour/,Social - Instagram,Video - TikTok,https://www.tiktok.com/@kevinsfoodtour,Social - BlueSky,https://bsky.app/profile/kevinroose.com,,,Restaurants and bars,"Washington, DC",Lifestyle & Personal Life,Washington,DC,US,Mid-Atlantic,
Kevin Cirilli,kevin-cirilli,Meet the Future,https://mtf.tv,Newsletter - Substack,,,,,,,Tech,"Washington, DC",Money & Work,Washington,DC,US,Mid-Atlantic,
Kevin Driscoll,kevin-driscoll,Driscoll Globe,https://www.driscollglobe.com,Newsletter - Substack,,,,,,,"Tech, Policy, Politics",Connecticut - US,"Power & Politics, Money & Work",,CT,US,Northeast,
Kevin Xu,kevin-xu,Interconnected,https://interconnect.substack.com/,Newsletter - Substack,,,,,,,Finance/Economics,"Nashville, TN",Money & Work,Nashville,TN,US,South,
Khadija Mbowe,khadija-mbowe,Khadija Mbowe,https://www.youtube.com/@khadijambowe,Video - YouTube,Social - Instagram,https://www.instagram.com/khadija.mbowe/,Video - TikTok,https://www.tiktok.com/@khadija.mbowe,,,Culture,"Toronto, ON, Canada",Culture & Media,Toronto,"ON, Canada",,,
Khara,khara,Khara,https://www.instagram.com/thebrunchbelle/,Social - Instagram,,,,,,,Restaurants and bars,"Washington, DC",Lifestyle & Personal Life,Washington,DC,US,Mid-Atlantic,
Khushbu Shah,khushbu-shah,,https://khushbushah.substack.com,Newsletter - Substack,Social - Instagram,https://instagram.com/khushandoj,,,,,Restaurants and bars,"Los Angeles, CA",Lifestyle & Personal Life,Los Angeles,CA,US,West,
Kiki Mordi,kiki-mordi,Kiki Mordi,https://www.youtube.com/@KikiMordi,Video - YouTube,Social - BlueSky,https://bsky.app/profile/kikimordi.bsky.social,,,,,"Investigative, Gender",United Kingdom,"Social Issues, Journalism Formats",,,GB,International,
Kim,kim,Kim,https://www.instagram.com/nomtastickim/,Social - Instagram,Video - TikTok,https://www.tiktok.com/@nomtastickim,,,,,Restaurants and bars,"Washington, DC",Lifestyle & Personal Life,Washington,DC,US,Mid-Atlantic,
Kim France,kim-france,Girls of a Certain Age,https://kimfrance.substack.com,Newsletter - Substack,,,,,,,"Culture, Lifestyle","Brooklyn, NY","Culture & Media, Lifestyle & Personal Life",Brooklyn,NY,US,Northeast,
Kim Iversen,kim-iversen,Kim Iversen,https://www.youtube.com/@KimIversen,Video - YouTube,Social - Twitter / X,https://x.com/KimIversenShow,Social - BlueSky,https://bsky.app/profile/kimiversen.bsky.social,,,"Politics, Foreign Policy",California - US,Power & Politics,,CA,US,West,
Kim Kelly,kim-kelly,Salvo,https://salvo.ghost.io,Newsletter - Ghost,Social - BlueSky,https://bsky.app/profile/kimkelly.bsky.social,,,,,"Labor/Workers Rights, Culture, History, Music","Philadelphia, PA","Money & Work, Culture & Media",Philadelphia,PA,US,Northeast,
Kim Zetter,kim-zetter,Zero Day,https://www.zetter-zeroday.com,Newsletter - Ghost,Social - BlueSky,https://bsky.app/profile/kimzetter.bsky.social,,,,,"Tech, National Security, Investigative",National - US,"Power & Politics, Money & Work, Journalism Formats",,,US,National,
King Demetrius Pendleton,king-demetrius-pendleton,Listen Media,https://listenmedia.org/,Website,Social - Instagram,https://www.instagram.com/kingdemetriuspendleton/,Social - LinkedIn,https://www.linkedin.com/in/kingdemetriuspendleton/,,,Immigration,"Minneapolis, MN",Social Issues,Minneapolis,MN,US,Midwest,
Kingsmill Bond,kingsmill-bond,The Electrotech Revolution,https://www.electrotech-revolution.com,Newsletter - Substack,Social - BlueSky,https://bsky.app/profile/kingsmillbond.bsky.social,,,,,Climate/Environment,"London, England",Science Health & Environment,London,England,,,
Kirbie Johnson,kirbie-johnson,Ahead of the Kirb,https://kirbie.substack.com,Newsletter - Substack,,,,,,,Beauty,"Los Angeles, CA",Lifestyle & Personal Life,Los Angeles,CA,US,West,
Kirk Hamilton,kirk-hamilton,Kirk's Notes,https://kirksnotes.com/,Newsletter - Substack,,,,,,,Culture,"Portland, OR",Culture & Media,Portland,OR,US,West,
Kissibo Hawali Baggett,kissibo-hawali-baggett,KHB Uganda,https://www.youtube.com/channel/UCD_xW7t6GY0v8RaXgq9Hx3A,Video - YouTube,Social - TikTok,https://www.tiktok.com/@khbuganda,,,,,"Government Accountability, Local, Crime",Uganda,"Power & Politics, Civic Life",,,,Uganda,Global_South_World
KJ Dell'Antonia,kj-dellantonia,KJ Dell'Antonia,https://kjdellantonia.com/,Website,,,,,,,Parenting,New Hampshire - US,Lifestyle & Personal Life,,NH,US,Northeast,Institute_for_Independent_Journalists
Kofie Yeboah,kofie-yeboah,Kofie,https://www.youtube.com/@KofieWhy,Video - YouTube,,,,,,,"Sports, Culture",National - US,"Culture & Media, Lifestyle & Personal Life",,,US,National,
Konstantin Kisin,konstantin-kisin,TRIGGERnometry,https://www.konstantinkisin.com,Newsletter - Substack,,,,,,,Culture,"London, UK",Culture & Media,London,,UK,International,
Kris De Decker,kris-de-decker,Low-Tech Magazine,https://www.lowtechmagazine.com/,Website,Patreon,https://www.patreon.com/lowtechmagazine,,,,,Tech,"Barcelona, Spain",Money & Work,Barcelona,,ES,International,
Kris McDaniel,kris-mcdaniel,LittleTechGirl,https://littletechgirl.com,Website,,,,,,,"Tech, Home, Design","Chicago, IL","Money & Work, Culture & Media, Lifestyle & Personal Life",Chicago,IL,US,Midwest,
Kristen Lopez,kristen-lopez,The Film Maven -- film criticism/journalism newsletter,https://thefilmmaven.com/,Newsletter - Ghost,,,,,,,Film/Movies,"Los Angeles, CA",Culture & Media,Los Angeles,CA,US,West,
Kristen Panthagani,kristen-panthagani,You Can Know Things,https://youcanknowthings.com,Newsletter - Substack,Social - BlueSky,https://bsky.app/profile/kmpanthagani.bsky.social,,,,,"Health/Wellness, Science",Connecticut - US,Science Health & Environment,,CT,US,Northeast,
Kristen Wile,kristen-wile,Unpretentious Palate,https://unpretentiouspalate.com,Website,,,,,,,"Food, Local","Charlotte, NC","Civic Life, Lifestyle & Personal Life",Charlotte,NC,US,South,
Kristin Hugo,kristin-hugo,,https://www.tiktok.com/@RollBones,Video - TikTok,,,,,,,Science,Wyoming - US,Science Health & Environment,,WY,US,West,
Kristin Kobes DuMez,kristin-kobes-dumez,Du Mez CONNECTIONS,https://kristindumez.substack.com,Newsletter - Substack,,,,,,,"Faith/Religion, Gender","Grand Rapids, MI",Social Issues,Grand Rapids,MI,US,Midwest,
Kristin Merrilees,kristin-merrilees,PHONE TIME,https://www.phonetime.news,Newsletter - Substack,,,,,,,Culture,,Culture & Media,,,,,
Kristin Vartan,kristin-vartan,Kristin Vartan,https://style-speaks.com/,Website,,,,,,,Fashion,"Sacramento, CA",Lifestyle & Personal Life,Sacramento,CA,US,West,Institute_for_Independent_Journalists
Kristina Cho,kristina-cho,,https://eatchofood.substack.com,Newsletter - Substack,Website,https://eatchofood.com,Social - Instagram,https://www.instagram.com/eatchofood/,Social - TikTok,https://www.tiktok.com/@eatchofood,Recipes,"San Francisco, CA",Lifestyle & Personal Life,San Francisco,CA,US,West,
Kristina Rodulfo,kristina-rodulfo,Pearl,https://kristinarodulfo.substack.com,Newsletter - Substack,,,,,,,Beauty,"New York, NY",Lifestyle & Personal Life,New York,NY,US,Northeast,
Kristy Drutman,kristy-drutman,browngirl_green,https://www.instagram.com/browngirl_green,Video - Instagram,,,,,,,"Climate/Environment, Tech","Los Angeles, CA","Science Health & Environment, Money & Work",Los Angeles,CA,US,West,
Krystal Ball,krystal-ball,Breaking Points,https://www.youtube.com/@breakingpoints,Video - YouTube,Social - BlueSky,https://bsky.app/profile/krystalball.bsky.social,,,,,Politics,Virginia - US,Power & Politics,,VA,US,South,
Krzysztof Stanowski,krzysztof-stanowski,Kanał Zero,https://www.youtube.com/@KanalZero,Video - YouTube,Social - Twitter / X,https://x.com/K_Stanowski,,,,,Politics,Poland,Power & Politics,,,PL,International,
Kyla Scanlon,kyla-scanlon,In This Economy?,https://www.instagram.com/kylascan,Video - TikTok,Social - BlueSky,https://bsky.app/profile/kyla.bsky.social,,,,,Finance/Economics,National - US,Money & Work,,,US,National,
Kyle Chan,kyle-chan,High Capacity,https://www.highcapacity.org,Newsletter - Substack,,,,,,,"Tech, World","Washington, DC","Money & Work, General News",Washington,DC,US,Mid-Atlantic,
Kyle Eberly,kyle-eberly,Sitreps to Steercos,https://www.instagram.com/sitreps2steercos,Video - Instagram,,,,,,,Careers,"Austin, TX",Money & Work,Austin,TX,US,South,
Kyle Hill,kyle-hill,Kyle Hill,https://www.youtube.com/@KyleHill,Video - YouTube,Social - BlueSky,https://bsky.app/profile/khill.bsky.social,,,,,Science,"Los Angeles, CA",Science Health & Environment,Los Angeles,CA,US,West,
Kyle Kulinski,kyle-kulinski,Secular Talk,https://www.youtube.com/@SecularTalk,Video - YouTube,,,,,,,Politics,"New York, NY",Power & Politics,New York,NY,US,Northeast,
Kyle Lybarger,kyle-lybarger,Kyle Lybarger,https://www.tiktok.com/@nativeplanttok,Video - TikTok,Video - Instagram,https://www.instagram.com/nativehabitatproject,,,,,"Climate/Environment, Explanatory",Alabama - US,"Science Health & Environment, Journalism Formats",,AL,US,South,
Kyle Mayers,kyle-mayers,WheelPrice,https://www.wheelprice.com/blog,Website,,,,,,,Finance/Economics,National - US,Money & Work,,,US,National,
Kyle Raymond Fitzpatrick,kyle-fitzpatrick,The Trend Report,https://1234kyle5678.substack.com/,Newsletter - Substack,,,,,,,Culture,,Culture & Media,,,,,
Kyle Tharp,kyle-tharp,Chaotic Era,https://www.chaoticera.news,Newsletter - Beehiiv,Social - BlueSky,https://bsky.app/profile/kylewilsontharp.bsky.social,,,,,Government Accountability,National - US,Power & Politics,,,US,National,
L'Oreal Payton,loreal-payton,L'Oreal Payton,https://ltinthecity.substack.com/,Newsletter - Substack,,,,,,,"Health/Wellness, Culture, Identity/Belonging",National - US,"Social Issues, Science Health & Environment, Culture & Media",,,US,National,Institute_for_Independent_Journalists
L.M. Sacasas,lm-sacasas,The Convivial Society,https://theconvivialsociety.substack.com,Newsletter - Substack,,,,,,,"Tech, Culture",National - US,"Money & Work, Culture & Media",,,US,National,
L0la L33tz,lla-ltz,The Rage -- financial-surveillance investigative newsletter,https://www.therage.co/,Newsletter - Ghost,,,,,,,Finance/Economics,,Money & Work,,,,,
La Pulla,la-pulla,La Pulla,https://www.youtube.com/@LaPulla,Video - YouTube,,,,,,,"Politics, Comedy",Colombia,"Power & Politics, Culture & Media",,,CO,International,
Laborontheline,laborontheline,"On the Line -- labor movement documentary project, worker interviews on strikes/organizing",https://www.tiktok.com/@laborontheline,Video - TikTok,,,,,,,Labor/Workers Rights,,Money & Work,,,,,
Lachlan Cartwright,lachlan-cartwright,Breaker Media,https://www.breakermedia.com,Newsletter - Beehiiv,Social - Twitter / X,https://x.com/LachCartwright,,,,,Media/Power,"New York, NY",Culture & Media,New York,NY,US,Northeast,
Lakshya Jain,lakshya-jain,Split Ticket,https://split-ticket.org/author/lakshyajain97/,Website,,,,,,,Politics,,Power & Politics,,,,,
Lamenuel Scales,lamenuel-scales,Hood News 75,https://www.instagram.com/hood_news_75,Video - Instagram,Video - TikTok,https://www.tiktok.com/@hood_news_75,,,,,"Local, Comedy","Cincinnati, OH","Civic Life, Culture & Media",Cincinnati,OH,US,Midwest,
Lance Lambert,lance-lambert,ResiClub,https://www.resiclub.com,Website,Social - Twitter / X,https://x.com/NewsLambert,,,,,Housing,"Cincinnati, OH",Civic Life,Cincinnati,OH,US,Midwest,
Landon Hustig,landon-hustig,Wichita Life,https://wichitalifeict.com/,Newsletter - Beehiiv,Social - Instagram,https://www.instagram.com/wichitalifeict,Social - Facebook,https://www.facebook.com/wichitalifeict,,,"Local, Things to Do, Food, Music","Wichita, KS","General News, Civic Life",Wichita,KS,US,Midwest,
Lanna,lanna,Lanna,https://www.instagram.com/eatdrinkdc/,Social - Instagram,Website,https://eatdrinkdc.com/,Social - Twitter / X,https://x.com/eatdrinkdc,Social - BlueSky,https://bsky.app/profile/lannazys.bsky.social,Restaurants and bars,"Washington, DC",Lifestyle & Personal Life,Washington,DC,US,Mid-Atlantic,
Latoya Allen,latoya-allen,The Strategy Files,https://thestrategyfiles.beehiiv.com,Newsletter - Beehiiv,,,,,,,Fashion,National - US,Lifestyle & Personal Life,,,US,National,
Latria Graham,latria-graham,Scratch,https://www.talkscratch.com,Newsletter - Other,,,,,,,Books/Writing,"Spartanburg, SC",Culture & Media,Spartanburg,SC,US,South,
Laura Amico,laura-amico,Scene in Boston,https://www.sceneinboston.org,Newsletter - Ghost,,,,,,,"Local, Entertainment/Hollywood, Culture","Boston, MA","Civic Life, Culture & Media",Boston,MA,US,Northeast,
Laura Angelina Hillstrom,laura-angelina-hillstrom,OurHyattsville,https://www.instagram.com/ourhyattsville/,Social - Instagram,,,,,,,Local,"Washington, DC",Civic Life,Washington,DC,US,Mid-Atlantic,
Laura Bassett,laura-bassett,Nightcap,https://www.laura-bassett.com,Newsletter - Other,Social - BlueSky,https://bsky.app/profile/lebassett.bsky.social,,,,,"Politics, Gender","Brooklyn, NY","Power & Politics, Social Issues",Brooklyn,NY,US,Northeast,
Laura Belin,laura-belin,BleedingHeartland,https://www.bleedingheartland.com,Website,Social - BlueSky,https://bsky.app/profile/laurarbelin.bsky.social,,,,,"Politics, Policy, Local, Government Accountability","Iowa, U.S.","Power & Politics, Civic Life",Iowa,U.S.,,,
Laura Fenton,laura-fenton,,https://laurafenton.substack.com/,Newsletter - Substack,Website,https://laura-fenton.com,,,,,Home,,Lifestyle & Personal Life,,,,,
Laura Jedeed,laura-jedeed,Firewalled Media,https://www.firewalledmedia.com,Newsletter - Substack,Social - Twitter / X,https://twitter.com/laurajedeed,,,,,Politics,National - US,Power & Politics,,,US,National,
Laura Lopez Gonzalez,laura-lopez-gonzalez,Laura Lopez Gonzalez,https://lauralopezgonzalez.press/,Website,,,,,,,Health/Wellness,"Johannesburg, South Africa",Science Health & Environment,Johannesburg,,ZA,International,Institute_for_Independent_Journalists
Laura O'Dea,laura-odea,"Laura O'Dea, M.A.",https://www.instagram.com/_lauraodea.ma,Video - Instagram,Video - TikTok,https://www.tiktok.com/@_lauraodea.ma,,,,,"Mental Health, Law/Legal Issues, Politics","San Diego, CA","Power & Politics, Science Health & Environment",San Diego,CA,US,West,
Laura Paskus,laura-paskus,Laura Paskus,https://laurapaskus215494.substack.com,Newsletter - Substack,Social - Twitter / X,https://twitter.com/laurapaskus,,,,,"Climate/Environment, Local, Government Accountability","New Mexico, U.S. ","Power & Politics, Civic Life, Science Health & Environment",New Mexico,U.S.,,,
Laura Reilly,laura-reilly,,https://www.magasin.ltd/,Newsletter - Substack,Social - Instagram,https://instagram.com/magasin.ltd,Social - Twitter / X,https://twitter.com/rauraleilly,,,Fashion,"New York, NY",Lifestyle & Personal Life,New York,NY,US,Northeast,
Laura Trevelyan,laura-trevelyan,The Exchange,https://www.noosphere.app/author/laura/,Website,Podcast,https://www.noosphere.app/the-exchange-with-laura-trevelyan-7/,,,,,"Human Rights, Foreign Policy, Politics",International,"Power & Politics, Social Issues",,,,International,
Laura Weffer Cifuentes,laura-weffer-cifuentes,Esta es la Cosa,https://estaeslacosa.com,Website,,,,,,,"Local, Politics, Government Accountability","Atlanta, GA","Power & Politics, Civic Life",Atlanta,GA,US,South,
Laurel Chor,laurel-chor,Laurel Chor,https://www.noosphere.app/author/laurel/,Video - Noosphere,Website,https://laurelchor.com,,,,,"Climate/Environment, Photography, Human Rights",Hong Kong,"Social Issues, Science Health & Environment, Culture & Media",,,HK,International,
Lauren,lauren-mamasandmesses,Mamas and Messes,https://www.instagram.com/mamasandmesses,Video - Instagram,,,,,,,Parenting,"Washington, DC",Lifestyle & Personal Life,Washington,DC,US,Mid-Atlantic,
Lauren Bright Pacheco,lauren-pacheco,"Wrongful Conviction, Symptomatic, Happy Face, Murder in Oregon/Illinois/Miami",https://laurenbrightpacheco.com/,Podcast,,,,,,,Finance/Economics,"New York, NY",Money & Work,New York,NY,US,Northeast,
Lauren Finney Harden,lauren-finney-harden,Lauren Finney Harden,https://www.instagram.com/laurenfinneyharden,Video - Instagram,,,,,,,"Fashion, Parenting, Day in a Life","Atlanta, GA","Journalism Formats, Lifestyle & Personal Life",Atlanta,GA,US,South,
Lauren Green,lauren-green,laurenoncapitolhill,https://www.instagram.com/laurenoncapitolhill/,Social - Instagram,Social - BlueSky,https://bsky.app/profile/laurengreennn.bsky.social,,,,,Fashion,"Washington, DC",Lifestyle & Personal Life,Washington,DC,US,Mid-Atlantic,
Lauren Vaccaro,lauren-vaccaro,,https://pastichebylauren.substack.com/,Newsletter - Substack,Social - Instagram,https://instagram.com/laurenmvaccaro,,,,,Art,,Culture & Media,,,,,
Laurie Collins,laurie-collins,DC City Girl,https://www.instagram.com/dccitygirl,Video - Instagram,,,,,,,Photography,"Washington, DC",Culture & Media,Washington,DC,US,Mid-Atlantic,
Laurie Garrett,laurie-garrett,Making Science Sense,https://lauregarrett.substack.com,Newsletter - Substack,Social - BlueSky,https://bsky.app/profile/lauriegarrett1.bsky.social,,,,,Health/Wellness,"New York, NY",Science Health & Environment,New York,NY,US,Northeast,
Lawrence Pintak,lawrence-pintak,Mystic Worldview with Lawrence Pintak,https://lawrencepintak.substack.com,Newsletter - Substack,,,,,,,"Faith/Religion, World","Washington, DC","Social Issues, General News",Washington,DC,US,Mid-Atlantic,
Lawrence Schlossman,lawrence-schlossman,Throwing Fits,https://www.throwingfits.com,Podcast,Video - Instagram,https://www.instagram.com/sartoriallyinc/?hl=en,,,,,Fashion,"New York, NY",Lifestyle & Personal Life,New York,NY,US,Northeast,
Lawson Brooks,lawson-brooks,,https://eighteenseventy.substack.com,Newsletter - Substack,,,,,,,Politics,,Power & Politics,,,,,
Leah Libresco Sargeant,leah-libresco-sargeant,Other Feminisms,https://otherfeminisms.substack.com,Newsletter - Substack,,,,,,,"Gender, Faith/Religion",National - US,Social Issues,,,US,National,
Leah Sottile,leah-sottile,The Western Edge,https://www.thewesternedge.media,Newsletter - Substack,Social - BlueSky,https://bsky.app/profile/leahsottile.bsky.social,,,,,"Local, Investigative","Portland, OR","Civic Life, Journalism Formats",Portland,OR,US,West,
Leah Stokes,leah-stokes,A Matter of Degrees,https://www.degreespod.com/,Podcast,Social - BlueSky,https://bsky.app/profile/leahstokes.bsky.social,,,,,Climate/Environment,"Santa Barbara, CA",Science Health & Environment,Santa Barbara,CA,US,West,
Leah Thomas,leah-thomas,Green Girl Leah,https://www.instagram.com/greengirlleah,Social - Instagram,,,,,,,Climate/Environment,"Los Angeles, CA",Science Health & Environment,Los Angeles,CA,US,West,
Lee Batdorff,lee-batdorff,Thorough Days,http://thoroughdays.com/author/thorough,Website,,,,,,,Local,"Cleveland Heights, OH",Civic Life,Cleveland Heights,OH,US,Midwest,Institute_for_Independent_Journalists
Lee Drutman,lee-drutman,Undercurrent Events,https://leedrutman.substack.com,Newsletter - Substack,Social - BlueSky,https://bsky.app/profile/leedrutman.bsky.social,,,,,Politics,"Washington, DC",Power & Politics,Washington,DC,US,Mid-Atlantic,
Lee Fang,lee-fang,Lee Fang,https://www.leefang.com,Newsletter - Substack,Social - Twitter / X,https://x.com/lhfang,Social - BlueSky,https://bsky.app/profile/leefang.bsky.social,,,"Investigative, Politics, Policy","San Francisco, CA","Power & Politics, Journalism Formats",San Francisco,CA,US,West,
Leeja Miller,leeja-miller,Leeja Miller,https://www.youtube.com/@LeejaMiller,Video - YouTube,Newsletter - Substack,https://leejamiller.substack.com/,Social - BlueSky,https://bsky.app/profile/leejamiller.bsky.social,,,"Law/Legal Issues, Media/Power","Minneapolis, MN","Power & Politics, Culture & Media",Minneapolis,MN,US,Midwest,
Leela Punyaratabandhu,leela-punyaratabandhu,,https://leela.substack.com,Newsletter - Substack,Website,https://leelapunyaratabandhu.com,Social - Instagram,https://instagram.com/leela.punya,,,Food,"Chicago, IL",Lifestyle & Personal Life,Chicago,IL,US,Midwest,
Leigh McGowan,leigh-mcgowan,PoliticsGirl,https://www.instagram.com/iampoliticsgirl/,Social - Instagram,Video - TikTok,https://www.tiktok.com/@iampoliticsgirl,,,,,Politics,"Los Angeles, CA",Power & Politics,Los Angeles,CA,US,West,
Lena Situations,lena-situations,Lena Situations,https://www.youtube.com/@LenaSituations,Video - YouTube,,,,,,,Fashion,France,Lifestyle & Personal Life,,,FR,International,
Lenny Rachitsky,lenny-rachitsky,Lenny's Podcast,https://www.youtube.com/@LennysPodcast,Video - YouTube,,,,,,,Tech,National - US,Money & Work,,,US,National,
Leo Aquino,leo-aquino,Leo Aquino,https://www.queerandtranswealth.org/,Website,,,,,,,"Personal Finance, LGBTQIA","Los Angeles, CA","Social Issues, Money & Work",Los Angeles,CA,US,West,Institute_for_Independent_Journalists
Leo Explains,leo-explains,Leo Explains,https://www.instagram.com/leoexplains10,Social - Instagram,,,,,,,"Politics, Foreign Policy",National - US,Power & Politics,,,US,National,
Leonardo Puglisi,leonardo-puglisi,Leonardo Puglisi,https://www.youtube.com/@6NewsAU,Video - YouTube,,,,,,,General News,Australia,General News,,,AU,International,
LeQwane Lynch,leqwane-lynch,Calder News,https://calder.news/,Newsletter - Other,,,,,,,Local,"Grand Rapids, Michigan",Civic Life,Grand Rapids,MI,US,Midwest,
Les Leopold,les-leopold,Wall Street's War on Workers,https://lesleopold.substack.com,Newsletter - Substack,,,,,,,"Labor/Workers Rights, Finance/Economics","New York, NY",Money & Work,New York,NY,US,Northeast,
Lewis Raven Wallace,lewis-wallace,The View from Somewhere,https://www.lewispants.com/,Podcast,,,,,,,Media/Power,"Durham, NC",Culture & Media,Durham,NC,US,South,
Lex Friedman,lex-friedman,,https://lexfriedman.com/newsletter/,Newsletter - Other,Website,https://lexfriedman.com/,,,,,Business,New Jersey - US,Money & Work,,NJ,US,Northeast,
Lex Roman,lex-roman,Journalists Pay Themselves,https://www.paidnewsletterplaybook.com,Newsletter - Beehiiv,,,,,,,Media/Power,National - US,Culture & Media,,,US,National,
Lia Haberman,lia-haberman,ICYMI,https://liahaberman.substack.com,Newsletter - Substack,Social - BlueSky,https://bsky.app/profile/liahaberman.bsky.social,,,,,"Tech, Media/Power, Internet Culture","Los Angeles, CA","Money & Work, Culture & Media",Los Angeles,CA,US,West,
Lia Newman,lia-newman,Lia Newman / @liaandtheworld,https://www.instagram.com/liaandtheworld,Social - Instagram,,,,,,,Climate/Environment,National - US,Science Health & Environment,,,US,National,
Liana Satenstein,liana-satenstein,,https://neverworns.substack.com,Newsletter - Substack,,,,,,,Fashion,,Lifestyle & Personal Life,,,,,
Libby Rasmussen,libby-rasmussen,Libby Living Colorfully,https://www.instagram.com/libbylivingcolorfully,Video - Instagram,Video - TikTok,https://www.tiktok.com/@libbylivingcolorfully,,,,,Culture,Virginia - US,Lifestyle & Personal Life,,VA,US,South,
Libby Ward,libby-ward,libbywardofficial,https://www.tiktok.com/@libbywardofficial,Video - TikTok,Video - Instagram,https://www.instagram.com/libbyward/,,,,,"Health/Wellness, Parenting",National - US,"Science Health & Environment, Lifestyle & Personal Life",,,US,National,
Lina Chawaf,lina-chawaf,Rozana Radio,https://www.linkedin.com/in/linachawaf,Social - LinkedIn,,,,,,,"World, Gender","Boston, MA","Social Issues, General News",Boston,MA,US,Northeast,
Lina Lecaro,lina-lecaro,Lina Lecaro,https://linalecaro.substack.com,Newsletter - Substack,Social - BlueSky,https://bsky.app/profile/linalecaro.bsky.social,,,,,"Entertainment/Hollywood, Music, Culture, Local, Things to Do","Los Angeles, CA","Civic Life, Culture & Media, Lifestyle & Personal Life",Los Angeles,CA,US,West,
Lincoln Mitchel,lincoln-mitchel,Counter Craft,https://countercraft.substack.com,Newsletter - Substack,,,,,,,Books/Writing,"New York, NY",Culture & Media,New York,NY,US,Northeast,
Linda H. Codega,linda-h-codega,Fansplaining,https://www.fansplaining.com,Website,,,,,,,Entertainment/Hollywood,"New York, NY",Culture & Media,New York,NY,US,Northeast,
Linda Samuel,linda-samuel,Linda Samuel,https://www.instagram.com/kidfriendlydc/,Social - Instagram,Website,https://www.kidfriendlydc.com/,Social - Facebook,https://www.facebook.com/kidfriendlydc/,,,Lifestyle,"Washington, DC",Lifestyle & Personal Life,Washington,DC,US,Mid-Atlantic,
Lindsay Gibbs,lindsay-gibbs,Power Plays,https://www.powerplays.news,Newsletter - Substack,Website,https://www.burnitalldownpod.com,Social - BlueSky,https://bsky.app/profile/lindsaygibbs.bsky.social,,,"Sports, Gender, Activism",North Carolina - US,"Social Issues, Lifestyle & Personal Life",,NC,US,South,
Lindsey Adler,lindsey-adler,Critical Thinking,https://lindseyadler.substack.com,Newsletter - Substack,,,,,,,Culture,"New York, NY",Culture & Media,New York,NY,US,Northeast,
Lindsey Danis,lindsey-danis,Queer Adventurers,https://queeradventurers.com,Website,Newsletter - Other,https://queer-adventurers.kit.com,,,,,"LGBTQIA, Things to Do",New York - US,"Social Issues, Lifestyle & Personal Life",,NY,US,Northeast,
Lindsey Stanberry,lindsey-stanberry,The Purse,https://www.thepurse.co,Newsletter - Ghost,,,,,,,"Personal Finance, Careers, Parenting","New York, NY","Money & Work, Lifestyle & Personal Life",New York,NY,US,Northeast,
Link Lauren,link-lauren,Link Lauren,https://www.tiktok.com/@itslinklauren,Video - TikTok,,,,,,,General News,National - US,General News,,,US,National,
Linnea Hoover,linnea-hoover,Linnea Hoover,https://linneahoover.com/,Website,,,,,,,World,Indonesia,General News,,,ID,International,Institute_for_Independent_Journalists
Lionel Page,lionel-page,,https://www.optimallyirrational.com,Newsletter - Substack,,,,,,,Finance/Economics,,Money & Work,,,,,
Lisa Bennett,lisa-bennett,Savor the World,https://lisabennett.substack.com,Newsletter - Substack,Website,https://lisabennettwrites.com,Social - BlueSky,https://bsky.app/profile/lisabennettwrites.bsky.social,,,"Climate/Environment, Positive News","San Francisco, CA","Science Health & Environment, General News",San Francisco,CA,US,West,
Lisa Graves,lisa-graves,Grave Injustice,https://graveinjustice.news,Newsletter - Substack,,,,,,,"Law/Legal Issues, Government Accountability","Washington, DC",Power & Politics,Washington,DC,US,Mid-Atlantic,
Lisa Morris,lisa-morris,Lisa Morris,https://www.instagram.com/occasionallyluxe/,Social - Instagram,Website,https://occasionallyluxe.com/,Video - TikTok,https://www.tiktok.com/@occasionallyluxe,Social - BlueSky,https://bsky.app/profile/lmorris-author.bsky.social,Travel,"Washington, DC",Lifestyle & Personal Life,Washington,DC,US,Mid-Atlantic,
Lisa Remillard,lisa-remillard,The News Girl,https://www.tiktok.com/@lisaremillard,Video - TikTok,,,,,,,Government Accountability,National - US,Power & Politics,,,US,National,
Liz Carlson,liz-carlson,Young Adventuress,https://youngadventuress.com/,Website,Social - Instagram,https://www.instagram.com/youngadventuress/,Social - BlueSky,https://bsky.app/profile/lizcarlsonart.bsky.social,,,Travel,"Wānaka, New Zealand",Lifestyle & Personal Life,Wānaka,,NZ,International,
Liz Cook,liz-cook,,https://haterade.substack.com,Newsletter - Substack,Social - Instagram,https://instagram.com/lizcookkc,Social - Twitter / X,https://x.com/lizcookkc,,,Restaurants and bars,"Kansas City, MO",Lifestyle & Personal Life,Kansas City,MO,US,Midwest,
Liz Dunn,liz-dunn,Consumed,https://consumed.substack.com,Newsletter - Substack,,,,,,,"Food, Policy",National - US,"Power & Politics, Lifestyle & Personal Life",,,US,National,
Liz Franczak,liz-franczak,TrueAnon Podcast,https://podcast.trueanon.com/,Podcast,Patreon,https://www.patreon.com/cw/TrueAnonPod,,,,,"Government Accountability, Media/Power",National - US,"Power & Politics, Culture & Media",,,US,National,
Liz Neeley,liz-neeley,Meeting the Moment,https://buttondown.email/liminalcreations,Newsletter - Buttondown,Social - BlueSky,https://bsky.app/profile/lizneeley.bsky.social,,,,,"Science, Education, Politics, Climate/Environment, Explanatory",National - US,"Power & Politics, Civic Life, Science Health & Environment, Journalism Formats",,,US,National,
Liz Pak,liz-pak,Liz Pak,https://www.tiktok.com/@ourlovelypak,Social - TikTok,Social - Instagram,https://www.instagram.com/ourlovelypak/,,,,,Lifestyle,"Washington, DC",Lifestyle & Personal Life,Washington,DC,US,Mid-Atlantic,
Liz Plank,liz-plank,Airplane Mode,https://lizplank.substack.com,Newsletter - Substack,Video - Instagram,https://www.instagram.com/feministabulous,,,,,"Dating/Romance, Gender","New York, NY","Social Issues, Lifestyle & Personal Life",New York,NY,US,Northeast,
Lola Ajayi,lola-ajayi,LifeWithLeauxla,https://www.instagram.com/lifewithleauxla/,Social - Instagram,Video - TikTok,https://www.tiktok.com/@lifewithleauxla,,,,,Lifestyle,"Washington, DC",Lifestyle & Personal Life,Washington,DC,US,Mid-Atlantic,
Long Island Wise Guy,long-island-wise-guy,Long Island Wise Guy,https://www.instagram.com/longislandwiseguy,Video - Instagram,,,,,,,"Comedy, Local","New York, NY","Civic Life, Culture & Media",New York,NY,US,Northeast,
Lorraine Adams,lorraine-adams,Lorraine Adams,https://lorraineadams1.substack.com,Newsletter - Substack,,,,,,,General News,"New York, NY",General News,New York,NY,US,Northeast,
Louay Cherni,louay-cherni,Must Last / ابو يحيى,https://www.instagram.com/louay.cherni,Video - Instagram,Social - Facebook,https://www.facebook.com/louay.cherni,,,,,"Politics, History, Finance/Economics",Tunisia,"Power & Politics, Money & Work, Culture & Media",,,TN,International,
Louie Woodall,louie-woodall,Climate Proof,https://www.climateproof.news,Newsletter - Beehiiv,Social - BlueSky,https://bsky.app/profile/louiewoodall.bsky.social,,,,,Climate/Environment,Alabama - US,Science Health & Environment,,AL,US,South,
Louis Rossmann,louis-rossmann,Louis Rossmann,https://www.youtube.com/@rossmanngroup,Video - YouTube,Social - BlueSky,https://bsky.app/profile/louisrossmann.bsky.social,,,,,Tech,"Austin, TX",Money & Work,Austin,TX,US,South,
Luc Clément,luc-clement,SUDNLY,http://sudnly.fr,Website,,,,,,,"Design, Art, Culture, Architecture, Lifestyle","Nice, France","Culture & Media, Lifestyle & Personal Life",Nice,,FR,International,
Lucas Amin,lucas-amin,Democracy for Sale,https://democracyforsale.substack.com,Newsletter - Substack,Social - BlueSky,https://bsky.app/profile/lucasamin.bsky.social,,,,,"Investigative, Politics, Government Accountability",United Kingdom,"Power & Politics, Journalism Formats",,,GB,International,
Lucian K. Truscott IV,lucian-truscott,,https://luciantruscott.substack.com/,Newsletter - Substack,,,,,,,Politics,,Power & Politics,,,,,
Lucy Blakiston,lucy-blakiston,Shit You Should Care About,https://www.instagram.com/shityoushouldcareabout,Video - Instagram,,,,,,,"Explanatory, General News",New Zealand,"General News, Journalism Formats",,,NZ,International,
Lucy Ritzmann,lucy-ritzmann,FWIW,https://www.fwiw.news,Newsletter - Substack,,,,,,,Politics,National - US,Power & Politics,,,US,National,
Luis Chaparro,luis-chaparro,Pie de Nota,https://www.tiktok.com/@pie.de.nota,Video - TikTok,Video - YouTube,https://www.youtube.com/@piedenota,Social - Instagram,https://www.instagram.com/pie_de_nota/,,,"Investigative, World","El Paso, TX","General News, Journalism Formats",El Paso,TX,US,South,
Lukas Ziegler,lukas-ziegler,we all are robots,https://ziegler.substack.com/,Newsletter - Substack,,,,,,,Tech,,Money & Work,,,,,
Luke Beasley,luke-beasley,The Luke Beasley Show,https://www.lukebeasleyshow.com/,Video - YouTube,,,,,,,Politics,,Power & Politics,,,,,
Luke McFadden,luke-mcfadden,F.V. Southern Girl,https://www.tiktok.com/@fvsoutherngirl,Video - TikTok,,,,,,,"Food, Local, Day in a Life",Maryland - US,"Civic Life, Journalism Formats, Lifestyle & Personal Life",,MD,US,South,
Luke O'Neil,luke-oneil,Welcome to Hell World,https://www.welcometohellworld.com,Newsletter - Ghost,Social - Twitter / X,https://twitter.com/lukeoneil47,,,,,Politics,Massachusetts - US,Power & Politics,,MA,US,Northeast,
Luke Savage,luke-savage,Luke Savage,https://www.lukewsavage.com,Newsletter - Substack,,,,,,,Politics,"Toronto, Canada",Power & Politics,Toronto,,CA,International,
Luppe B. Luppen,luppe-luppen,,https://bsky.app/profile/nycsouthpaw.bsky.social,Social - BlueSky,,,,,,,Law/Legal Issues,"New York, NY",Power & Politics,New York,NY,US,Northeast,
Lyall Mabin,lyall-mabin,Sustainable Jungle,https://www.sustainablejungle.com,Website,Newsletter - Substack,https://sustainablejungle.substack.com/,Podcast,https://sustainablejungle.podbean.com/,,,Climate/Environment,New Zealand,Science Health & Environment,,,NZ,International,
Lyanne Alfaro,lyanne-alfaro,Moneda Moves,https://www.monedamoves.com,Newsletter - Substack,,,,,,,Business,"Chicago, IL",Money & Work,Chicago,IL,US,Midwest,
Lynn Brown,lynn-brown,Lynn Brown,https://hiddenhistorytravels.substack.com/,Newsletter - Substack,,,,,,,"Travel, History",National - US,"Culture & Media, Lifestyle & Personal Life",,,US,National,Institute_for_Independent_Journalists
Lynn Ngugi,lynn-ngugi,Lynn Ngugi Network,https://youtube.com/@LynnNgugi,Video - YouTube,Social - BlueSky,https://bsky.app/profile/lynnngugi.bsky.social,,,,,"Human Rights, Identity/Belonging, Law/Legal Issues",Kenya,"Power & Politics, Social Issues",,,KE,International,
Lyz Lenz,lyz-lenz,Lyz,https://lyz.substack.com,Newsletter - Substack,Video - Instagram,https://www.instagram.com/lyzlenz/?hl=en,,,,,"Gender, Politics, Culture","Iowa, U.S.","Power & Politics, Social Issues, Culture & Media",Iowa,U.S.,,,
M. Nolan Gray,m-nolan-gray,Arbitrary Lines,https://mnolangray.substack.com,Newsletter - Substack,Social - BlueSky,https://bsky.app/profile/mnolangray.bsky.social,,,,,"Policy, Urban Planning",California - US,"Power & Politics, Civic Life",,CA,US,West,
M.G. Siegler,mg-siegler,500ish,https://spyglass.org,Website,Social - BlueSky,https://bsky.app/profile/mgsiegler.com,,,,,Tech,United Kingdom,Money & Work,,,GB,International,
Mabel Kabani,mabel-kabani,NEWSGIRLS,https://www.instagram.com/newsgirls.reports,Video - Instagram,Social - BlueSky,https://bsky.app/profile/mabelkabani.bsky.social,,,,,"General News, Politics","New York, NY","Power & Politics, General News",New York,NY,US,Northeast,
Mac Cumpian,mac-cumpian,Mac Facts NYC,https://www.instagram.com/macfactsnyc,Video - Instagram,Video - TikTok,https://www.tiktok.com/@macfactsnyc,,,,,"Museums, Things to Do","New York, NY","Culture & Media, Lifestyle & Personal Life",New York,NY,US,Northeast,
Maddie Brannon,maddie-brannon,maddy the b,https://www.instagram.com/maddytheb,Video - Instagram,Video - TikTok,https://www.tiktok.com/@maddytheb,,,,,Lifestyle,"Washington, DC",Lifestyle & Personal Life,Washington,DC,US,Mid-Atlantic,
Maddie Smith,maddie-smith,On The Move with Mad,https://www.instagram.com/onthemovewithmad,Video - Instagram,,,,,,,"Travel, Things to Do","Washington, DC",Lifestyle & Personal Life,Washington,DC,US,Mid-Atlantic,
Maddy Myers,maddy-myers,Mothership,https://www.mothership.blog,Newsletter - Ghost,Social - BlueSky,https://bsky.app/profile/midimyers.com,,,,,"Games/Gaming, Gender",National - US,"Social Issues, Culture & Media",,,US,National,
Madeline Hill,madeline-hill,Sports Gossip Show,https://www.sportsgossipshow.com,Newsletter - Substack,Social - BlueSky,https://bsky.app/profile/madelinehill.bsky.social,,,,,Sports,"Los Angeles, CA",Lifestyle & Personal Life,Los Angeles,CA,US,West,
Madeline Pendleton,madeline-pendleton,Madeline Pendleton,https://www.tiktok.com/@madeline_pendleton,Video - TikTok,Podcast,https://open.spotify.com/show/6Ql5BxtaXJMh4rfGvz9zyH,,,,,"Politics, Business, Personal Finance","New York, NY","Power & Politics, Money & Work",New York,NY,US,Northeast,
Magdalene,magdalene,Magdalene,https://www.instagram.com/dinewithmags/,Social - Instagram,Video - TikTok,https://www.tiktok.com/@dinewithmags,,,,,Restaurants and bars,"Washington, DC",Lifestyle & Personal Life,Washington,DC,US,Mid-Atlantic,
Maggie Fox,maggie-fox,Maggie Fox,https://maggiefox.substack.com,Newsletter - Substack,,,,,,,Health/Wellness,"Washington, DC",Science Health & Environment,Washington,DC,US,Mid-Atlantic,
Maggie Freleng,maggie-freleng,"Wrongful Conviction with Maggie Freleng, Pulitzer Prize winner (Suave, PRX)",https://maggiefreleng.substack.com/,Newsletter - Substack,,,,,,,Criminal Justice,"New York, NY",Social Issues,New York,NY,US,Northeast,
Maggie Hennessy,maggie-hennessy,,https://maggieslittlestories.substack.com,Newsletter - Substack,Website,https://maggiehennessy.com,Social - Instagram,https://instagram.com/edible_words,,,Food,"Chicago, IL",Lifestyle & Personal Life,Chicago,IL,US,Midwest,
Maggie Hoffman,maggie-hoffman,,https://thedinnerplan.substack.com,Newsletter - Substack,Podcast,https://podcasts.apple.com/us/podcast/the-dinner-plan/id1769201553,,,,,Recipes,,Lifestyle & Personal Life,,,,,
Maggie Mertens,maggie-mertens,Scratch,https://www.talkscratch.com,Newsletter - Other,,,,,,,Books/Writing,"Seattle, WA",Culture & Media,Seattle,WA,US,West,
Maggie Sellers Reum,maggie-sellers-reum,Hot Smart Rich,https://hotsmartrich.com,Website,Video - TikTok,https://www.tiktok.com/@maggiesellersreum,,,,,"Business, Personal Finance",National - US,Money & Work,,,US,National,
Maggie Smith,maggie-smith,,https://maggiesmith.substack.com,Newsletter - Substack,Website,https://maggiesmithpoet.com,,,,,Books/Writing,,Culture & Media,,,,,
Magnolia McKay,magnolia-mckay,Magnolia McKay,https://postpurityproject.wordpress.com/,Website,,,,,,,Faith/Religion,National - US,Social Issues,,,US,National,Institute_for_Independent_Journalists
Mahira Rivers,mahira-rivers,Mahira Rivers,https://sweetcity.substack.com/,Newsletter - Substack,,,,,,,Restaurants and bars,National - US,Lifestyle & Personal Life,,,US,National,Institute_for_Independent_Journalists
Maia Mindel,maia-mindel,Some Unpleasant Arithmetic,https://someunpleasant.substack.com/,Newsletter - Substack,,,,,,,Finance/Economics,Argentina,Money & Work,,,AR,International,
Malcolm Fleschner,malcolm-fleschner,,https://malcolmfleschner.substack.com/,Newsletter - Substack,,,,,,,Comedy,,Culture & Media,,,,,
Malia Yoshioka,malia-yoshioka,Shoyu Sugar,https://www.shoyusugar.com/hawaii,Website,Video - Instagram,https://www.instagram.com/MaliaYoshioka,Social - BlueSky,https://bsky.app/profile/maliayoshioka.bsky.social,Video - YouTube,https://www.youtube.com/@MaliaYoshioka,"Travel, Health/Wellness","Las Vegas, NV","Science Health & Environment, Lifestyle & Personal Life",Las Vegas,NV,US,West,
Mandy Hofmockel,mandy-hofmockel,,https://journojobs.substack.com,Newsletter - Substack,Social - Twitter / X,https://x.com/mandyhofmockel,,,,,Careers,,Money & Work,,,,,
Manjula Martin,manjula-martin,Scratch,https://www.talkscratch.com,Newsletter - Other,,,,,,,Books/Writing,"San Francisco, CA",Culture & Media,San Francisco,CA,US,West,
Manuela Camacho,manuela-camacho,Dilo Fuerte / Sexo Con Sentido,https://www.instagram.com/dilofuerteoficial,Social - Instagram,Social - TikTok,https://www.tiktok.com/@manuela.camacho,,,,,"Gender, Health/Wellness",Peru,"Social Issues, Science Health & Environment",,,PE,International,Global_South_World
Mara Einstein,mara-einstein,Mara Einstein,https://www.drmaraeinstein.com/podcast,Website,,,,,,,Media/Power,National - US,Culture & Media,,,US,National,Institute_for_Independent_Journalists
Marc Elias,marc-elias,Democracy Docket,https://www.youtube.com/@democracydocket,Video - YouTube,,,,,,,"Politics, Government Accountability","Washington, DC",Power & Politics,Washington,DC,US,Mid-Atlantic,
Marc Rubinstein,marc-rubinstein,Net Interest,https://www.netinterest.co,Newsletter - Substack,Social - BlueSky,https://bsky.app/profile/marcruby.bsky.social,,,,,Finance/Economics,United Kingdom,Money & Work,,,GB,International,
Marcel Dirsus,marcel-dirsus,The Hundred,https://thehundred.substack.com,Newsletter - Substack,,,,,,,Politics,,Power & Politics,,,,,
Marcela Trejo,marcela-trejo,Focos,https://youtube.com/@focostv,Video - YouTube,,,,,,,"Politics, Climate/Environment",El Salvador,"Power & Politics, Science Health & Environment",,,SV,International,
Marcia Gagliardi,marcia-gagliardi,tablehopper -- solo SF restaurant/bar industry newsletter since 2006,https://tablehopper.com/,Newsletter - Ghost,,,,,,,Media/Power,"San Francisco, CA",Culture & Media,San Francisco,CA,US,West,
Marcus Cleaver,marcus-cleaver,UK Law Weekly,https://uklawweekly.substack.com/,Newsletter - Substack,Podcast,https://uklawweekly.com,Video - YouTube,https://www.youtube.com/@marcuscleaver,Social - BlueSky,https://bsky.app/profile/marcuscleaver.bsky.social,Law/Legal Issues,United Kingdom,Power & Politics,,,GB,International,
Marcy Wheeler,marcy-wheeler,emptywheel,https://www.emptywheel.net,Website,,,,,,,National Security,Ireland,Power & Politics,,,IE,International,
Margaret Sullivan,margaret-sullivan,American Crisis,https://margaretsullivan.substack.com,Newsletter - Substack,Social - Twitter / X,https://x.com/Sulliview,Social - BlueSky,https://bsky.app/profile/sulliview.bsky.social,,,Media/Power,"New York, NY",Culture & Media,New York,NY,US,Northeast,
Margot De Broglie,margot-de-broglie,Conversations on Money,https://www.instagram.com/margotdebroglie,Video - Instagram,,,,,,,"Finance/Economics, Culture",United Kingdom,"Money & Work, Culture & Media",,,GB,International,
Maria,maria-nextstop,Maria,https://www.instagram.com/mariasnextstop/,Social - Instagram,Video - TikTok,https://www.tiktok.com/@mariasnextstop,,,,,Restaurants and bars,"Washington, DC",Lifestyle & Personal Life,Washington,DC,US,Mid-Atlantic,
Maria,maria-grubs,Maria,https://www.instagram.com/travelingforgrubs/,Social - Instagram,Video - TikTok,https://www.tiktok.com/@travelingforgrubs,,,,,Restaurants and bars,"Washington, DC",Lifestyle & Personal Life,Washington,DC,US,Mid-Atlantic,
Maria Bastasch,maria-bastasch,Maria Bastasch,https://www.instagram.com/maria.bastasch/,Social - Instagram,Website,http://mariabastasch.com/?utm_source=ig&utm_medium=social&utm_content=link_in_bio&fbclid=PAZXh0bgNhZW0CMTEAc3J0YwZhcHBfaWQMMjU2MjgxMDQwNTU4AAGnsReZF_QsXNhTQmqENNilhc9fJyH1qLSipUkdWZ_mvDBcoDivbtzdY_rMb8E_aem_3N_JkUyDQ-_E2MnKZp33tg,,,,,Restaurants and bars,"Washington, DC",Lifestyle & Personal Life,Washington,DC,US,Mid-Atlantic,
Maria Hinojosa,maria-hinojosa,Futuro Media,https://futuromediagroup.org,Website,,,,,,,"Immigration, Identity/Belonging","New York, NY",Social Issues,New York,NY,US,Northeast,
Maria Kim,maria-kim,Maria Kim,https://www.instagram.com/mksfavoritethings/,Social - Instagram,Video - TikTok,https://www.tiktok.com/@mksfavoritethings,,,,,Restaurants and bars,"Washington, DC",Lifestyle & Personal Life,Washington,DC,US,Mid-Atlantic,
Mariame Kaba,mariame-kaba,,https://prisonculture.substack.com,Newsletter - Substack,,,,,,,Criminal Justice,,Social Issues,,,,,
Marian Bull,marian-bull,Mess Hall,https://marianbull.substack.com/,Newsletter - Substack,,,,,,,Food,"Brooklyn, NY",Lifestyle & Personal Life,Brooklyn,NY,US,Northeast,
Mariana Antaya,mariana-antaya,AI Product House,https://quantifai.beehiiv.com,Newsletter - Beehiiv,Video - YouTube,https://www.youtube.com/channel/UCeghCQflbMfZ3kAfrmSN5Zw,,,,,Tech,"New York, NY",Money & Work,New York,NY,US,Northeast,
Marianna Limas,marianna-limas,Science Writing,https://sciencewriting.substack.com,Newsletter - Substack,Social - BlueSky,https://bsky.app/profile/mnlimas.bsky.social,,,,,"Science, Careers, Architecture",Brazil,"Science Health & Environment, Money & Work, Culture & Media",,,BR,International,
Marianne Dhenin,marianne-dhenin,Marianne Dhenin,https://newsletter.mariannedhenin.com,Newsletter - Ghost,Social - BlueSky,https://bsky.app/profile/mariannedhe.bsky.social,,,,,"Activism, Labor/Workers Rights",National - US,"Social Issues, Money & Work",,,US,National,
Mariel Garza,mariel-garza,Golden State,golden-state.org,Website,Social - BlueSky,https://bsky.app/profile/marielgarza.bsky.social,Newsletter - Substack,https://goldenstatereport.substack.com/,,,"Identity/Belonging, Culture","Paris, France","Social Issues, Culture & Media",Paris,,FR,International,
Marina Mogilko,marina-mogilko,Silicon Valley Girl,https://www.youtube.com/@SiliconValleyGirl,Video - YouTube,Video - Instagram,https://www.instagram.com/siliconvalleygirl/,,,,,"Explanatory, Tech","San Francisco, CA","Money & Work, Journalism Formats",San Francisco,CA,US,West,
Mario Gabriele,mario-gabriele,The Generalist,https://www.readthegeneralist.com,Website,Podcast,https://www.youtube.com/@TheGeneralistPodcast,,,,,Finance/Economics,"New York, NY",Money & Work,New York,NY,US,Northeast,
Marion Nestle,marion-nestle,Food Politics,https://www.foodpolitics.com,Website,Social - BlueSky,https://bsky.app/profile/marionnestle.bsky.social,,,,,Food,"New York, NY",Lifestyle & Personal Life,New York,NY,US,Northeast,
Marisa Kabas,marisa-kabas,The Handbasket,https://www.thehandbasket.co,Newsletter - Beehiiv,Social - BlueSky,https://bsky.app/profile/marisakabas.bsky.social,,,,,Government Accountability,National - US,Power & Politics,,,US,National,
Marissa,marissa,Marissa,https://www.instagram.com/marissa.daily/,Social - Instagram,Video - TikTok,https://www.tiktok.com/@marissa.daily,,,,,Travel,"Washington, DC",Lifestyle & Personal Life,Washington,DC,US,Mid-Atlantic,
Marissa Braswell ,marissa-braswell,Marissa Kerri,https://www.tiktok.com/@marissa__kerri,Video - TikTok,,,,,,,"Culture, Identity/Belonging",New Jersey - US,"Social Issues, Culture & Media",,NJ,US,Northeast,
Marissa Lovell,marissa-lovell,From Boise,https://fromboise.com,Website,Podcast,https://open.spotify.com/show/6I7HKhg8nj5tiNJhssnYRq,,,,,Local,"Boise, ID",Civic Life,Boise,ID,US,West,
Mark Alan Andre,mark-alan-andre,Mark Alan Andre,https://www.instagram.com/markalanandre/,Social - Instagram,Website,https://markalanandre.com/,Social - BlueSky,https://bsky.app/profile/markalanandre.bsky.social,,,Photography,"Washington, DC",Culture & Media,Washington,DC,US,Mid-Atlantic,
Mark Bittman,mark-bittman,The Bittman Project,https://bittmanproject.substack.com,Newsletter - Substack,,,,,,,"Food, Health/Wellness, Labor/Workers Rights",New York - US,"Science Health & Environment, Money & Work, Lifestyle & Personal Life",,NY,US,Northeast,
Mark Bowden,mark-bowden,The Behavior Panel,https://www.youtube.com/@TheBehaviorPanel,Video - YouTube,,,,,,,"Politics, General News, Crime",National - US,"Power & Politics, Civic Life, General News",,,US,National,
Mark Hertling,mark-hertling,Hertling's Analysis,https://markhertling.substack.com,Newsletter - Substack,Social - BlueSky,https://bsky.app/profile/markhertling.bsky.social,,,,,"National Security, History","Orlando, FL","Power & Politics, Culture & Media",Orlando,FL,US,South,
Mark Horvath,mark-horvath,Invisible People,https://invisiblepeople.tv,Video - YouTube,Website,https://invisiblepeople.tv,,,,,Housing,"Los Angeles, CA",Civic Life,Los Angeles,CA,US,West,
Mark Jacob,mark-jacob,Stop the Presses,https://www.stopthepresses.news,Newsletter - Substack,Social - BlueSky,https://bsky.app/profile/markjacob.bsky.social,,,,,Media/Power,"Chicago, IL",Culture & Media,Chicago,IL,US,Midwest,
Mark Langowski,mark-langowski,Body By Mark,https://www.instagram.com/bodybymark,Video - Instagram,Video - TikTok,https://www.tiktok.com/@bodybymark,,,,,"Health/Wellness, Fitness",National - US,"Science Health & Environment, Lifestyle & Personal Life",,,US,National,
Mark Manson,mark-manson,Subtle Art of Not Giving a F*ck,https://markmanson.net/podcast,Podcast,,,,,,,Explanatory,California - US,Journalism Formats,,CA,US,West,
Mark Mendez,mark-mendez,,https://markmendez.substack.com,Newsletter - Substack,,,,,,,Food,"Chicago, IL",Lifestyle & Personal Life,Chicago,IL,US,Midwest,
Mark Simon,mark-simon,The Journalism Salute,https://pod.link/journalismsalute,Podcast,Social - BlueSky,https://bsky.app/profile/marksimon.bsky.social,,,,,Media/Power,Pennsylvania - US,Culture & Media,,PA,US,Northeast,
Mark Trahant,mark-trahant,Mark Trahant,https://marktrahant.substack.com,Newsletter - Substack,,,,,,,"Identity/Belonging, Policy","Phoenix, AZ","Power & Politics, Social Issues",Phoenix,AZ,US,West,
Mark Zuckerman,mark-zuckerman,Nats Journal,https://natsjournal.com,Newsletter - Substack,Social - BlueSky,https://bsky.app/profile/markzuckerman.bsky.social,,,,,Sports,"Washington, DC",Lifestyle & Personal Life,Washington,DC,US,Mid-Atlantic,
Marques Brownlee,marques-brownlee,MKBHD,https://www.youtube.com/@marquesbrownlee,Video - YouTube,Social - BlueSky,https://bsky.app/profile/mkbhd.mbdio.uk,,,,,Tech,"New York, NY",Money & Work,New York,NY,US,Northeast,
Marquise Davon,marquise-davon,This American Negro,http://www.marquisedavon.com,Newsletter - Substack,,,,,,,Culture,"Philadelphia, PA",Culture & Media,Philadelphia,PA,US,Northeast,
Martin Wong,martin-wong,Autonomous Econ,https://autonomousecon.substack.com/,Newsletter - Substack,,,,,,,Finance/Economics,,Money & Work,,,,,
Marton Barcza,marton-barcza,TechAltar,https://www.youtube.com/@TechAltar,Video - YouTube,,,,,,,Tech,Germany,Money & Work,,,DE,International,
Mary L. Trump,mary-trump,,https://www.marytrump.org/,Newsletter - Substack,Video - YouTube,https://www.youtube.com/@MaryTrumpMedia,Social - Twitter / X,https://x.com/MaryLTrump,,,Politics,,Power & Politics,,,,,
MaryRose Denton,maryrose-denton,MaryRose Denton,https://merakitravels.org/,Website,,,,,,,Travel,National - US,Lifestyle & Personal Life,,,US,National,Institute_for_Independent_Journalists
Mason Currey,mason-currey,Subtle Maneuvers,https://masoncurrey.substack.com,Newsletter - Substack,,,,,,,Art,"Los Angeles, CA",Culture & Media,Los Angeles,CA,US,West,
Masuma Ahuja,masuma-ahuja,Future Possible,https://futurepossible.substack.com,Newsletter - Substack,,,,,,,"Finance/Economics, Tech","Dubai, United Arab Emirates",Money & Work,Dubai,,AE,International,
Mat Edelson,mat-edelson,Mat Edelson,https://matedelson.com,Website,,,,,,,"Health/Wellness, Science, Sports",National - US,"Science Health & Environment, Lifestyle & Personal Life",,,US,National,Institute_for_Independent_Journalists
Matej Lancaric,matej-lancaric,Brutally Honest,https://lancaric.substack.com/,Newsletter - Substack,,,,,,,Finance/Economics,,Money & Work,,,,,
Mathew Ingram,mathew-ingram,Mathew Ingram,https://torment-nexus.mathewingram.com,Newsletter - Ghost,,,,,,,"Tech, Media/Power",Canada,"Money & Work, Culture & Media",,,CA,International,
Matika Wilbur,matika-wilbur,All My Relations Podcast,https://www.allmyrelationspodcast.com,Podcast,,,,,,,"Culture, Identity/Belonging","Seattle, WA","Social Issues, Culture & Media",Seattle,WA,US,West,
Matt,matt-remote-queer,Remote Queer,https://remotequeer.co,Newsletter - Ghost,,,,,,,"Travel, LGBTQIA",Australia,"Social Issues, Lifestyle & Personal Life",,,AU,International,
Matt Bernstein,matt-bernstein,mattxiv,https://www.instagram.com/mattxiv,Video - Instagram,,,,,,,"LGBTQIA, Politics, Internet Culture","New York, NY","Power & Politics, Social Issues, Culture & Media",New York,NY,US,Northeast,
Matt Binder,matt-binder,Matt Binder,https://www.youtube.com/@MattBinder,Video - YouTube,Social - BlueSky,https://bsky.app/profile/mattbinder.bsky.social,,,,,"Culture, Politics","New York, NY","Power & Politics, Culture & Media",New York,NY,US,Northeast,
Matt Brown,matt-brown,Extra Points,https://www.extrapointsmb.com,Newsletter - Beehiiv,Social - BlueSky,https://bsky.app/profile/mattbrown.bsky.social,,,,,Sports,"Chicago, IL",Lifestyle & Personal Life,Chicago,IL,US,Midwest,
Matt Buxton,matt-buxton,The Alaska Memo,www.akmemo.com,Newsletter - Other,,,,,,,"Politics, Local",Alaska - US,"Power & Politics, Civic Life",,AK,US,West,
Matt Cameron,matt-cameron,DEPORTNATION,https://deportnation.com,Newsletter - Substack,Social - BlueSky,https://bsky.app/profile/mattcameron.bsky.social,,,,,"Immigration, Law/Legal Issues","Boston, MA","Power & Politics, Social Issues",Boston,MA,US,Northeast,
Matt Ferrell,matt-ferrell,Undecided with Matt Ferrell,https://www.youtube.com/@UndecidedMF,Video - YouTube,Social - BlueSky,https://bsky.app/profile/mattferrell.bsky.social,,,,,Tech,Massachussetts - US,Money & Work,,Massachussetts,US,,
Matt Gurney,matt-gurney,The Line,https://www.readtheline.ca,Newsletter - Substack,,,,,,,Politics,"Toronto, Canada",Power & Politics,Toronto,,CA,International,
Matt Kiser,matt-kiser,WTF Just Happened Today?,https://whatthefuckjusthappenedtoday.com,Newsletter - Other,Social - BlueSky,https://bsky.app/profile/mattkiser.bsky.social,,,,,Government Accountability,National - US,Power & Politics,,,US,National,
Matt Laslo,matt-laslo,Ask a Pol,https://www.askapolpolitics.com,Newsletter - Substack,,,,,,,Politics,"Washington, DC",Power & Politics,Washington,DC,US,Mid-Atlantic,
Matt Lieb,matt-lieb,Bad Hasbara,https://mattlieb.com,Podcast,Video - YouTube,,,,,,"Comedy, Foreign Policy","Los Angeles, CA","Power & Politics, Culture & Media",Los Angeles,CA,US,West,
Matt Lombardo,matt-lombardo,Between The Hashmarks,https://mattlombardonfl.substack.com,Newsletter - Substack,Podcast,https://podcasts.apple.com/us/podcast/between-the-hashmarks-podcast/id1762478194,Social - Threads,https://www.threads.com/@mattlombardonfl,,,Sports,National - US,Lifestyle & Personal Life,,,US,National,
Matt Pearce,matt-pearce,Rebuild Local News,https://mattdpearce.substack.com,Newsletter - Substack,Social - BlueSky,https://bsky.app/profile/mattdpearce.com,,,,,Media/Power,National - US,Culture & Media,,,US,National,
Matt Peiken,matt-peiken,Matt Peiken,https://overlook.buzzsprout.com,Podcast,,,,,,,"Local, Art","Asheville, NC","Civic Life, Culture & Media",Asheville,NC,US,South,Institute_for_Independent_Journalists
Matt Stoller,matt-stoller,BIG,https://www.thebignewsletter.com,Newsletter - Substack,,,,,,,"History, Finance/Economics","Washington, DC","Money & Work, Culture & Media",Washington,DC,US,Mid-Atlantic,
Matt Swider,matt-swider,The Shortcut,https://www.theshortcut.com/,Newsletter - Substack,,,,,,,Tech,"New York, NY",Money & Work,New York,NY,US,Northeast,
Matt Taibbi,matt-taibbi,Racket News,https://www.racket.news,Newsletter - Ghost,,,,,,,"Politics, Culture, Media/Power",New Jersey - US,"Power & Politics, Culture & Media",,NJ,US,Northeast,
Matt Yglesias,matt-yglesias,Slow Boring,https://www.slowboring.com,Newsletter - Substack,Social - Twitter / X,https://x.com/mattyglesias,,,,,"Finance/Economics, Politics","Washington, DC","Power & Politics, Money & Work",Washington,DC,US,Mid-Atlantic,
Matthew Adler,matthew-adler,Matthew Adler,https://www.instagram.com/adler81/,Social - Instagram,,,,,,,Restaurants and bars,"Washington, DC",Lifestyle & Personal Life,Washington,DC,US,Mid-Atlantic,
Matthew Beat,matthew-beat,Mr. Beat,https://www.youtube.com/@iammrbeat,Video - YouTube,Video - TikTok,https://www.tiktok.com/@iammrbeat,,,,,"History, Education","Lawrence, KS","Civic Life, Culture & Media",Lawrence,KS,US,Midwest,
Matthew C. Klein,matthew-c-klein,The Overshoot,https://theovershoot.co,Newsletter - Substack,,,,,,,Finance/Economics,"San Francisco, CA",Money & Work,San Francisco,CA,US,West,
Matthew Cortland,matthew-cortland,Matthew Cortland,https://www.patreon.com/cw/mattbc,Patreon,Social - BlueSky,https://bsky.app/profile/matthewcort.land,,,,,"Identity/Belonging, Health/Wellness","Washington, DC","Social Issues, Science Health & Environment",Washington,DC,US,Mid-Atlantic,
Matthew Dickey,matthew-dickey,Street Scape Curator,https://www.instagram.com/streetscapecurator,Video - Instagram,,,,,,,"Local, Architecture, Photography","Boston, MA","Civic Life, Culture & Media",Boston,MA,US,Northeast,
Matthew Keys,matthew-keys,The Desk,https://thedesk.net,Website,,,,,,,Media/Power,"Sacramento, CA",Culture & Media,Sacramento,CA,US,West,
Matthew Mecia,matthew-mecia,The Mountain Ledger,https://themountainledger.com,Newsletter - Other,,,,,,,Local,"Boone, NC",Civic Life,Boone,NC,US,South,
Matthew Remski,matthew-remski,Conspirituality,https://conspirituality.net,Podcast,Patreon,,,,,,Health/Wellness,"Toronto, Canada",Science Health & Environment,Toronto,,CA,International,
Matthew Schnipper,matthew-schnipper,,https://deepvoices.substack.com/,Newsletter - Substack,,,,,,,Music,,Culture & Media,,,,,
Matthew Sheffield,matthew-sheffield,,https://theoryofchange.flux.community,Newsletter - Other,Podcast,,,,,,Media/Power,,Culture & Media,,,,,
Matthew Zeitlin,matthew-zeitlin,Footnoted,https://www.footnoted.com,Newsletter - Beehiiv,,,,,,,Law/Legal Issues,National - US,Power & Politics,,,US,National,
Mattia Peretti,mattia-peretti,News Alchemists,https://www.newsalchemists.com,Newsletter - Ghost,,,,,,,"Media/Power, Tech, Careers",United Kingdom,"Money & Work, Culture & Media",,,GB,International,
Mattie Hanley,mattie-hanley,hungry_hungry_hanley,https://www.instagram.com/hungry_hungry_hanley,Video - Instagram,,,,,,,Restaurants and bars,"Washington, DC",Lifestyle & Personal Life,Washington,DC,US,Mid-Atlantic,
Mauna Eats Chicago,mauna-eats-chicago,Mauna Eats Chicago,https://www.tiktok.com/@maunaeatschicago,Video - TikTok,,,,,,,"Restaurants and bars, Food, Local","Chicago, IL","Civic Life, Lifestyle & Personal Life",Chicago,IL,US,Midwest,
Maura Postlethwait,maura-postlethwait,maura.gfconcierge,https://www.instagram.com/maura.gfconcierge/,Social - Instagram,Newsletter - Substack,https://glutenfreeindc.substack.com/,,,,,Restaurants and bars,"Washington, DC",Lifestyle & Personal Life,Washington,DC,US,Mid-Atlantic,
Maureen Kelleher,maureen-kelleher,Board Rule,https://board-rule.ghost.io,Newsletter - Ghost,,,,,,,"Local, Government Accountability, Politics","Chicago, IL","Power & Politics, Civic Life",Chicago,IL,US,Midwest,
Max (UNFTR),max-unftr,Unf*cking The Republic,https://unftr.com,Podcast,Video - YouTube,,Newsletter - Other,,,,"Politics, Finance/Economics",,"Power & Politics, Money & Work",,,,,
Max Falkowitz,max-falkowitz,Leafhopper,https://leafhopper.substack.com,Newsletter - Substack,,,,,,,Food,"New York, NY",Lifestyle & Personal Life,New York,NY,US,Northeast,
Max Karlinsky,max-karlinsky,Distant Elephant,https://www.tiktok.com/@distant.elephant,Video - TikTok,,,,,,,"Explanatory, World, Architecture","Los Angeles, CA","General News, Culture & Media, Journalism Formats",Los Angeles,CA,US,West,
Max Levy,max-levy,Sequencer Magazine,https://www.sequencermag.com,Newsletter - Ghost,,,,,,,"Science, Health/Wellness, Climate/Environment","Los Angeles, CA",Science Health & Environment,Los Angeles,CA,US,West,
Max Read,max-read,Read Max,https://maxread.substack.com,Newsletter - Substack,Social - BlueSky,https://bsky.app/profile/maxread.info,,,,,Internet Culture,"New York, NY",Culture & Media,New York,NY,US,Northeast,
Max Towey,max-towey,Ride the News,https://www.instagram.com/ridethenews,Video - Instagram,,,,,,,"Explanatory, General News","New York, NY","General News, Journalism Formats",New York,NY,US,Northeast,
Maya Cade,maya-cade,,https://blackfilmarchive.substack.com,Newsletter - Substack,Website,https://blackfilmarchive.com,,,,,Film/Movies,"Brooklyn, NY",Culture & Media,Brooklyn,NY,US,Northeast,
Maya Higa,maya-higa,Maya Higa,https://www.youtube.com/@mayahiga,Video - YouTube,Social - BlueSky,https://bsky.app/profile/mayahiga.bsky.social,,,,,"Science, Climate/Environment","Austin, TX","Science Health & Environment, Lifestyle & Personal Life",Austin,TX,US,South,
Maynard Okereke,maynard-okereke,Hip Hop Science,https://www.instagram.com/hiphopscienceshow,Video - Instagram,Video - YouTube,https://www.youtube.com/@HipHopScienceShow/videos,,,,,"Education, Science","Los Angeles, CA","Civic Life, Science Health & Environment",Los Angeles,CA,US,West,
Mcaila Wagna,mcaila-wagna,Mcaila Wagna,https://www.instagram.com/makilllla,Video - Instagram,,,,,,,"Climate/Environment, Outdoors, Travel",Canada,"Science Health & Environment, Lifestyle & Personal Life",,,CA,International,
Mcamila Gallegor,mcamila-gallegor,Chicago Food Guide,https://www.tiktok.com/@chicagofoodguide,Video - TikTok,,,,,,,"Things to Do, Restaurants and bars, Recipes, Food, Local","Chicago, IL","Civic Life, Lifestyle & Personal Life",Chicago,IL,US,Midwest,
Meena Thiruvengadam,meena-thiruvengadam,Travel with Meena,https://travelwithmeena.com,Website,,,,,,,Travel,"Chicago, IL",Lifestyle & Personal Life,Chicago,IL,US,Midwest,
Meg,meg-districtbymeg,District By Meg,https://www.instagram.com/districtbymeg,Video - Instagram,,,,,,,Things to Do,"Washington, DC",Lifestyle & Personal Life,Washington,DC,US,Mid-Atlantic,
Megalag,megalag,The Honey Trap,https://www.youtube.com/@MegaLag,Video - YouTube,,,,,,,"Investigative, Tech, World",International,"Money & Work, General News, Journalism Formats",,,,International,
Megan Raposa,megan-raposa,Sioux Falls Simplified,https://www.sfsimplified.com,Website,,,,,,,"Local, Politics, Education","Sioux Falls, SD","Power & Politics, Civic Life",Sioux Falls,SD,US,Midwest,
Megan Schibelka,megan-schibelka,Megan Schibelka,https://www.tiktok.com/@meganschibelka,Video - TikTok,,,,,,,"Things to Do, Travel, Restaurants and bars, Lifestyle, Food, Local","Chicago, IL","Civic Life, Lifestyle & Personal Life",Chicago,IL,US,Midwest,
Meghan,meghan,Meghan,https://www.instagram.com/thedistrictcravings/,Social - Instagram,Video - TikTok,https://www.tiktok.com/@thedistrictcravings,,,,,Restaurants and bars,"Washington, DC",Lifestyle & Personal Life,Washington,DC,US,Mid-Atlantic,
Meghan Donovan,meghan-donovan,,https://thenoteworthyedit.substack.com,Newsletter - Substack,Website,https://witwhimsy.com,Social - Instagram,https://www.instagram.com/meghandono,,,Lifestyle,,Lifestyle & Personal Life,,,,,
Meghan Mangrum,meghan-mangrum,Deep South Education,https://deepsoutheducation.substack.com,Newsletter - Substack,Social - BlueSky,https://bsky.app/profile/mmangrum.bsky.social,,,,,Education,"Nashville, TN",Civic Life,Nashville,TN,US,South,
Meghan McCarthy,meghan-mccarthy,Maternie,maternie.com,Newsletter - Other,Social - BlueSky,https://bsky.app/profile/meghanmccarthy.bsky.social,,,,,Health/Wellness,"Charleston, SC",Science Health & Environment,Charleston,SC,US,South,
Meghan Ramsey,meghan-ramsey,Meghan Ramsey,https://www.tiktok.com/@meghan.elise,Social - TikTok,Social - Instagram,https://www.instagram.com/meghan.elise/,Video - YouTube,https://www.youtube.com/@meghanelise,,,Travel,"Washington, DC",Lifestyle & Personal Life,Washington,DC,US,Mid-Atlantic,
Meghann Cuniff,meghann-cuniff,Legal Affairs and Trials,https://www.legalaffairsandtrials.com,Newsletter - Substack,Social - BlueSky,https://bsky.app/profile/meghanncuniff.bsky.social,,,,,"Law/Legal Issues, Entertainment/Hollywood","Los Angeles, CA","Power & Politics, Culture & Media",Los Angeles,CA,US,West,
Mel Buer,mel-buer,Words About Work,https://www.wordsaboutwork.news,Newsletter - Ghost,Social - BlueSky,https://bsky.app/profile/melbuer.bsky.social,,,,,"Activism, Labor/Workers Rights",National - US,"Social Issues, Money & Work",,,US,National,
Melanie Ehrenkranz,melanie-ehrenkranz,Laid Off,https://laid0ff.substack.com/,Newsletter - Substack,,,,,,,Media/Power,"Los Angeles, CA",Culture & Media,Los Angeles,CA,US,West,
Melanie Mitchell,melanie-mitchell,AI: A Guide for Thinking Humans,(exact URL not confirmed),Newsletter - Substack,,,,,,,Tech,"Santa Fe, NM",Money & Work,Santa Fe,NM,US,West,
Melinda Wenner Moyer,melinda-wenner-moyer,Now What,https://melindawmoyer.substack.com,Newsletter - Substack,,,,,,,"Science, Parenting","New York, NY","Science Health & Environment, Lifestyle & Personal Life",New York,NY,US,Northeast,
Melissa Bunni Elian,melissa-bunni-elian,The Leveler News,https://www.thelevelernews.com,Website,,,,,,,Local,New York - US,Civic Life,,NY,US,Northeast,
Melissa del Bosque,melissa-del-bosque,The Border Chronicle,https://www.theborderchronicle.com,Newsletter - Ghost,Social - BlueSky,https://bsky.app/profile/mdelbosque.bsky.social,,,,,Immigration,"Tucson, AZ",Social Issues,Tucson,AZ,US,West,
Mercedes Schneider,mercedes-schneider,Mercedes Schneider,https://deutsch29.wordpress.com,Website,,,,,,,Education,"New Orleans, LA",Civic Life,New Orleans,LA,US,South,
Meredith Sell,meredith-sell,Women's Barbell Club,https://womensbarbellclub.substack.com,Newsletter - Substack,Social - BlueSky,https://bsky.app/profile/meredithsell.bsky.social,,,,,"Sports, Gender","Denver, CO","Social Issues, Lifestyle & Personal Life",Denver,CO,US,West,
Mia Mulder,mia-mulder,Mia Mulder,https://www.youtube.com/@MiaMulder,Video - YouTube,Social - BlueSky,https://bsky.app/profile/miamulder.bsky.social,,,,,Politics,"Stockholm, Sweden",Power & Politics,Stockholm,,SE,International,
Michael DeWitt Jr.,michael-dewitt,,https://michaeldewittsouthernwriter.substack.com/,Newsletter - Substack,,,,,,,Culture,,Culture & Media,,,,,
Michael Easter,michael-easter,"Two Percent -- health/performance/science journalism newsletter+podcast, NYT bestselling author",https://www.twopct.com/,Newsletter - Substack,,,,,,,Science,"Las Vegas, NV",Science Health & Environment,Las Vegas,NV,US,West,
Michael Graff,michael-graff,Charlotte Optimist,https://charlotteoptimist.com,Newsletter - Beehiiv,,,,,,,"Local, Positive News","Charlotte, NC","Civic Life, General News",Charlotte,NC,US,South,
Michael Hobbes,michael-hobbes,Maintenance Phase,https://www.maintenancephase.com,Podcast,Video - Instagram,https://www.instagram.com/maintenancephase/,Social - BlueSky,https://bsky.app/profile/michaelhobbes.bsky.social,,,Health/Wellness,National - US,Science Health & Environment,,,US,National,
Michael Horn,michael-horn,The Future of Education,https://michaelbhorn.substack.com,Newsletter - Substack,,,,,,,"Education, Careers",National - US,"Civic Life, Money & Work",,,US,National,
Michael Jones,michael-jones,Once Upon a Hill,https://www.onceuponahill.com/,Newsletter - Substack,Social - Twitter / X,https://twitter.com/onceuponahill,Social - LinkedIn,https://www.linkedin.com/in/michaeljonestv/,Social - Instagram,https://www.instagram.com/onceuponahilldc/,"Politics, Government Accountability, Investigative","Washington, DC","Power & Politics, Journalism Formats",Washington,DC,US,Mid-Atlantic,
Michael Khieu,michael-khieu,King Khieu,https://www.instagram.com/king_khieu,Video - Instagram,,,,,,,General News,National - US,General News,,,US,National,
Michael Liroff,michael-liroff,5-4 Pod,https://www.fivefourpod.com,Podcast,,,,,,,"Law/Legal Issues, Politics","New York, NY",Power & Politics,New York,NY,US,Northeast,
Michael MacKelvie,michael-mackelvie,Michael MacKelvie,https://www.youtube.com/@michaelmackelvie​,Video - YouTube,,,,,,,"Sports, Explanatory",National - US,"Journalism Formats, Lifestyle & Personal Life",,,US,National,
Michael Matusik,michael-matusik,Matusik Missive,(Substack/matusik.com.au),Newsletter - Substack,,,,,,,Urban Planning,Australia,Civic Life,,,AU,International,
Michael Nagrant,michael-nagrant,The Hunger,https://thehunger.substack.com,Newsletter - Substack,,,,,,,"Restaurants and bars, Food, Local","Chicago, IL","Civic Life, Lifestyle & Personal Life",Chicago,IL,US,Midwest,
Michael Procopio,michael-procopio,,https://spatchcock.substack.com,Newsletter - Substack,,,,,,,Food,"San Francisco, CA",Lifestyle & Personal Life,San Francisco,CA,US,West,
Michael Ruhlman,michael-ruhlman,Michael Ruhlman,https://ruhlman.substack.com,Newsletter - Substack,,,,,,,Food,"Cleveland, OH",Lifestyle & Personal Life,Cleveland,OH,US,Midwest,
Michael Shellenberger,michael-shellenberger,Public,https://public.news,Newsletter - Substack,Social - Twitter / X,https://x.com/shellenberger,Social - BlueSky,https://bsky.app/profile/mshellenberger.bsky.social,,,"Politics, Media/Power","Berkeley, CA","Power & Politics, Culture & Media",Berkeley,CA,US,West,
Michael Tatarski,michael-tatarski,The Vietnam Weekly,https://thevietnamweekly.substack.com,Newsletter - Substack,,,,,,,World,Vietnam,Power & Politics,,,VN,International,
Michael Thomas,michael-thomas,Distilled,https://www.distilled.earth,Newsletter - Substack,Social - LinkedIn,https://www.linkedin.com/in/michael-thomas-4b01054a,Social - BlueSky,https://bsky.app/profile/michael-thomas.bsky.social,,,"Climate/Environment, Politics, Business",Colorado - US,"Power & Politics, Science Health & Environment, Money & Work",,CO,US,West,
Michael Thrasher,michael-thrasher,Modus -- family-office beat journalism,https://www.modus.news/,Newsletter - Ghost,,,,,,,Finance/Economics,"New York, NY",Money & Work,New York,NY,US,Northeast,
Michael Wolff,michael-wolff,Howl,https://michaelwolffnyc.substack.com,Newsletter - Substack,Social - BlueSky,https://bsky.app/profile/michaelwolffnyc.bsky.social,,,,,Politics,"New York, NY",Power & Politics,New York,NY,US,Northeast,
Michael Wriston,michael-wriston,Project Salt Box,https://projectsaltbox.substack.com,Newsletter - Substack,Social - BlueSky,https://bsky.app/profile/mwriston.bsky.social,,,,,"Government Accountability, Data Visualization","Baltimore, MD","Power & Politics, Journalism Formats",Baltimore,MD,US,South,
Michel de Cryptadamus,michel-cryptadamus,The Cryptocalypse Chronicles,https://cryptadamus.substack.com,Newsletter - Substack,,,,,,,Tech,,Money & Work,,,,,
Michelangelo Signorile,michelangelo-signorile,The Signorile Report,https://www.signorile.com,Newsletter - Substack,Social - BlueSky,https://bsky.app/profile/msignorile.bsky.social,,,,,"LGBTQIA, Politics","New York, NY","Power & Politics, Social Issues",New York,NY,US,Northeast,
Micheline Maynard,micheline-maynard,CulinaryWoman,culinarywoman.substack.com,Newsletter - Substack,,,,,,,"Business, Food, Restaurants and bars",Michigan - US,"Money & Work, Lifestyle & Personal Life",,MI,US,Midwest,
Michelle Jensen,michelle-jensen,Travel HerStory,https://www.travelherstory.com/,Website,,,,,,,Travel,,Lifestyle & Personal Life,,,,,
Michelle Katz,michelle-katz,Michelle Katz,https://www.instagram.com/pike.and.rozay/,Social - Instagram,Video - TikTok,https://www.tiktok.com/@pike.and.rozay,,,,,Restaurants and bars,"Washington, DC",Lifestyle & Personal Life,Washington,DC,US,Mid-Atlantic,
Michelle Leder,michelle-leder,Footnoted,https://www.footnoted.com,Newsletter - Beehiiv,,,,,,,Law/Legal Issues,National - US,Power & Politics,,,US,National,
Mick Ryan,mick-ryan,Futura Doctrina,https://mickryan.substack.com,Newsletter - Substack,Social - BlueSky,https://bsky.app/profile/warinthefuture.bsky.social,,,,,National Security,Australia,Power & Politics,,,AU,International,
Miguel Dalmau,miguel-dalmau,Che Guerrero,https://www.cheguerrero.com,Website,,,,,,,Immigration,"Philadelphia, PA",Social Issues,Philadelphia,PA,US,Northeast,
Miguel de la Fuente-Lau,miguel-de-la-fuente-lau,Miguel de la Fuente-Lau,https://migueldlfl.substack.com,Newsletter - Substack,,,,,,,"Identity/Belonging, Immigration",Singapore,Social Issues,,,SG,International,Institute_for_Independent_Journalists
Miguel Lago,miguel-lago,Miguel Lago,https://twitter.com/miguelago,Social - Twitter / X,Social - BlueSky,https://bsky.app/profile/joaomiguellago.bsky.social,,,,,Tech,Brazil,Money & Work,,,BR,International,
Mike Bryskier,mike-bryskier,,https://mikebryskier.substack.com/,Newsletter - Substack,,,,,,,Lifestyle,,Lifestyle & Personal Life,,,,,
Mike Butcher,mike-butcher,Pathfounders,https://pathfounders.com,Newsletter - Beehiiv,Social - BlueSky,https://bsky.app/profile/mikebutcher.bsky.social,,,,,Tech,United Kingdom,Money & Work,,,GB,International,
Mike Cosper,mike-cosper,The Rise and Fall of Mars Hill,https://www.christianitytoday.com/podcasts,Podcast,Social - BlueSky,https://bsky.app/profile/mikecosper.bsky.social,,,,,Faith/Religion,"Louisville, KY",Social Issues,Louisville,KY,US,South,
Mike De Socio,mike-de-socio,Mike De Socio,https://mikedesocio.com/,Website,,,,,,,"Urban Planning, Climate/Environment, LGBTQIA",New York - US,"Social Issues, Civic Life, Science Health & Environment",,NY,US,Northeast,Institute_for_Independent_Journalists
Mike Elgan,mike-elgan,Machine Society,https://machinesociety.ai,Website,Social - BlueSky,https://bsky.app/profile/mikeelgan.bsky.social,,,,,"Tech, Culture",International,"Money & Work, Culture & Media",,,,International,
Mike Elk,mike-elk,Payday Report,https://paydayreport.com,Website,Social - BlueSky,https://bsky.app/profile/mikeelk.bsky.social,,,,,Labor/Workers Rights,"Pittsburgh, PA",Money & Work,Pittsburgh,PA,US,Northeast,
Mike Fellman,mike-fellman,Housing Hell,https://precon.substack.com/,Newsletter - Substack,,,,,,,Urban Planning,,Civic Life,,,,,
Mike Lee,mike-lee,,https://thefuturemarket.com,Newsletter - Substack,Website,https://mikelee.food,,,,,Food,Michigan - US,Lifestyle & Personal Life,,MI,US,Midwest,
Mike Masnick,mike-masnick,Ctrl-Alt-Speech,https://ctrlaltspeech.com,Podcast,,,,,,,Tech,"San Mateo, CA",Money & Work,San Mateo,CA,US,West,
Mike Pesca,mike-pesca,The Gist,https://mikepesca.substack.com,Podcast,Newsletter - Substack,https://mikepesca.substack.com,,,,,"Politics, Media/Power, Culture",National - US,"Power & Politics, Culture & Media",,,US,National,
Mike Shanahan,mike-shanahan,Nature Beat,https://thenaturebeat.substack.com,Newsletter - Substack,Social - Twitter / X,https://twitter.com/shanahanmike,Social - BlueSky,https://bsky.app/profile/mikeshanahan.bsky.social,,,"Climate/Environment, Outdoors",United Kingdom,"Science Health & Environment, Lifestyle & Personal Life",,,GB,International,
Mike Shum,mike-shum,Follow Fire,https://mikeshum.substack.com,Newsletter - Substack,,,,,,,Self-Help,National - US,Lifestyle & Personal Life,,,US,National,
Mikekel Robinson,mikekel-robinson,Mikekel's Media,https://www.mikekelsmedia.com,Website,Video - Instagram,https://www.instagram.com/mikekelsmedia,,,,,"Identity/Belonging, Education","Houston, TX","Social Issues, Civic Life",Houston,TX,US,South,
Miles Griffis,miles-griffis,The Sick Times,https://thesicktimes.org/,Website,,,,,,,Health/Wellness,"Los Angeles, CA",Science Health & Environment,Los Angeles,CA,US,West,
Millard Afrael Ayo,millard-ayo,Ayo TV TZA,https://www.youtube.com/channel/UCg_GB9WS6YKHilQZIJEC4kg,Video - YouTube,Website,https://millardayo.com,Social - TikTok,https://www.tiktok.com/@millardayo_,,,"General News, Explanatory",Tanzania,"General News, Journalism Formats",,,,Tanzania,Global_South_World
MIMS,mims,Make It Make Sense,https://www.youtube.com/@MakeItMakeSensemims,Video - YouTube,Social - BlueSky,https://bsky.app/profile/mims.bsky.social,,,,,"Culture, Internet Culture, Entertainment/Hollywood",National - US,Culture & Media,,,US,National,
Minerva Canto,minerva-canto,Minerva Canto,https://minervacanto.com,Website,,,,,,,"Social Issues, Health/Wellness, Finance/Economics",California - US,"Social Issues, Science Health & Environment, Money & Work",,CA,US,West,Institute_for_Independent_Journalists
Miranda Green,miranda-green,Evergreen,https://mirandacgreen.substack.com,Newsletter - Substack,Website,https://mirandacgreen.com/,Social - BlueSky,https://bsky.app/profile/mirandagreen.bsky.social,,,"Climate/Environment, Politics","Los Angeles, CA","Power & Politics, Science Health & Environment",Los Angeles,CA,US,West,
Miranda July,miranda-july,,https://mirandajuly.substack.com,Newsletter - Substack,Social - Instagram,https://www.instagram.com/mirandajuly/,,,,,Art,"Los Angeles, CA",Culture & Media,Los Angeles,CA,US,West,
Miranda Shanahan,miranda-shanahan,Miranda Does Brands,https://mirandadoesbrands.substack.com,Newsletter - Substack,,,,,,,"Business, Culture",National - US,"Money & Work, Culture & Media",,,US,National,
Mohammad Taher,mohammad-taher,The Airport Guy,https://www.instagram.com/theairportguy,Video - Instagram,Video - TikTok,https://www.tiktok.com/@theairportguy,Video - YouTube,https://www.youtube.com/@theairportguy,,,"Transportation, Labor/Workers Rights, Education",United Kingdom,"Money & Work, General News",,,GB,International,
Mohuya Khan,mohuya-khan,Mohuya Khan,https://www.instagram.com/mohuyaakhan,Video - Instagram,,,,,,,"Lifestyle, Fashion","New York, NY",Lifestyle & Personal Life,New York,NY,US,Northeast,
Molly Crabapple,molly-crabapple,Ink Vault,https://mollycrabapple.substack.com,Newsletter - Substack,Social - Instagram,https://www.instagram.com/mollycrabapple,,,,,"Art, Human Rights, Politics","New York, NY","Power & Politics, Social Issues, Culture & Media",New York,NY,US,Northeast,
Molly Jong-Fast,molly-jong-fast,Molly Jong-Fast,https://www.instagram.com/mollyjongfast,Video - Instagram,Video - YouTube,https://www.youtube.com/@fastpoliticspodcast,,,,,"Politics, Culture","New York, NY","Power & Politics, Culture & Media",New York,NY,US,Northeast,
Molly Knight,molly-knight,The Long Game,https://mollyknight.substack.com,Newsletter - Substack,Social - BlueSky,https://bsky.app/profile/mollyknight.bsky.social,,,,,"Sports, Mental Health",National - US,"Science Health & Environment, Lifestyle & Personal Life",,,US,National,
Molly Morrison,molly-morrison,Molly Morrison,https://www.mollyhmorrison.com,Video - Instagram,,,,,,,Sports,National - US,Lifestyle & Personal Life,,,US,National,
Molly O'Shea,molly-oshea,Sourcery,https://www.sourcery.vc,Newsletter - Substack,Video - YouTube,https://www.youtube.com/@SourceryVC,,,,,"Tech, Finance/Economics","Los Angeles, CA",Money & Work,Los Angeles,CA,US,West,
Molly Tolsky,molly-tolsky,Hey Alma,https://www.instagram.com/hey.alma,Video - Instagram,Social - BlueSky,https://bsky.app/profile/mollytolsky.bsky.social,,,,,"Entertainment/Hollywood, Identity/Belonging",New Jersey - US,"Social Issues, Culture & Media",,NJ,US,Northeast,
Molly Ward,molly-ward,Molly Ward,https://www.instagram.com/plansornoplans/,Social - Instagram,Video - TikTok,https://www.tiktok.com/@plansornoplans,,,,,Things to Do,"Washington, DC",Lifestyle & Personal Life,Washington,DC,US,Mid-Atlantic,
Molly White,molly-white,Citation Needed,https://www.citationneeded.news,Newsletter - Ghost,Social - BlueSky,https://bsky.app/profile/molly.wiki,,,,,Tech,"Boston, MA",Money & Work,Boston,MA,US,Northeast,
Molly Young,molly-young,The Life and Errors of Molly Young,https://mollyyoung.substack.com,Newsletter - Substack,,,,,,,Culture,"New York, NY",Culture & Media,New York,NY,US,Northeast,
Mona Chalabi,mona-chalabi,Mona Chalabi,https://monachalabi.com,Video - Instagram,Social - BlueSky,https://bsky.app/profile/monachalabi.bsky.social,,,,,World,National - US,General News,,,US,National,
Mona Eltahawy,mona-eltahawy,Feminist Giant,https://www.feministgiant.com,Newsletter - Substack,Social - Twitter / X,https://twitter.com/monaeltahawy,,,,,World,"New York, NY",Social Issues,New York,NY,US,Northeast,
Monet Hambrick,monet-hambrick,Monet Hambrick,https://www.instagram.com/thetravelingchild,Social - Instagram,,,,,,,Travel,"Miami, FL",Lifestyle & Personal Life,Miami,FL,US,South,
Monique (Black Belt Babe),monique-black-belt-babe,Black Belt Babe,https://www.tiktok.com/@blackbeltbabe,Video - TikTok,Video - YouTube,https://www.youtube.com/@Blackbeltbabey,,,,,"Politics, Culture, Identity/Belonging, Immigration, Human Rights",National - US,"Power & Politics, Social Issues, Culture & Media",,,US,National,
Monique O. Madan,monique-o-madan,Two can be true,https://moniqueomadan.substack.com,Newsletter - Substack,,,,,,,"Identity/Belonging, Careers, Parenting","Miami, FL","Social Issues, Money & Work, Lifestyle & Personal Life",Miami,FL,US,South,
Monte Oz,monte-oz,Monte Oz,https://monteoz.com,Website,Video - YouTube,https://www.youtube.com/channel/UCyK7l3xQHp7QW-W52hQY5WQ,Social - TikTok,https://www.tiktok.com/@monteozafrica,,,Travel,Ghana,Lifestyle & Personal Life,,,GH,International,Global_South_World
Morgan,morgan,Morgan,https://www.instagram.com/prettylittlebookshelf/,Social - Instagram,,,,,,,Books/Writing,"Washington, DC",Culture & Media,Washington,DC,US,Mid-Atlantic,
Morgan Lynzi,morgan-lynzi,Morganlynzi,https://www.instagram.com/morganlynzi,Video - Instagram,,,,,,,"Identity/Belonging, Culture, Health/Wellness","Los Angeles, CA","Social Issues, Science Health & Environment, Culture & Media",Los Angeles,CA,US,West,
Morgan McSweeney,morgan-mcsweeney,Dr. Noc,https://www.tiktok.com/@dr.noc,Video - TikTok,,,,,,,"Science, Health/Wellness",North Carolina - US,Science Health & Environment,,NC,US,South,
Moses Sibley,moses-sibley,Made by Mojo,https://www.instagram.com/_madebymojo,Video - Instagram,,,,,,,"Local, Film/Movies","Boston, MA","Civic Life, Culture & Media",Boston,MA,US,Northeast,
Moses Sternstein,moses-sternstein,Random Walk,https://www.therandomwalk.co,Newsletter - Substack,,,,,,,Finance/Economics,,Money & Work,,,,,
Mosheh Oinounou,mosheh-oinounou,Mo News,https://www.mo.news,Video - Instagram,,,,,,,General News,"New York, NY",General News,New York,NY,US,Northeast,
Mosi Secret,mosi-secret,Mosi Secret,https://www.mosisecret.com,Website,Podcast,,,,,,"Criminal Justice, Investigative",National - US,"Social Issues, Journalism Formats",,,US,National,Institute_for_Independent_Journalists
Motaz Azaiza,motaz-azaiza,motaz_azaiza,https://instagram.com/motaz_azaiza,Social - Instagram,,,,,,,Photography,"Gaza, Palestine",Culture & Media,Gaza,,PS,International,
Murtaza Hussain,murtaza-hussain,Murtaza Hussain,https://murtazahussain.substack.com,Newsletter - Substack,,,,,,,"Politics, Human Rights",International,"Power & Politics, Social Issues",,,,International,
Musa al-Gharbi,musa-al-gharbi,Symbolic Capital(ism),https://musaalgharbi.substack.com,Newsletter - Substack,,,,,,,Media/Power,"Stony Brook, NY",Culture & Media,Stony Brook,NY,US,Northeast,
Mychal Threets,mychal-threets,Mychal Threets,https://www.instagram.com/mychal3ts,Video - Instagram,Video - TikTok,https://www.tiktok.com/@mychal3ts,,,,,"Internet Culture, Parenting","Fairfield, California","Culture & Media, Lifestyle & Personal Life",Fairfield,CA,US,West,
Mythili Sampathkumar,mythili-sampathkumar,Export Quality,https://www.exportqualitynews.com,Newsletter - Substack,,,,,,,"Politics, Identity/Belonging",National - US,"Power & Politics, Social Issues",,,US,National,
Márton Gulyás,marton-gulyas,Partizán,https://www.youtube.com/@partizanvideo,Video - YouTube,Social - Facebook,https://www.facebook.com/partizan.media,,,,,Politics,Hungary,Power & Politics,,,HU,International,
N.S. Lyons,ns-lyons,The Upheaval,https://theupheaval.substack.com,Newsletter - Substack,,,,,,,Politics,International,Power & Politics,,,,International,
Nadia Bolz Weber,nadia-bolz-weber,Sarcastic Lutheran,https://www.instagram.com/sarcasticlutheran,Video - Instagram,,,,,,,Faith/Religion,"Denver, CO",Social Issues,Denver,CO,US,West,
Najwa Shihab,najwa-shihab,Narasi TV,https://narasi.tv,Website,Social - TikTok,https://www.tiktok.com/@najwashihab,,,,,"Investigative, General News",Indonesia,"General News, Journalism Formats",,,ID,International,Global_South_World
Nancy Flores,nancy-flores,"Austin Vida -- Latinx news & culture site, solo editor/publisher",https://austinvida.com,Website,,,,,,,Culture,"Austin, TX",Culture & Media,Austin,TX,US,South,
Nancy Jainchill,nancy-jainchill,The Armchair Journalist,https://nancyjainchill.substack.com,Newsletter - Substack,,,,,,,Gender,New York - US,Social Issues,,NY,US,Northeast,Institute_for_Independent_Journalists
Nancy Mueller,nancy-mueller,Nancy Mueller,https://www.nancymueller.com/,Website,,,,,,,"Travel, Lifestyle","Seattle, WA",Lifestyle & Personal Life,Seattle,WA,US,West,Institute_for_Independent_Journalists
Nandita Godbole,nandita-godbole,Nandita Godbole,https://www.currycravings.com/,Website,,,,,,,"Recipes, Culture","Atlanta, GA","Culture & Media, Lifestyle & Personal Life",Atlanta,GA,US,South,Institute_for_Independent_Journalists
Naomi Brockwell,naomi-brockwell,Naomi Brockwell,https://www.youtube.com/@NaomiBrockwellTV,Video - YouTube,,,,,,,Tech,"New York, NY",Money & Work,New York,NY,US,Northeast,
Naomi Klein,naomi-klein,Patterns,https://naomiklein.substack.com,Newsletter - Substack,,,,,,,"Politics, Climate/Environment, Finance/Economics","British Columbia, Canada","Power & Politics, Science Health & Environment, Money & Work",British Columbia,,CA,International,
Naomi Krueger,naomi-krueger,"The Roseville Reader -- Roseville, MN local news",https://www.rosevillereader.com/,Newsletter - Ghost,,,,,,,Media/Power,"Roseville, MN",Culture & Media,Roseville,MN,US,Midwest,
Naomi Oreskes,naomi-oreskes,Reckoning Science -- science-accountability investigative newsletter,https://reckoningscience.org/,Newsletter - Ghost,,,,,,,Finance/Economics,"Carlisle, MA",Money & Work,Carlisle,MA,US,Northeast,
Nastya La Patina,nastya-la-patina,Your Ukrainian,https://yoursukrainian.substack.com,Newsletter - Substack,Podcast,https://podcasts.apple.com/us/podcast/this-week-in-ukraine/id1680041460,,,,,"Foreign Policy, Politics","Kyiv, Ukraine",Power & Politics,Kyiv,,UA,International,
Nat Herz,nat-herz,Northern Journal,www.northernjournal.com,Newsletter - Ghost,,,,,,,"Politics, Climate/Environment, Local",Alaska - US,"Power & Politics, Civic Life, Science Health & Environment",,AK,US,West,
Natalie Bencivenga ,natalie-bencivenga,Facts Over Fear,https://substack.com/@factsoverfearnatalieb,Newsletter - Substack,,,,,,,Local,"Tucson, AZ",Civic Life,Tucson,AZ,US,West,
Natalie Berry,natalie-berry,Natalie Berry,https://www.instagram.com/natalie.a.berry,Video - Instagram,,,,,,,"Travel, Fitness, Outdoors",Scotland,Lifestyle & Personal Life,,,GB,International,
Natalie Fertig,natalie-fertig,,https://nataliefertig1.substack.com,Newsletter - Substack,,,,,,,Politics,"Washington, DC",Power & Politics,Washington,DC,US,Mid-Atlantic,
Natalie Fratto,natalie-fratto,Charts & Crafts,https://www.instagram.com/nataliefratto,Social - Instagram,,,,,,,Data Visualization,"New York, NY",Journalism Formats,New York,NY,US,Northeast,
Natalie Jennings,natalie-jennings,Down From DC,https://downfromdc.substack.com,Newsletter - Substack,,,,,,,"Politics, Policy, Government Accountability, Local",North Carolina - US,"Power & Politics, Civic Life",,NC,US,South,
Natalie Wexler,natalie-wexler,Minding the Gap,https://nataliewexler.substack.com,Newsletter - Substack,Social - BlueSky,https://bsky.app/profile/natwexler.bsky.social,,,,,Education,"Washington, DC",Civic Life,Washington,DC,US,Mid-Atlantic,
Natasha Hoskins,natasha-hoskins,Too Online,https://tooonline.beehiiv.com,Newsletter - Beehiiv,,,,,,,"Culture, Internet Culture",National - US,Culture & Media,,,US,National,
Natasha Stagg,natasha-stagg,,https://natashastagg.substack.com/,Newsletter - Substack,,,,,,,Culture,"New York, NY",Culture & Media,New York,NY,US,Northeast,
Nate Duncan,nate-duncan,,https://nateduncannba.com,Podcast,,,,,,,Sports,,Lifestyle & Personal Life,,,,,
Nate Silver,nate-silver,Silver Bulletin,https://www.natesilver.net,Newsletter - Substack,Social - BlueSky,https://bsky.app/profile/antinatesilver.bsky.social,,,,,"Explanatory, Politics",New Hampshire - US,"Power & Politics, Journalism Formats",,NH,US,Northeast,
Nate Spangle,nate-spangle,Get Indiana,https://getindiana.beehiiv.com/,Newsletter - Beehiiv,,,,,,,"Local, Lifestyle","Indianapolis, IN","Civic Life, Lifestyle & Personal Life",Indianapolis,IN,US,Midwest,
Nathan Brown,nathan-brown,Hit Points -- video-game industry journalism,https://newsletter.hitpoints.co/,Newsletter - Ghost,,,,,,,Media/Power,,Culture & Media,,,,,
Nathan Graber-Lipperman,nathan-graber-lipperman,Creator Mag,https://www.creatormag.blog,Newsletter - Substack,,,,,,,"Explanatory, Internet Culture","Chicago, IL","Culture & Media, Journalism Formats",Chicago,IL,US,Midwest,
Nathan Lambert,nathan-lambert,Interconnects,https://www.interconnects.ai/,Newsletter - Substack,,,,,,,Tech,"Seattle, WA",Money & Work,Seattle,WA,US,West,
Nathan Robinson,nathan-robinson,Current Affairs,https://www.currentaffairs.org/,Website,Social - BlueSky,https://bsky.app/profile/nathanrobinson.bsky.social,,,,,Politics,National - US,Power & Politics,,,US,National,
Nathan Tankus,nathan-tankus,Notes on the Crisis,https://www.crisesnotes.com,Newsletter - Ghost,Social - BlueSky,https://bsky.app/profile/nathantankus.bsky.social,,,,,Government Accountability,"New York, NY",Power & Politics,New York,NY,US,Northeast,
Nathan Yau,nathan-yau,FlowingData,https://flowingdata.com,Website,Social - BlueSky,https://bsky.app/profile/flowingdata.com,,,,,Data Visualization,National - US,Journalism Formats,,,US,National,
Navya Singh,navya-singh,News with Navya,https://www.instagram.com/newswithnavya,Video - Instagram,Video - YouTube,https://www.youtube.com/@NewswithNavya,,,,,"Climate/Environment, Education",India,"Civic Life, Science Health & Environment",,,IN,International,
Nayeema Raza,nayeema-raza,Smart Girl Dumb Questions,https://www.youtube.com/@nayeemaraza,Video - YouTube,Podcast,https://www.smartgirldumbquestions.com/,Social - Twitter / X,https://x.com/nayeema,,,"Media/Power, Culture, Tech","New York, NY","Money & Work, Culture & Media",New York,NY,US,Northeast,
Nayyera Haq,nayyera-haq,Nayyera Haq,https://www.instagram.com/nayyeroar,Video - Instagram,,,,,,,"Politics, Media/Power","Washington, DC","Power & Politics, Culture & Media",Washington,DC,US,Mid-Atlantic,
Neelima Vallangi,neelima-vallangi,Climate Matters,https://climatematters.substack.com,Newsletter - Substack,Video - Instagram,https://www.instagram.com/neelimav,,,,,Climate/Environment,India,Science Health & Environment,,,IN,International,
Neha Ruch,neha-ruch,Mother Untitled,https://www.thepowerpause.com,Website,,,,,,,"Identity/Belonging, Parenting","New York, NY","Social Issues, Lifestyle & Personal Life",New York,NY,US,Northeast,
Neida Sandoval,neida-sandoval,Neida Sandoval,https://www.instagram.com/neidasandovaltv/,Social - Instagram,Video - YouTube,https://www.youtube.com/@neidasandovaltv/videos,Social - Facebook,https://www.facebook.com/NeidaSandovalOficial/,,,"Immigration, Investigative, Positive News","Miami, FL","Social Issues, General News, Journalism Formats",Miami,FL,US,South,
Neil Greenberg,neil-greenberg,Fancy Stats,https://fancystats.substack.com,Newsletter - Substack,,,,,,,Sports,"Washington, DC",Lifestyle & Personal Life,Washington,DC,US,Mid-Atlantic,
Neil Malik,neil-malik,The Level,https://www.readthelevel.ca,Website,,,,,,,World,Canada,General News,,,CA,International,
Neil Paine,neil-paine,Neil Paine's Substack,https://neilpaine.substack.com,Newsletter - Substack,,,,,,,"Sports, Data Visualization","Bentonville, AR","Journalism Formats, Lifestyle & Personal Life",Bentonville,AR,US,South,
Nessa Diosdado,nessa-diosdado,,https://www.tiktok.com/@nessadiosdado,Video - TikTok,,,,,,,Local,Texas - US,Civic Life,,TX,US,South,
Nevşin Mengü,nevsin-mengu,Nevşin Mengü,https://www.youtube.com/@nevsinmengu,Video - YouTube,Social - Twitter / X,https://x.com/nevsinmengu,,,,,Politics,Turkey,Power & Politics,,,TR,International,
Niala Boodhoo,niala-boodhoo,Niala Boodhoo,https://substack.com/@nialaboodhoo,Newsletter - Substack,,,,,,,Faith/Religion,"Washington, DC",Social Issues,Washington,DC,US,Mid-Atlantic,
Nicholas Carr,nicholas-carr,"New Cartographies -- newsletter on technology, culture, erosion of attention",https://www.newcartographies.com/,Newsletter - Substack,,,,,,,Culture,"Williamstown, MA",Culture & Media,Williamstown,MA,US,Northeast,
Nicholas Gill,nicholas-gill,New Worlder,https://newworlder.substack.com/,Newsletter - Substack,,,,,,,"Food, Travel",,Lifestyle & Personal Life,,,,,
Nicholas Gruen,nicholas-gruen,Nicholas Gruen,https://nicholasgruen.substack.com,Newsletter - Substack,,,,,,,Finance/Economics,,Money & Work,,,,,
Nicholas Martino,nicholas-martino,Nicholas Martino,https://www.instagram.com/chefnicholasmartino/,Social - Instagram,Website,https://www.chefnicholasmartino.com/,Social - LinkedIn,https://www.linkedin.com/in/nicholas-martino/,,,Lifestyle,"Washington, DC",Lifestyle & Personal Life,Washington,DC,US,Mid-Atlantic,
Nicholas Renteria,nicholas-renteria,LocalGovGuy,https://www.instagram.com/localgovguy,Social - Instagram,,,,,,,"Local, Government Accountability",National - US,"Power & Politics, Civic Life",,,US,National,
Nicholas Slayton,nicholas-slayton,Let's Do the Panic Again,https://nslayton.substack.com,Newsletter - Substack,Social - BlueSky,https://bsky.app/profile/nslayton.bsky.social,,,,,"Culture, Military, National Security",National - US,"Power & Politics, Culture & Media",,,US,National,
Nick Cohen,nick-cohen,Writing from London,https://nickcohen.substack.com,Newsletter - Substack,,,,,,,Politics,"London, UK",Power & Politics,London,,UK,International,
Nick Kindelsperger,nick-kindelsperger,,https://nickintheloop.substack.com,Newsletter - Substack,Social - Instagram,https://instagram.com/nkindelsperger,Social - Twitter / X,https://x.com/nickdk,,,Restaurants and bars,"Chicago, IL",Lifestyle & Personal Life,Chicago,IL,US,Midwest,
Nick Parish,nick-parish,Current Flow State,https://www.currentflowstate.com,Newsletter - Ghost,Social - BlueSky,https://bsky.app/profile/nickparish.bsky.social,,,,,Outdoors,"Portland, OR",Lifestyle & Personal Life,Portland,OR,US,West,
Nick Valencia,nick-valencia,Nick Valencia News,https://www.youtube.com/@nickvalencianews,Video - YouTube,Newsletter - Substack,https://www.nickvalencianews.com/,Social - Instagram,https://www.instagram.com/nickvalencianews/,Social - BlueSky,https://bsky.app/profile/nickvalencianews.bsky.social,Immigration,"Atlanta, GA",Social Issues,Atlanta,GA,US,South,
Nicki Mayo,nicki-mayo,Nicki Mayo News,https://www.nickimayonews.com,Website,,,,,,,"Local, General News","Baltimore, MD","Civic Life, General News",Baltimore,MD,US,South,Institute_for_Independent_Journalists
Nicola Lamb,nicola-lamb,Kitchen Projects,https://kitchenprojects.substack.com/,Newsletter - Substack,,,,,,,Food,United Kingdom,Lifestyle & Personal Life,,,GB,International,
Nicola Twilley,nicola-twilley,"Gastropod -- food science & history podcast, New Yorker contributor",https://gastropod.com/,Podcast,,,,,,,Science,"Los Angeles, CA",Science Health & Environment,Los Angeles,CA,US,West,
Nicolas Heller,nicolas-heller,New York Nico,https://www.instagram.com/NewYorkNico,Video - Instagram,,,,,,,Day in a Life,"New York, NY",Journalism Formats,New York,NY,US,Northeast,
Nicole,nicole,Nicole,https://www.instagram.com/districtfoodiedaddy/,Social - Instagram,Video - TikTok,https://www.tiktok.com/@districtfoodiedaddy,Social - BlueSky,https://bsky.app/profile/nicolefoy.bsky.social,,,Restaurants and bars,"Washington, DC",Lifestyle & Personal Life,Washington,DC,US,Mid-Atlantic,
Nicole DeCriscio,nicole-decriscio,The Owen News,https://www.theowennews.org,Website,,,,,,,Local,"Owen County, IN",Civic Life,Owen County,IN,US,Midwest,Institute_for_Independent_Journalists
Nicole Jeanine Johnson,nicole-jeanine-johnson,Nicole the News Lady,https://www.tiktok.com/@nicolethenewslady,Video - TikTok,Social - Facebook,https://www.facebook.com/nicolethenewslady/,,,,,"Identity/Belonging, Local, Politics","Chicago, IL","Power & Politics, Social Issues, Civic Life",Chicago,IL,US,Midwest,
Nicolás Copano,nicolas-copano,Copano.News / Turno,https://twitter.com/copano,Social - Twitter / X,Website,https://copano.news,,,,,"Politics, Tech, Media/Power",Chile,"Power & Politics, Money & Work, Culture & Media",,,CL,International,
Nigel Akehurst,nigel-akehurst,Indie Farmer -- UK farming/food-culture journalism,https://www.indiefarmer.com/,Newsletter - Ghost,,,,,,,Media/Power,,Culture & Media,,,,,
Nigel Braun,nigel-braun,NileRed,https://www.youtube.com/@NileRed,Video - YouTube,,,,,,,Science,Canada,Science Health & Environment,,,CA,International,
Nika Talbot,nika-talbot,Bold Types ,https://www.nikatalbot.io ,Newsletter - Substack,Social - BlueSky,https://bsky.app/profile/nikatalbot.bsky.social,,,,,"Positive News, Travel, Culture",United Kingdom,"General News, Culture & Media, Lifestyle & Personal Life",,,GB,International,
Nikki Burdine,nikki-burdine,Nikki Burdine,https://www.nikkiburdine.com,Website,,,,,,,Lifestyle,"Nashville, TN",Lifestyle & Personal Life,Nashville,TN,US,South,
Niklas Kolorz,niklas-kolorz,Niklas Kolorz,https://www.tiktok.com/@niklaskolorz,Video - TikTok,,,,,,,"Science, Explanatory",Germany,"Science Health & Environment, Journalism Formats",,,DE,International,
Nima Shirazi,nima-shirazi,Citations Needed,https://podcasts.apple.com/us/podcast/citations-needed/id1258545975,Podcast,,,,,,,"Media/Power, Politics","New York, NY","Power & Politics, Culture & Media",New York,NY,US,Northeast,
Noah Barkin,noah-barkin,Watching China in Europe,https://noahbarkin.substack.com,Newsletter - Substack,,,,,,,Foreign Policy,"Berlin, Germany",Power & Politics,Berlin,,DE,International,
Noah Carter,noah-carter,Noah Glenn Carter,https://www.tiktok.com/@noahglenncarter,Video - TikTok,,,,,,,"General News, Internet Culture, Tech",National - US,"Money & Work, General News, Culture & Media",,,US,National,
Noah Rinsky,noah-rinsky,Old Jewish Men,https://www.instagram.com/oldjewishmen,Video - Instagram,,,,,,,"Culture, Local, Comedy","New York, NY","Civic Life, Culture & Media",New York,NY,US,Northeast,
Noah Smith,noah-smith,Noahpinion,https://www.noahpinion.blog,Newsletter - Substack,Social - Twitter / X,https://x.com/Noahpinion,,,,,"Finance/Economics, Tech","San Francisco, CA",Money & Work,San Francisco,CA,US,West,
Noel Burgess,noel-burgess,Noel Burgess,https://www.instagram.com/mrnoelburgess,Video - Instagram,,,,,,,"Food, Travel, Identity/Belonging","San Francisco, CA","Social Issues, Lifestyle & Personal Life",San Francisco,CA,US,West,
Noor Tagouri,noor-tagouri,Noor,https://www.instagram.com/noor,Video - Instagram,,,,,,,"Investigative, Identity/Belonging","New York, NY","Social Issues, Journalism Formats",New York,NY,US,Northeast,
Noorz,noorz,Noorz,https://www.instagram.com/Noorzlifestyle/,Social - Instagram,Video - TikTok,https://www.tiktok.com/@noorzlifestyle,,,,,Lifestyle,"Washington, DC",Lifestyle & Personal Life,Washington,DC,US,Mid-Atlantic,
Norm Eisen,norm-eisen,Contrarian,https://contrarian.substack.com,Newsletter - Substack,Social - BlueSky,https://bsky.app/profile/normeisen.bsky.social,,,,,"Politics, Law/Legal Issues","Washington, DC",Power & Politics,Washington,DC,US,Mid-Atlantic,
Norman Oder,norman-oder,Atlantic Yards/Pacific Park Report,https://normanoder.substack.com,Newsletter - Substack,Social - BlueSky,https://bsky.app/profile/normanoder.bsky.social,,,,,"Local, Real Estate","New York, NY","Civic Life, Money & Work",New York,NY,US,Northeast,
Not Bored In DC,not-bored-in-dc,Not Bored In DC,https://www.instagram.com/notboredindc,Video - Instagram,,,,,,,History,"Washington, DC",Culture & Media,Washington,DC,US,Mid-Atlantic,
NOVA Foodies,nova-foodies,NOVA Foodies,https://www.instagram.com/novafoodies.us/,Social - Instagram,Video - TikTok,https://www.tiktok.com/@novafoodies.us,,,,,Restaurants and bars,"Washington, DC",Lifestyle & Personal Life,Washington,DC,US,Mid-Atlantic,
NoVa Nomz,nova-nomz,NoVa Nomz,https://www.instagram.com/nova_nomz/,Social - Instagram,Video - TikTok,https://www.tiktok.com/@nova_nomz,,,,,Restaurants and bars,"Washington, DC",Lifestyle & Personal Life,Washington,DC,US,Mid-Atlantic,
Nupur Singh,nupur-singh,nupur.singh,https://www.instagram.com/nupursin,Video - Instagram,,,,,,,Travel,"Toronto, Canada",Lifestyle & Personal Life,Toronto,,CA,International,
Obie,obie,Obie,https://www.instagram.com/obediah123/,Social - Instagram,Website,https://obiediah.com/,,,,,Photography,"Washington, DC",Culture & Media,Washington,DC,US,Mid-Atlantic,
Oh The Urbanity!,oh-the-urbanity,Oh The Urbanity!,https://www.youtube.com/@OhTheUrbanity,Video - YouTube,Website,https://ohtheurbanity.ca,Social - BlueSky,https://bsky.app/profile/ohtheurbanity.bsky.social,,,Urban Planning,"Ottawa, ON, Canada",Civic Life,Ottawa,"ON, Canada",,,
Olga Massov,olga-massov,"Food, Recipes, a day in a life",https://itsamatteroftaste.substack.com,Newsletter - Substack,,,,,,,"Food, Lifestyle","Washington, DC",Lifestyle & Personal Life,Washington,DC,US,Mid-Atlantic,
Olga Proskurnina,olga-proskurnina,Most Media,https://mostmedia.org,Website,,,,,,,"World, Media/Power","Paris, France","General News, Culture & Media",Paris,,FR,International,
Oliver Darcy,oliver-darcy,Status,https://www.status.news,Newsletter - Beehiiv,Social - BlueSky,https://bsky.app/profile/oliverdarcy.bsky.social,,,,,Media/Power,National - US,Culture & Media,,,US,National,
Oliver Kemp,oliver-kemp,deep cuts,https://deepcutswrites.substack.com,Newsletter - Substack,,,,,,,Music,International,Culture & Media,,,,International,
Oliver Kim,oliver-kim,Global Developments,https://www.global-developments.org/,Newsletter - Substack,,,,,,,Finance/Economics,,Money & Work,,,,,
Olivia Maher,olivia-maher,Olivia Maher,https://www.instagram.com/liviemaher/,Social - Instagram,,,,,,,Travel,"Los Angeles, CA",Lifestyle & Personal Life,Los Angeles,CA,US,West,
Olivia Meikle,olivia-meikle,What'sHerName,https://www.whatshernamepodcast.com,Podcast,,,,,,,History,"Lafayette, CO",Culture & Media,Lafayette,CO,US,West,
Olivia Messer,olivia-messer,Olivia Messer,https://oliviamesser.substack.com,Newsletter - Substack,Social - BlueSky,https://bsky.app/profile/oliviamesser.bsky.social,,,,,"Health/Wellness, Investigative",National - US,"Science Health & Environment, Journalism Formats",,,US,National,
Olivia Ruth Messer,olivia-ruth-messer,The Barbed Wire,https://thebarbedwire.com,Website,,,,,,,Politics,"Austin, TX",Power & Politics,Austin,TX,US,South,
Om Malik,om-malik,On my Om,https://om.co,Website,,,,,,,Tech,"San Francisco, CA",Money & Work,San Francisco,CA,US,West,
Omar Raja,omar-raja,Omar Raja,https://www.instagram.com/omar,Video - YouTube,,,,,,,Sports,National - US,Lifestyle & Personal Life,,,US,National,
Onose,onose,Onose,https://www.instagram.com/highvibebyonose/,Social - Instagram,Video - TikTok,https://www.tiktok.com/@highvibebyonose,Website,https://highvibebyonose.com/,,,Things to Do,"Washington, DC",Lifestyle & Personal Life,Washington,DC,US,Mid-Atlantic,
Oona Hanson,oona-hanson,Oona Hanson,https://oonahanson.substack.com/,Newsletter - Substack,,,,,,,"Parenting, Health/Wellness",National - US,"Science Health & Environment, Lifestyle & Personal Life",,,US,National,Institute_for_Independent_Journalists
Ophélie Dénommée-Marchand,ophelie-denommee-marchand,VérifRadar,https://verif.quebec/,Website,,,,,,,Media/Power,"Quebec, Canada",Culture & Media,Quebec,,CA,International,Institute_for_Independent_Journalists
Oren Ziv,oren-ziv,Oren Ziv,https://www.noosphere.app/author/oren/,Video - Noosphere,Website,https://orenziv.org,,,,,"Human Rights, Foreign Policy, Photography",Israel,"Power & Politics, Social Issues, Culture & Media",,,IL,International,
Otto English,otto-english,Otto English,https://www.noosphere.app/author/otto/,Video - Noosphere,Newsletter - Substack,https://ottoenglish.substack.com,,,,,"Politics, Media/Power",United Kingdom,"Power & Politics, Culture & Media",,,GB,International,
Overheard DC,overheard-dc,Overheard DC,https://www.instagram.com/overheard.washingtondc/,Social - Instagram,,,,,,,Culture,"Washington, DC",Culture & Media,Washington,DC,US,Mid-Atlantic,
Owen Jones,owen-jones,Owen Jones Talks,https://www.youtube.com/@OwenJonesTalks,Video - YouTube,Social - BlueSky,https://bsky.app/profile/owenjones.bsky.social,,,,,"Politics, World",United Kingdom,"Power & Politics, General News",,,GB,International,
Pablo Torre,pablo-torre,Pablo Torre Finds Out,https://www.pablo.show,Podcast,Video - YouTube,https://www.youtube.com/@PabloTorreFindsOut,Newsletter - Substack,https://www.pablo.show,,,"Sports, Media/Power, Culture","New York, NY","Culture & Media, Lifestyle & Personal Life",New York,NY,US,Northeast,
Packy McCormick,packy-mccormick,Not Boring,https://www.notboring.co,Newsletter - Substack,Social - BlueSky,https://bsky.app/profile/packym.bsky.social,,,,,Finance/Economics,"New York, NY",Money & Work,New York,NY,US,Northeast,
Page Berger,page-berger,Page Berger,https://pageberger.substack.com,Newsletter - Substack,,,,,,,"Recipes, Books/Writing",Connecticut - US,"Culture & Media, Lifestyle & Personal Life",,CT,US,Northeast,Institute_for_Independent_Journalists
Paige Hanserd,paige-hanserd,,https://mustardisthenewblack.substack.com,Newsletter - Substack,,,,,,,Culture,,Culture & Media,,,,,
Paige Muller,paige-muller,Curious Caravan,https://www.instagram.com/curious_caravan/,Social - Instagram,,,,,,,History,"Washington, DC",Culture & Media,Washington,DC,US,Mid-Atlantic,
Paige Tingey,paige-tingey,Paige Tingey,https://www.instagram.com/paige_tingey,Video - Instagram,,,,,,,"Travel, Photography",Utah - US,"Culture & Media, Lifestyle & Personal Life",,UT,US,West,
Palki Sharma Upadhyay,palki-sharma-upadhyay,India Global Review,https://www.instagram.com/palkisharmaupadhyay/,Social - Instagram,,,,,,,"World, Politics",India,"Power & Politics, General News",,,IN,International,
Paolo Benza,paolo-benza,La Contra,https://sudaca.pe,Website,Podcast,,Social - TikTok,https://www.tiktok.com/@paolo.benza,,,Investigative,Peru,Journalism Formats,,,PE,International,Global_South_World
Paris Marx,paris-marx,Paris Marx,https://bsky.app/profile/parismarx.com,Social - BlueSky,,,,,,,"Tech, World",Canada,"Money & Work, General News",,,CA,International,
Parker Molloy,parker-molloy,The Present Age,https://www.readtpa.com,Newsletter - Substack,Social - BlueSky,https://bsky.app/profile/parkermolloy.com,,,,,Internet Culture,"Chicago, IL",Culture & Media,Chicago,IL,US,Midwest,
Pat Myers,pat-myers,The Gene Pool,https://geneweingarten.substack.com,Newsletter - Substack,,,,,,,"Comedy, General News","Washington, DC","General News, Culture & Media",Washington,DC,US,Mid-Atlantic,
Pat The Designer (P. Kidd),pat-the-designer-p-kidd,Windy City Breeze,https://www.youtube.com/@TheWindyCityBreeze,Video - YouTube,,,,,,,"Sports, Local","Chicago, IL","Civic Life, Lifestyle & Personal Life",Chicago,IL,US,Midwest,
Patrick Boyle,patrick-boyle,Patrick Boyle,https://www.youtube.com/@PBoyle,Video - YouTube,Social - BlueSky,https://bsky.app/profile/pboyle.bsky.social,,,,,"History, Finance/Economics",National - US,"Money & Work, Culture & Media",,,US,National,
Patrick Gray,patrick-gray,Risky Business,https://podcasts.apple.com/us/podcast/risky-business/id216478078,Podcast,,,,,,,Tech,Australia,Money & Work,,,AU,International,
Patrick Kennedy,patrick-kennedy,Serve the Home,https://www.youtube.com/@ServeTheHomeVideo,Video - YouTube,,,,,,,Tech,"Scottsdale, AZ",Money & Work,Scottsdale,AZ,US,West,
Patrick Klepek,patrick-klepek,Crossplay,https://www.crossplay.news/,Newsletter - Substack,,,,,,,Culture,"Chicago, IL",Culture & Media,Chicago,IL,US,Midwest,
Patrick McNamara,patrick-mcnamara,Oh My Rockness,https://www.ohmyrockness.com,Website,Social - BlueSky,https://bsky.app/profile/dogfoodstudios.bsky.social,,,,,"Things to Do, Music","New York, NY","Culture & Media, Lifestyle & Personal Life",New York,NY,US,Northeast,
Patrick Pfingsten,patrick-pfingsten,The Illinoize,www.theillinoize.com,Website,,,,,,,"Politics, Local",Illinois - US,"Power & Politics, Civic Life",,IL,US,Midwest,
"Patrick, Jeremy, Randy Richardson",patrick-jeremy-randy-richardson,Wrigleyville Nation,https://www.wrigleyvillenation.com,Website,,,,,,,"Sports, Local","Chicago, IL","Civic Life, Lifestyle & Personal Life",Chicago,IL,US,Midwest,
"Paul ""Barbs"" Barbato",paul-barbs-barbato,Geography Now,https://www.youtube.com/@GeographyNow,Video - YouTube,,,,,,,"Explanatory, World, Travel","Los Angeles, CA","General News, Journalism Formats, Lifestyle & Personal Life",Los Angeles,CA,US,West,
Paul Brandus,paul-brandus,Disinformation Wire,https://disinformationwire.substack.com,Newsletter - Substack,Social - LinkedIn,https://www.linkedin.com/in/paulbrandus,,,,,Investigative,Virginia - US,Journalism Formats,,VA,US,South,
Paul Fain,paul-fain,The Job,https://the-job.beehiiv.com,Newsletter - Beehiiv,Social - BlueSky,https://bsky.app/profile/paulfain.bsky.social,,,,,"Education, Careers","Columbus, OH","Civic Life, Money & Work",Columbus,OH,US,Midwest,
Paul Gewuerz,paul-gewuerz,"Small Press, Big Ideas / LocalPod",https://localpod.co,Podcast,,,,,,,"Business, Local","Denver, CO","Civic Life, Money & Work",Denver,CO,US,West,
Paul Krugman,paul-krugman,Paul Krugman,https://paulkrugman.substack.com,Newsletter - Substack,Social - BlueSky,https://bsky.app/profile/pkrugman.bsky.social,,,,,"Finance/Economics, World","New York, NY","Money & Work, General News",New York,NY,US,Northeast,
Paul Lagasse,paul-lagasse,The Lagasse Report,https://lagassereport.com,Website,,,,,,,"Local, Urban Planning",Maryland - US,Civic Life,,MD,US,South,Institute_for_Independent_Journalists
Paul Mason,paul-mason,Conflict & Democracy,https://paulmason.substack.com,Newsletter - Substack,,,,,,,Politics,"London, UK",Power & Politics,London,,UK,International,
Paul Mueller,paul-mueller,Paul Mueller,https://www.tiktok.com/@therealpaulmueller,Video - TikTok,,,,,,,"Activism, Science","New Bedford, MA","Social Issues, Lifestyle & Personal Life",New Bedford,MA,US,Northeast,
Paul Offit,paul-offit,Beyond the Noise,https://pauloffit.substack.com,Newsletter - Substack,Social - BlueSky,https://bsky.app/profile/pauloffit.bsky.social,,,,,"Health/Wellness, Science","Philadelphia, PA",Science Health & Environment,Philadelphia,PA,US,Northeast,
Paul Oluwadare,paul-oluwadare,,https://www.tiktok.com/@pauloluwadare1,Video - TikTok,,,,,,,Sports,"West Kingsdown, UK",Lifestyle & Personal Life,West Kingsdown,,UK,International,
Paul Queary,paul-queary,The Washington Observer,https://washingtonobserver.substack.com,Newsletter - Substack,,,,,,,"Politics, Local","Washington, DC","Power & Politics, Civic Life",Washington,DC,US,Mid-Atlantic,
Paul Rivera,paul-rivera,paulriveranews,https://www.facebook.com/paulriveranews,Social - Facebook,Video - YouTube,https://www.youtube.com/@PaulRiveraNews,,,,,"Climate/Environment, Local","Washington, DC","Civic Life, Science Health & Environment",Washington,DC,US,Mid-Atlantic,
Paul Thacker,paul-thacker,Paul Thacker,https://www.instagram.com/housethacker/,Social - Instagram,Social - Twitter / X,https://twitter.com/thackerpd,Website,https://www.disinformationchronicle.com/,Social - BlueSky,https://bsky.app/profile/housethacker.bsky.social,Photography,"Washington, DC",Culture & Media,Washington,DC,US,Mid-Atlantic,
Paul Wells,paul-wells,Paul Wells,https://paulwells.substack.com,Newsletter - Substack,Podcast,https://paulwells.substack.com/podcast,,,,,Politics,"Toronto, Canada",Power & Politics,Toronto,,CA,International,
Paula James-Martinez,paula-james-martinez,Cuqui,https://cuqui.club,Website,,,,,,,Entertainment/Hollywood,"Asheville, NC",Culture & Media,Asheville,NC,US,South,
Pete Enns,pete-enns,The Bible for Normal People,https://thebiblefornormalpeople.com,Podcast,,,,,,,Faith/Religion,"Philadelphia, PA",Social Issues,Philadelphia,PA,US,Northeast,
Pete Kastanes,pete-kastanes,Vanished Chicagoland Stories,https://vanishedchicagoland.blog,Podcast,,,,,,,"Culture, Explanatory, Local, History","Chicago, IL","Civic Life, Culture & Media, Journalism Formats",Chicago,IL,US,Midwest,
Pete Pachal,pete-pachal,The Medai Copilot,https://mediacopilot.substack.com,Newsletter - Substack,,,,,,,"Tech, Media/Power","New York, NY","Money & Work, Culture & Media",New York,NY,US,Northeast,
Peter Barrett,peter-barrett,,https://thingsonbread.substack.com,Newsletter - Substack,,,,,,,Food,,Lifestyle & Personal Life,,,,,
Peter Beck,peter-beck,CourtWatch,https://www.courtwatch.news,Newsletter - Beehiiv,Social - BlueSky,https://bsky.app/profile/pwbeck.bsky.social,,,,,Law/Legal Issues,National - US,Power & Politics,,,US,National,
Peter Erdelyi,peter-erdelyi,Media Finance Monitor,https://funds4media.substack.com,Newsletter - Substack,,,,,,,"World, Media/Power",Hungary,"General News, Culture & Media",,,HU,International,
Peter Geoghegan,peter-geoghegan,Democracy for Sale,https://democracyforsale.substack.com,Newsletter - Substack,Social - BlueSky,https://bsky.app/profile/petergeoghegan.bsky.social,,,,,"Investigative, Politics, Government Accountability",United Kingdom,"Power & Politics, Journalism Formats",,,GB,International,
Peter Greene,peter-greene,Curmudgucation,https://curmudgucation.blogspot.com,Website,Social - BlueSky,https://bsky.app/profile/palan57.bsky.social,,,,,Education,Pennsylvania - US,Civic Life,,PA,US,Northeast,
Peter Kalmus,peter-kalmus,Climate Human,https://substack.com/@climatehuman,Newsletter - Substack,,,,,,,Climate/Environment,North Carolina - US,Science Health & Environment,,NC,US,South,
Peter Leonard,peter-leonard,Havli,https://havli.substack.com,Newsletter - Substack,,,,,,,World,Kazakhstan,Power & Politics,,,KZ,International,
Peter Marks,peter-marks,Marks & Vincentelli,https://marksvincentelli.substack.com,Newsletter - Substack,Podcast,https://marksvincentelli.substack.com/podcast,,,,,"Culture, Entertainment/Hollywood","Washington, DC",Culture & Media,Washington,DC,US,Mid-Atlantic,
Peter Richmond,peter-richmond,,https://peterrichmond.substack.com/,Newsletter - Substack,,,,,,,Sports,"Millerton, NY",Lifestyle & Personal Life,Millerton,NY,US,Northeast,
Peter Sainsbury,peter-sainsbury,Carbon Risk,https://carbonrisk.substack.com/,Newsletter - Substack,,,,,,,Climate/Environment,,Science Health & Environment,,,,,
Peter Shamshiri,peter-shamshiri,5-4 Pod,https://www.fivefourpod.com,Podcast,,,,,,,"Law/Legal Issues, Politics",National - US,Power & Politics,,,US,National,
Peter Shamshiri & Michael Hobbes,peter-shamshiri-michael-hobbes,If Books Could Kill,https://www.ifbookspod.com/,Podcast,,,,,,,"Books/Writing, Media/Power",National - US,Culture & Media,,,US,National,
Peter Zeihan,peter-zeihan,Zeihan on Geopolitics,https://zeihan.com/,Website,Video - YouTube,https://www.youtube.com/@zeihanongeopolitics,Social - BlueSky,https://bsky.app/profile/peterzeihan.bsky.social,,,World,National - US,General News,,,US,National,
Petter Hörnfeldt,petter-hrnfeldt,Mentour Pilot,https://www.youtube.com/@MentourPilot,Video - YouTube,Video - Instagram,https://www.instagram.com/mentour_pilot/,,,,,"Transportation, World",Spain,"Civic Life, General News",,,ES,International,
Petula Dvorak,petula-dvorak,Persisters,https://petuladvorak.substack.com,Newsletter - Substack,,,,,,,Local,"Washington, DC",Civic Life,Washington,DC,US,Mid-Atlantic,
Phil Edwards,phil-edwards,Phil Edwards,https://www.youtube.com/@PhilEdwardsInc,Video - YouTube,Social - BlueSky,https://bsky.app/profile/philedwardsinc.bsky.social,,,,,Explanatory,National - US,Journalism Formats,,,US,National,
Phil Levin,phil-levin,Super Nuclear,https://supernuclear.substack.com,Newsletter - Substack,,,,,,,"Lifestyle, Home","New York, NY",Lifestyle & Personal Life,New York,NY,US,Northeast,
Phil Martin,phil-martin,Phil Martin,https://www.instagram.com/phil.martin/,Social - Instagram,Website,https://philmartinphoto.com/,Social - BlueSky,https://bsky.app/profile/philmartin.bsky.social,,,Photography,"Washington, DC",Culture & Media,Washington,DC,US,Mid-Atlantic,
Phil Rosen,phil-rosen,Opening Bell Daily,https://www.openingbelldailynews.com,Newsletter - Beehiiv,Social - LinkedIn,https://www.linkedin.com/in/philrosen,,,,,Finance/Economics,"New York, NY",Money & Work,New York,NY,US,Northeast,
Phil Vischer,phil-vischer,Holy Post,https://www.holypost.com,Podcast,Social - Twitter / X,https://x.com/philvischer,,,,,Faith/Religion,"Chicago, IL",Social Issues,Chicago,IL,US,Midwest,
Philip Bennett,philip-bennett,Dear White Staffers,https://www.instagram.com/dear_white_staffers/,Social - Instagram,,,,,,,Local,"Washington, DC",Civic Life,Washington,DC,US,Mid-Atlantic,
Philip DeFranco,philip-defranco,The Philip DeFranco Show,https://www.youtube.com/@PhilipDeFranco,Video - YouTube,,,,,,,"General News, Politics",National - US,"Power & Politics, General News",,,US,National,
Philipp Dettmer,philipp-dettmer,Kurzgesagt - In a Nutshell,https://www.youtube.com/@kurzgesagt,Video - YouTube,,,,,,,"Science, Tech",Germany,"Science Health & Environment, Money & Work",,,DE,International,
Philippine Darblay,philippine-darblay,Philippine Darblay,https://www.instagram.com/philoudarblay/,Social - Instagram,Newsletter - Other,https://philou.kessel.media/,,,,,"Travel, Food","Paris, France",Lifestyle & Personal Life,Paris,,FR,International,
Phillip Lewis,phillip-lewis,What I'm Reading,https://www.whatimreading.net/,Newsletter - Substack,Social - Twitter / X,https://x.com/phil_lewis_,Social - BlueSky,https://bsky.app/profile/ekhornbeck.bsky.social,,,"Identity/Belonging, General News, Media/Power","Washington, DC","Social Issues, General News, Culture & Media",Washington,DC,US,Mid-Atlantic,
Phillips P. O'Brien,phillips-p-obrien,Phillips P. O'Brien,https://phillipspobrien.substack.com,Newsletter - Substack,,,,,,,History,Scotland,Culture & Media,,,GB,International,
Phoebe Zerwick,phoebe-zerwick,Down From DC,https://downfromdc.substack.com,Newsletter - Substack,,,,,,,"Politics, Policy, Government Accountability, Local",North Carolina - US,"Power & Politics, Civic Life",,NC,US,South,
Pigeon Post,pigeon-post,Pigeon Post | NYC “News”,https://www.tiktok.com/@pigeonpost.nyc,Video - TikTok,,,,,,,"Local, Comedy","New York, NY","Civic Life, Culture & Media",New York,NY,US,Northeast,
PJ Vogt,pj-vogt,Search Engine,https://www.instagram.com/pjvogt,Podcast,Social - BlueSky,https://bsky.app/profile/pjvogt.bsky.social,,,,,"Tech, Culture, Explanatory","New York, NY","Money & Work, Culture & Media, Journalism Formats",New York,NY,US,Northeast,
Poe Zhao,poe-zhao,Hello China Tech,https://hellochinatech.substack.com,Newsletter - Substack,,,,,,,Tech,"Beijing, China",Money & Work,Beijing,China,,,
Pola Henderson,pola-henderson,Pola Henderson,https://www.jettingaround.com,Website,,,,,,,Travel,"Paris, France",Lifestyle & Personal Life,Paris,,FR,International,Institute_for_Independent_Journalists
Polina Pompliano,polina-pompliano,The Profile,https://www.readtheprofile.com,Newsletter - Substack,,,,,,,General News,"New York, NY",General News,New York,NY,US,Northeast,
Politically Illinois,politically-illinois,Politically Illinois,https://politicallyillinois.substack.com,Newsletter - Substack,Social - TikTok,https://www.tiktok.com/@politicallyillinois,,,,,"Politics, Local","Chicago, IL","Power & Politics, Civic Life",Chicago,IL,US,Midwest,
Politician Trade Tracker,politician-trade-tracker,Politician Trade Tracker,https://www.instagram.com/politiciantradetracker,Video - Instagram,,,,,,,"Government Accountability, Politics",National - US,Power & Politics,,,US,National,
Popville,popville,Popville,https://twitter.com/popville,Social - Twitter / X,Website,popville.com,Social - Instagram,https://www.instagram.com/popville/,Social - BlueSky,https://bsky.app/profile/popville.bsky.social,General News,"Washington, DC",General News,Washington,DC,US,Mid-Atlantic,
Prakash Loungani,prakash-loungani,Global Housing Watch,https://globalhousingwatch.substack.com,Newsletter - Substack,,,,,,,Finance/Economics,"Washington, DC",Money & Work,Washington,DC,US,Mid-Atlantic,
Prashanth Parameswaran,prashanth-parameswaran,ASEAN Wonk,https://www.aseanwonk.com/,Newsletter - Substack,,,,,,,Foreign Policy,"Washington, DC",Power & Politics,Washington,DC,US,Mid-Atlantic,
Preet Bharara,preet-bharara,Stay Tuned with Preet,https://cafe.com/stay-tuned-podcast/,Podcast,Social - BlueSky,https://bsky.app/profile/preetbharara.bsky.social,,,,,"Law/Legal Issues, Politics","New York, NY",Power & Politics,New York,NY,US,Northeast,
Prem Thakker,prem-thakker,Zeteo,https://www.instagram.com/premthakk,Video - Instagram,Social - BlueSky,https://bsky.app/profile/premthakker.bsky.social,,,,,"Culture, Politics, Identity/Belonging",National - US,"Power & Politics, Social Issues, Culture & Media",,,US,National,
Preston Sprinkle,preston-sprinkle,Theology in the Raw,https://theologyintheraw.com/,Podcast,,,,,,,Faith/Religion,"Boise, ID",Social Issues,Boise,ID,US,West,
Preston Stewart,preston-stewart,Preston Stewart,https://www.tiktok.com/@prestonstew,Video - TikTok,,,,,,,"World, National Security",Tennessee - US,"Power & Politics, General News",,TN,US,South,
Priti Patnaik,priti-patnaik,Geneva Health Files,https://genevahealthfiles.substack.com,Newsletter - Substack,Social - BlueSky,https://bsky.app/profile/pritipatnaik.bsky.social,,,,,"Investigative, Media/Power",Switzerland,"Culture & Media, Journalism Formats",,,CH,International,
Péter Juhász,peter-juhasz,Péter Juhász / Juhi,https://www.youtube.com/@peterjuhasz,Video - YouTube,,,,,,,Politics,Hungary,Power & Politics,,,HU,International,
Qasim Rashid,qasim-rashid,Let's Address This,https://www.qasimrashid.com,Newsletter - Substack,Video - YouTube,https://www.youtube.com/@qasimrashid,,,,,"Human Rights, Identity/Belonging, Politics",Virginia - US,"Power & Politics, Social Issues, Culture & Media",,VA,US,South,
Queer Talk DC,queer-talk-dc,Queer Talk DC,https://www.instagram.com/queertalkdc/,Social - Instagram,Website,https://www.queertalkdc.com/,,,,,Things to Do,"Washington, DC",Lifestyle & Personal Life,Washington,DC,US,Mid-Atlantic,
Rabia Chaudry,rabia-chaudry,Undisclosed,https://rabiachaudry.com,Podcast,,,,,,,Criminal Justice,"Bowie, MD",Social Issues,Bowie,MD,US,South,
Rachel,rachel-chefilicios,Rachel,https://www.instagram.com/chefilicios/,Social - Instagram,Video - TikTok,https://www.tiktok.com/@chefilicios,,,,,Restaurants and bars,"Washington, DC",Lifestyle & Personal Life,Washington,DC,US,Mid-Atlantic,
Rachel,rachel-dimsumgirl,Rachel,https://www.instagram.com/dcdimsumgirl/,Social - Instagram,Video - TikTok,https://www.tiktok.com/@dcdimsumgirl,,,,,Restaurants and bars,"Washington, DC",Lifestyle & Personal Life,Washington,DC,US,Mid-Atlantic,
Rachel Bade,rachel-bade,The Inner Circle,https://rachaelbade.substack.com,Newsletter - Substack,,,,,,,Politics,National - US,Power & Politics,,,US,National,
Rachel Cohen,rachel-cohen,Planting Trees,https://rachelsnewsletter.substack.com,Newsletter - Substack,,,,,,,"Law/Legal Issues, Politics",National - US,Power & Politics,,,US,National,
Rachel Collier,rachel-collier,Good News with Rachel Collier,https://www.instagram.com/goodnewsrachelcollier,Video - Instagram,,,,,,,"Local, Positive News","Louisville, KY","Civic Life, General News",Louisville,KY,US,South,
Rachel Donald,rachel-donald,Planet: Critical,https://www.planetcritical.com,Newsletter - Ghost,Video - Instagram,https://www.instagram.com/planetcritical,Social - BlueSky,https://bsky.app/profile/racheldonald.bsky.social,,,"Climate/Environment, Finance/Economics, Politics, World",United Kingdom,"Power & Politics, Science Health & Environment, Money & Work, General News",,,GB,International,
Rachel Gilmore,rachel-gilmore,Bubble Pop with Rachel Gilmore,https://rachelgilmore.substack.com/,Newsletter - Substack,Video - YouTube,https://www.youtube.com/@AtRachelGilmore,Video - TikTok,https://www.tiktok.com/@rachel_gilmore,Social - BlueSky,https://bsky.app/profile/rachelgilmore.bsky.social,"Politics, Investigative","Montreal, Canada","Power & Politics, Journalism Formats",Montreal,,CA,International,
Rachel Hagan,rachel-hagan,Rachel Hagan,https://www.noosphere.app/author/rachelhagan/,Video - Noosphere,Website,https://www.rachelhagan.co.uk,,,,,"Human Rights, Foreign Policy, Gender","Istanbul, Turkey","Power & Politics, Social Issues",Istanbul,,TR,International,
Rachel Hunt,rachel-hunt,Gen Z Translator / Cancer by Cancer Patients,"https://genztranslator.substack.com, https://cancerbycancerpatients.substack.com",Newsletter - Substack,Video - Instagram,https://www.instagram.com/byrachelshunt,,,,,Cancer,"Phoenix, AZ","Science Health & Environment, Culture & Media",Phoenix,AZ,US,West,
Rachel Karten,rachel-karten,Link in Bio,https://www.milkkarten.net,Newsletter - Substack,,,,,,,"Tech, Media/Power, Culture","Los Angeles, CA","Money & Work, Culture & Media",Los Angeles,CA,US,West,
Rachel Ziemba,rachel-ziemba,Journeys in Wine Economics / Weaponized Economy,https://weaponizedeconomy.substack.com/,Newsletter - Substack,,,,,,,Finance/Economics,"New York, NY",Money & Work,New York,NY,US,Northeast,
Radley Balko,radley-balko,The Watch,https://radleybalko.substack.com,Newsletter - Substack,Social - BlueSky,https://bsky.app/profile/radleybalko.bsky.social,,,,,"Crime, Investigative",National - US,"Civic Life, Journalism Formats",,,US,National,
Raelyn Roberson ,raelyn-roberson,Raelyn.info,https://raelyn.info,Website,Social - BlueSky,https://bsky.app/profile/raelynroberson.bsky.social,,,,,"Tech, Policy","Washington, DC","Power & Politics, Money & Work",Washington,DC,US,Mid-Atlantic,
Rahawa Haile,rahawa-haile,Scratch,https://www.talkscratch.com,Newsletter - Other,,,,,,,Books/Writing,"Oakland, CA",Culture & Media,Oakland,CA,US,West,
Rahim Jessani,rahim-jessani,Bottom Up Media,https://bottomup.news,Newsletter - Substack,,,,,,,"General News, Media/Power","Boston, MA","General News, Culture & Media",Boston,MA,US,Northeast,
Rahsaan Thomas,rahsaan-thomas,New York,https://www.instagram.com/rahsaan_new_york_thomas,Video - Instagram,,,,,,,"Activism, Law/Legal Issues","Oakland, CA","Power & Politics, Social Issues",Oakland,CA,US,West,
Raman Santra,raman-santra,Barred in DC,https://x.com/barredindc,Social - Twitter / X,,,,,,,Restaurants and bars,"Washington, DC",Lifestyle & Personal Life,Washington,DC,US,Mid-Atlantic,
Rana Ayyub,rana-ayyub,Rana Ayyub,https://ranaayyub.substack.com,Newsletter - Substack,Social - Twitter / X,https://twitter.com/RanaAyyub,,,,,World,India,Power & Politics,,,IN,International,
Raquel Willis,raquel-willis,Raquel Willis,https://www.instagram.com/raquel_willis,Video - Instagram,Social - BlueSky,https://bsky.app/profile/raquelwillis.com,,,,,"LGBTQIA, Identity/Belonging",National - US,Social Issues,,,US,National,
Raquelle Harris,raquelle-harris,Raquelle Harris,https://www.patreon.com/culturesexrelationships,Patreon,,,,,,,"Culture, Dating/Romance","Detroit, MI","Culture & Media, Lifestyle & Personal Life",Detroit,MI,US,Midwest,Institute_for_Independent_Journalists
Rashmee Roshan Lall,rashmee-roshan-lall,"This Week, Those Books",https://thisweekthosebooks.substack.com/,Newsletter - Substack,Website,https://www.rashmee.com/,Social - BlueSky,https://bsky.app/profile/rashmee.bsky.social,,,"Foreign Policy, Books/Writing, Politics","London, England","Power & Politics, Culture & Media",London,England,,,
Ravi Somaiya,ravi-somaiya,Bungalow Magazine,https://bungalow-magazine.com,Newsletter - Beehiiv,,,,,,,Investigative,"New York, NY",Journalism Formats,New York,NY,US,Northeast,
Ravish Kumar,ravish-kumar,Ravish Kumar Official,https://www.youtube.com/@ravishkumarofficial,Video - YouTube,Social - Twitter / X,https://x.com/ravishkumar,,,,,Politics,India,Power & Politics,,,IN,International,
Ray Delahanty,ray-delahanty,City Nerd,https://www.youtube.com/@CityNerd,Video - YouTube,Patreon,https://www.patreon.com/CityNerd,,,,,Housing,"Albuquerque, NM",Civic Life,Albuquerque,NM,US,West,
Rebecca Enberg,rebecca-enberg,Your House Machine,https://www.yourhousemachine.com,Newsletter - Substack,,,,,,,"Home, Tech","Portland, OR","Money & Work, Lifestyle & Personal Life",Portland,OR,US,West,
Rebecca May Johnson,rebecca-johnson,dinner document,https://dinnerdocument.substack.com/,Newsletter - Substack,,,,,,,Food,United Kingdom,Lifestyle & Personal Life,,,GB,International,
Rebecca Nagle,rebecca-nagle,Native America,https://gohini.substack.com,Newsletter - Substack,Social - BlueSky,https://bsky.app/profile/rebeccanagle.bsky.social,,,,,"Politics, Identity/Belonging",Oklahoma - US,"Power & Politics, Social Issues",,OK,US,South,
Recel,recel,Recel,https://www.instagram.com/alwaysbemyfoodie/,Social - Instagram,Video - TikTok,https://www.tiktok.com/@alwaysbemyfoodie,Social - BlueSky,https://bsky.app/profile/visnereceli.bsky.social,,,Restaurants and bars,"Washington, DC",Lifestyle & Personal Life,Washington,DC,US,Mid-Atlantic,
Reece Martin,reece-martin,RMTransit,https://www.youtube.com/@RMTransit,Video - YouTube,Social - Instagram,https://www.instagram.com/rm_transit,Social - BlueSky,https://bsky.app/profile/rmtransit.bsky.social,,,Transportation,"Toronto, ON, Canada",Civic Life,Toronto,"ON, Canada",,,
Renee DiNino,renee-dinino,Chicago by Ren,https://www.instagram.com/chicago.by.ren,Social - Instagram,,,,,,,"Lifestyle, Travel","Chicago, IL",Lifestyle & Personal Life,Chicago,IL,US,Midwest,
Renee Knake Jefferson,renee-knake-jefferson,Legal Ethics Roundup,https://legalethics.substack.com,Newsletter - Substack,Social - BlueSky,https://bsky.app/profile/legalethics.bsky.social,,,,,Law/Legal Issues,"Houston, TX",Power & Politics,Houston,TX,US,South,
Renee Koontz,renee-koontz,Chicago By Ren,https://www.tiktok.com/@chicago.by.ren,Video - TikTok,,,,,,,"Things to Do, Restaurants and bars, Lifestyle, Food, Local","Chicago, IL","Civic Life, Lifestyle & Personal Life",Chicago,IL,US,Midwest,
Rey Katz,rey-katz,Amplify Respect,https://www.amplifyrespect.com,Newsletter - Ghost,Social - BlueSky,https://bsky.app/profile/reywrites.bsky.social,,,,,LGBTQIA,"Boston, MA",Social Issues,Boston,MA,US,Northeast,
Rezo,rezo,Rezo,https://www.youtube.com/@rezomusik,Video - YouTube,Social - Twitter / X,https://x.com/rezomusik,,,,,Politics,Germany,Power & Politics,,,DE,International,
Rhiannon Hamam,rhiannon-hamam,5-4 Pod,https://www.fivefourpod.com,Podcast,,,,,,,"Law/Legal Issues, Politics","Austin, TX",Power & Politics,Austin,TX,US,South,
Ricardo Gamboa,ricardo-gamboa,The Hoodoise,https://hoodoisie.wordpress.com,Podcast,,,,,,,"Culture, Government Accountability, Politics, Local, Identity/Belonging","Chicago, IL","Power & Politics, Social Issues, Civic Life, Culture & Media",Chicago,IL,US,Midwest,
Rich Leiby,rich-leiby,Rich Leiby,https://rleiby.substack.com,Newsletter - Substack,,,,,,,General News,"Washington, DC",General News,Washington,DC,US,Mid-Atlantic,
Rich Miller,rich-miller,Capitol Fax,capitolfax.com,Website,,,,,,,"Politics, Local",Illinois - US,"Power & Politics, Civic Life",,IL,US,Midwest,
Richard Heydarian,richard-heydarian,Deep Dive with Richard Heydarian,https://richardheydarian.substack.com/,Newsletter - Substack,Social - Instagram,https://www.instagram.com/richeydarian/,Social - BlueSky,https://bsky.app/profile/richheydarian.bsky.social,,,"Politics, Foreign Policy, World","Manila, Philippines","Power & Politics, General News",Manila,,PH,International,
Richard Lawson,richard-lawson,Premiere Party,https://www.premiereparty.com,Newsletter - Beehiiv,Social - BlueSky,https://bsky.app/profile/rilaws.bsky.social,,,,,"Entertainment/Hollywood, Film/Movies","New York, NY",Culture & Media,New York,NY,US,Northeast,
Richard Norman,richard-norman,"Besides That, Basketball",https://www.tiktok.com/@besidesthatbasketball,Video - TikTok,Video - Instagram,https://www.instagram.com/besidesthatbasketball,,,,,Local,California - US,Civic Life,,CA,US,West,
Richard Pretorius,richard-pretorius,Wanderings & Wisdoms,https://wanderingsandwisdoms.substack.com,Newsletter - Substack,,,,,,,"Day in a Life, Travel","New York, NY","Journalism Formats, Lifestyle & Personal Life",New York,NY,US,Northeast,
Richard Prince,richard-prince,Journal-isms,https://journal-isms.com,Website,,,,,,,Media/Power,National - US,Culture & Media,,,US,National,
Rick Ellis,rick-ellis,Too Much TV,https://toomuchtv.substack.com,Newsletter - Substack,Social - BlueSky,https://bsky.app/profile/toomuchtv.substack.com,,,,,Entertainment/Hollywood,"St. Paul, MN",Culture & Media,St. Paul,MN,US,Midwest,
Rick Hasen,rick-hasen,Election Law Blog,https://electionlawblog.org,Website,Social - BlueSky,https://bsky.app/profile/rickhasen.bsky.social,,,,,Law/Legal Issues,"Los Angeles, CA",Power & Politics,Los Angeles,CA,US,West,
Rick McGuire,rick-mcguire,Subway Creatures,https://www.instagram.com/subwaycreatures,Video - Instagram,,,,,,,"Local, Comedy, Transportation","New York, NY","Civic Life, Culture & Media",New York,NY,US,Northeast,
Rick Perlstein,rick-perlstein,Rickipedia,https://rickperlstein.substack.com/,Newsletter - Substack,,,,,,,"History, Media/Power","Chicago, IL",Culture & Media,Chicago,IL,US,Midwest,
Riley Arthur,riley-arthur,Diners of NYC,https://www.instagram.com/dinersofnyc,Video - Instagram,,,,,,,"Architecture, History, Food","New York, NY","Culture & Media, Lifestyle & Personal Life",New York,NY,US,Northeast,
Rina Shah,rina-shah,Rina Shah,https://www.instagram.com/rinaindc/,Social - Instagram,Social - Twitter / X,https://x.com/RinaShah,Website,https://rinashah.com/,,,General News,"Washington, DC",General News,Washington,DC,US,Mid-Atlantic,
Rivan Dwiastono,rivan-dwiastono,rivanupdates,https://www.instagram.com/rivanupdates,Social - Instagram,Video - TikTok,https://www.tiktok.com/@rivanupdates,,,,,"Foreign Policy, Politics, Explanatory","Washington, DC","Power & Politics, Journalism Formats",Washington,DC,US,Mid-Atlantic,
Rivandwino Rivan,rivandwino-rivan,Rivan Updates,https://www.tiktok.com/@rivanupdates,Video - TikTok,,,,,,,World,Indonesia,General News,,,ID,International,
Rob Dial,rob-dial,The Mindset Mentor,https://robdial.com/podcast,Podcast,,,,,,,"Mental Health, Self-Help","Austin, TX","Science Health & Environment, Lifestyle & Personal Life",Austin,TX,US,South,
Rob Martinez,rob-martinez,Rob Martinez,https://www.tiktok.com/@eatingwithrobert,Video - TikTok,Video - YouTube,https://www.youtube.com/@EatingWithRobert,,,,,"Culture, Food, Travel",National - US,"Culture & Media, Lifestyle & Personal Life",,,US,National,
Rob Perez,rob-perez,r.oh.bee,https://www.instagram.com/r.oh.bee,Video - Instagram,Video - TikTok,https://www.tiktok.com/@r.oh.bee,,,,,Fitness,"Washington, DC",Lifestyle & Personal Life,Washington,DC,US,Mid-Atlantic,
Robert Basler,robert-basler,,https://robertbasler.substack.com/,Newsletter - Substack,,,,,,,Comedy,,Culture & Media,,,,,
Robert Cottrell,robert-cottrell,The Browser,https://thebrowser.com,Newsletter - Ghost,,,,,,,General News,International,General News,,,,International,
Robert Kelchen,robert-kelchen,Kelchen on Higher Ed,https://robertkelchen.com/kelchen-on-education,Website,Social - BlueSky,https://bsky.app/profile/robertkelchen.com,,,,,Education,"Knoxville, TN",Civic Life,Knoxville,TN,US,South,
Robert P. Jones,robert-p-jones,White Too Long / The Convocation,https://www.whitetoolong.net,Newsletter - Substack,Podcast,http://podcasts.apple.com/us/podcast/pass-the-mic/id1435500798,Social - BlueSky,https://bsky.app/profile/robertpjones.bsky.social,,,Faith/Religion,"Washington, DC",Social Issues,Washington,DC,US,Mid-Atlantic,
Robert Reich,robert-reich,Robert Reich,https://x.com/RBReich,Social - Twitter / X,,,,,,,"Media/Power, Finance/Economics","Berkeley, CA","Money & Work, Culture & Media",Berkeley,CA,US,West,
Robert Ross,robert-ross,TikStocks,https://www.tiktok.com/@tik.stocks,Video - TikTok,,,,,,,"Finance/Economics, Personal Finance","Los Angeles, CA",Money & Work,Los Angeles,CA,US,West,
Robert Scoble,robert-scoble,Scobleizer,https://www.unaligned.io,Newsletter - Ghost,,,,,,,Tech,"San Jose, CA",Money & Work,San Jose,CA,US,West,
Robinson Meyer,robinson-meyer,Heatmap News,https://heatmap.news/,Website,Social - BlueSky,https://bsky.app/profile/robinsonmeyer.bsky.social,,,,,Climate/Environment,"Washington, DC",Science Health & Environment,Washington,DC,US,Mid-Atlantic,
Roddy Bottum,roddy-bottum,,https://roddybottum.substack.com,Newsletter - Substack,Social - Instagram,https://www.instagram.com/roddybottum/,,,,,Music,"New York, NY",Culture & Media,New York,NY,US,Northeast,
Rodger Sherman,rodger-sherman,Sports!,https://sports.beehiiv.com,Newsletter - Beehiiv,Video - YouTube,https://www.youtube.com/@rodgersherman,,,,,Sports,National - US,Lifestyle & Personal Life,,,US,National,
Roger Pielke Jr.,roger-jr,The Honest Broker (science/climate policy),https://rogerpielkejr.substack.com,Newsletter - Substack,,,,,,,Science,"Boulder, CO",Science Health & Environment,Boulder,CO,US,West,
Roger Seheult,roger-seheult,MedCram,https://www.youtube.com/@Medcram,Video - YouTube,Social - BlueSky,https://bsky.app/profile/rogerseheult.bsky.social,,,,,"Explanatory, Education",Oregon - US,"Civic Life, Journalism Formats",,OR,US,West,
Roger Sollenberger,roger-sollenberger,The Memo,https://sollenbergerrc.substack.com,Newsletter - Substack,Social - BlueSky,https://bsky.app/profile/sollenbergerrc.bsky.social,,,,,"Politics, Investigative",National - US,"Power & Politics, Journalism Formats",,,US,National,
Rohan Venkat,rohan-venkat,Rohan Venkat,https://rohanvenkat.substack.com,Newsletter - Substack,,,,,,,World,India,Power & Politics,,,IN,International,
Rohin Francis,rohin-francis,Medlife Crisis,https://www.youtube.com/@MedlifeCrisis,Video - YouTube,Social - Instagram,https://www.instagram.com/medcrisis/,,,,,Health/Wellness,"London, England",Science Health & Environment,London,England,,,
Rohini Manixkam,rohini-manixkam,rohinimm,https://www.instagram.com/rohinimm,Video - Instagram,,,,,,,Science,"Washington, DC",Science Health & Environment,Washington,DC,US,Mid-Atlantic,
Rohit Khilnani,rohit-khilnani,Rohit Khilnani,https://www.instagram.com/rohitkhilnani,Video - Instagram,,,,,,,"Entertainment/Hollywood, World",India,"General News, Culture & Media",,,IN,International,
Rohit Krishnan,rohit-krishnan,Strange Loop Canon,https://www.strangeloopcanon.com,Newsletter - Substack,,,,,,,Finance/Economics,,Money & Work,,,,,
Roland S. Martin,roland-s-martin,Roland S. Martin,https://www.youtube.com/@rolandsmartin,Video - YouTube,Podcast,https://podcasts.apple.com/us/podcast/rolandmartinunfiltered/id1434424449,Social - BlueSky,https://bsky.app/profile/rolandsmartin.bsky.social,,,"Politics, General News",National - US,"Power & Politics, General News",,,US,National,
Rollie Williams,rollie-williams,Climate Town,https://www.youtube.com/@climatetown,Video - YouTube,,,,,,,Climate/Environment,"New York, NY",Science Health & Environment,New York,NY,US,Northeast,
Romin Shahpouri,romin-shahpouri,Romin Shahpouri,https://www.instagram.com/rominandyusa/,Social - Instagram,,,,,,,Fashion,"Washington, DC",Lifestyle & Personal Life,Washington,DC,US,Mid-Atlantic,
Ron Charles,ron-charles,Ron Charles,https://substack.com/@roncharles,Newsletter - Substack,Social - BlueSky,https://bsky.app/profile/roncharles.bsky.social,,,,,"Books/Writing, Art","Washington, DC",Culture & Media,Washington,DC,US,Mid-Atlantic,
Rory Satran,rory-satran,The Hamptons Chronicle,https://www.thehamptonschronicle.com,Newsletter - Substack,Social - Twitter / X,https://x.com/rorysatran,,,,,"Local, Things to Do, Real Estate","Shelter Island, NY","Civic Life, Money & Work, Lifestyle & Personal Life",Shelter Island,NY,US,Northeast,
Rory Stewart,rory-stewart,Rest Is Politics,https://www.youtube.com/@restispolitics,Video - YouTube,,,,,,,"Politics, World",United Kingdom,"Power & Politics, General News",,,GB,International,
Rosalyn Page,rosalyn-page,Rosalyn Page,https://www.somenotesfromabroad.com,Website,,,,,,,"Tech, Travel",Australia,"Money & Work, Lifestyle & Personal Life",,,AU,International,Institute_for_Independent_Journalists
Rose Thomas Bannister,rose-thomas-bannister,Modo di Bere,https://www.mododibere.com,Website,Social - BlueSky,https://bsky.app/profile/mododibere.bsky.social,,,,,"Food, Culture, Travel","New York, NY","Culture & Media, Lifestyle & Personal Life",New York,NY,US,Northeast,
Rosie Taylor,rosie-taylor,,https://www.tiktok.com/@rosietaylorjournalism,Video - TikTok,,,,,,,Health/Wellness,"London, UK",Science Health & Environment,London,,UK,International,
Ross Barkan,ross-barkan,Political Currents,rosselliotbarkan.com,Newsletter - Substack,,,,,,,Politics,National - US,Power & Politics,,,US,National,
Rowan Cheung,rowan-cheung,The Rundown,https://www.rundown.ai,Website,Social - BlueSky,https://bsky.app/profile/rowancheung.bsky.social,,,,,Tech,National - US,Money & Work,,,US,National,
Roy Zimmerman,roy-zimmerman,,https://www.youtube.com/user/royzimmerman,Video - YouTube,Website,https://www.royzimmerman.com/,,,,,Comedy,California - US,Culture & Media,,CA,US,West,
Roya Fox,roya-fox,royaventurera,https://www.tiktok.com/@royaventurera,Video - TikTok,Video - Instagram,https://www.instagram.com/royaventurera/,,,,,Culture,"Washington, DC",Culture & Media,Washington,DC,US,Mid-Atlantic,
Ru Kotryna,ru-kotryna,Ru Kotryna,https://www.instagram.com/rukotryna/,Social - Instagram,Video - TikTok,https://www.tiktok.com/@rukotryna,Video - YouTube,https://www.youtube.com/@rukotryna,,,Travel,"Washington, DC",Lifestyle & Personal Life,Washington,DC,US,Mid-Atlantic,
Ruby Wang,ruby-wang,China Health Pulse,https://www.chinahealthpulse.com/,Newsletter - Substack,,,,,,,Health/Wellness,,Science Health & Environment,,,,,
Rudri Patel,rudri-patel,Rudri Patel,https://www.thesunlightpress.com,Website,,,,,,,Books/Writing,National - US,Culture & Media,,,US,National,Institute_for_Independent_Journalists
Ruksana Hussain,ruksana-hussain,Ruksana Hussain,https://www.travelerandtourist.com,Website,,,,,,,"Travel, Recipes","Los Angeles, CA",Lifestyle & Personal Life,Los Angeles,CA,US,West,Institute_for_Independent_Journalists
Ruona Meyer,ruona-meyer,Ruona Meyer,https://x.com/RGAMeyer,Social - Twitter / X,Social - BlueSky,https://bsky.app/profile/rgameyer.bsky.social,,,,,Investigative,Nigeria,Journalism Formats,,,NG,International,
Russ Mould,russ-mould,Commodity Context,https://www.commoditycontext.com,Newsletter - Substack,,,,,,,Finance/Economics,Canada,Money & Work,,,CA,International,
Russ Roberts,russ-roberts,EconTalk,https://www.econtalk.org/,Podcast,Social - BlueSky,https://bsky.app/profile/kh6jrm.bsky.social,,,,,Finance/Economics,"Stanford, CA",Money & Work,Stanford,CA,US,West,
Rusty Foster,rusty-foster,Today in Tabs,https://www.todayintabs.com,Newsletter - Beehiiv,Social - BlueSky,https://bsky.app/profile/rusty.todayintabs.com,,,,,Media/Power,National - US,Culture & Media,,,US,National,
Ruth Ben-Ghiat,ruth-ben-ghiat,Lucid,https://lucid.substack.com,Newsletter - Substack,Social - BlueSky,https://bsky.app/profile/ruthbenghiat.bsky.social,,,,,"History, Media/Power","New York, NY",Culture & Media,New York,NY,US,Northeast,
Ruth Reichl,ruth-reichl,La Briffe,https://ruthreichl.substack.com,Newsletter - Substack,,,,,,,"Food, Restaurants and bars",New York - US,Lifestyle & Personal Life,,NY,US,Northeast,
Ryan Belmore,ryan-belmore,The Alexandria Brief,https://www.alexandriabrief.com,Website,,,,,,,Local,"Alexandria, VA",Civic Life,Alexandria,VA,US,South,
Ryan Broderick,ryan-broderick,Garbage Day,https://www.garbageday.email,Newsletter - Beehiiv,Social - BlueSky,https://bsky.app/profile/ryanhatesthis.bsky.social,,,,,Internet Culture,National - US,Culture & Media,,,US,National,
Ryan Burge,ryan-burge,Graphs about Religion -- data-driven newsletter on American religion & politics,https://www.graphsaboutreligion.com/,Newsletter - Substack,,,,,,,Politics,"Mount Vernon, IL",Power & Politics,Mount Vernon,IL,US,Midwest,
Ryan Flinn,ryan-flinn,AI Rx,https://www.tiktok.com/@rs_flinn,Video - TikTok,Social - BlueSky,https://bsky.app/profile/ryanflinn.bsky.social,,,,,"Health/Wellness, Tech","Oakland, CA","Science Health & Environment, Money & Work",Oakland,CA,US,West,
Ryan Goodman,ryan-goodman,Just Security,https://www.justsecurity.org,Website,Social - BlueSky,https://bsky.app/profile/rgoodlaw.bsky.social,,,,,Law/Legal Issues,"New York, NY",Power & Politics,New York,NY,US,Northeast,
Ryan Grim,ryan-grim,Drop Site News,https://www.dropsitenews.com,Newsletter - Substack,Social - BlueSky,https://bsky.app/profile/ryangrim.bsky.social,,,,,"Investigative, World","Washington, DC","General News, Journalism Formats",Washington,DC,US,Mid-Atlantic,
Ryan Haas,ryan-haas,The Western Edge,https://www.thewesternedge.media,Newsletter - Substack,Social - BlueSky,https://bsky.app/profile/ryanjhaas.bsky.social,,,,,"Local, Investigative","Portland, OR","Civic Life, Journalism Formats",Portland,OR,US,West,
Ryan Holiday,ryan-holiday,Daily Stoic,https://www.instagram.com/dailystoic,Video - Instagram,Social - BlueSky,https://bsky.app/profile/ryan-holiday.bsky.social,,,,,"Explanatory, Parenting",Texas - US,"Journalism Formats, Lifestyle & Personal Life",,TX,US,South,
Ryan K. Rigney,ryan-rigney,Push to Talk,https://www.pushtotalk.gg/,Newsletter - Substack,,,,,,,Culture,,Culture & Media,,,,,
Ryan Lizza,ryan-lizza,Telos News,https://substack.com/@ryanlizza,Newsletter - Substack,,,,,,,Politics,"Washington, DC",Power & Politics,Washington,DC,US,Mid-Atlantic,
Ryan McBeth,ryan-mcbeth,Ryan McBeth Programming,https://www.youtube.com/@RyanMcBethProgramming,Video - YouTube,Social - BlueSky,https://bsky.app/profile/ryanmcbeth.bsky.social,,,,,Tech,"Washington, DC",Money & Work,Washington,DC,US,Mid-Atlantic,
Ryan McCormick,ryan-mccormick,Examined,https://mccormickmd.substack.com,Newsletter - Substack,,,,,,,"Health/Wellness, Science",National - US,Science Health & Environment,,,US,National,
Ryan Puzycki,ryan-puzycki,City of Yes,https://www.ryanpuzycki.com/,Newsletter - Substack,,,,,,,Urban Planning,"Austin, TX",Civic Life,Austin,TX,US,South,
Ryan Sneddon,ryan-sneddon,Naptown Scoop,https://www.naptownscoop.com,Website,,,,,,,Local,"Annapolis, MD",Civic Life,Annapolis,MD,US,South,
Ryan Sutton,ryan-sutton,The Lo Times,https://thelotimes.com,Newsletter - Substack,Social - BlueSky,https://bsky.app/profile/ryansutton.bsky.social,,,,,"Restaurants and bars, Investigative","New York, NY","Journalism Formats, Lifestyle & Personal Life",New York,NY,US,Northeast,
Ryan Teague Beckwith,ryan-beckwith,Your First Byline,https://yourfirstbyline.substack.com,Newsletter - Substack,,,,,,,Media/Power,"Washington, DC",Culture & Media,Washington,DC,US,Mid-Atlantic,
Ryan Welton,ryan-welton,Oklahoma Memo,https://oklahomamemo.com,Newsletter - Beehiiv,Social - BlueSky,https://bsky.app/profile/ryanwelton.bsky.social,,,,,"Politics, Local",Oklahoma - US,"Power & Politics, Civic Life",,OK,US,South,
Róbert Puzsér,robert-puzser,Róbert Puzsér,https://www.youtube.com/@puzserrobert,Video - YouTube,Social - Facebook,https://www.facebook.com/Robert.Puzser/,,,,,Politics,Hungary,Power & Politics,,,HU,International,
S Peter Davis,s-peter-davis,,https://speterdavis.substack.com,Newsletter - Substack,Website,https://speterdavis.com,,,,,Culture,Australia,Culture & Media,,,AU,International,
s.e. smith,se-smith,s.e. smith,https://meloukhia.net,Website,,,,,,,"Identity/Belonging, Health/Wellness",California - US,"Social Issues, Science Health & Environment",,CA,US,West,
Saagar Enjeti,saagar-enjeti,Breaking Points,https://www.youtube.com/@breakingpoints,Video - YouTube,Social - BlueSky,https://bsky.app/profile/esaagar.bsky.social,,,,,Politics,"Washington, DC",Power & Politics,Washington,DC,US,Mid-Atlantic,
Sabine Hossenfelder,sabine-hossenfelder,Sabine Hossenfelder,https://www.youtube.com/@SabineHossenfelder,Video - YouTube,,,,,,,Science,Germany,Science Health & Environment,,,DE,International,
Sadie Dingfelder ,sadie-dingfelder,"Sadie Dingfelder, science writer",https://www.tiktok.com/@sadiedingfelder,Video - TikTok,,,,,,,Science,"Washington, DC",Science Health & Environment,Washington,DC,US,Mid-Atlantic,
Saeed Jones,saeed-jones,Werk-In-Progress,https://saeedjones.substack.com,Newsletter - Substack,,,,,,,"Books/Writing, Culture","Columbus, OH",Culture & Media,Columbus,OH,US,Midwest,
Sahar Habib Ghazi,sahar-habib-ghazi,Pink Salt,https://saharhabibghazi.substack.com,Newsletter - Substack,,,,,,,Politics,"Berkeley, CA",Power & Politics,Berkeley,CA,US,West,
Sally Clarkson,sally-clarkson,,https://sallyclarkson.com,Podcast,,,,,,,Faith/Religion,,Social Issues,,,,,
Sally Lockwood,sally-lockwood,State of the World,https://www.noosphere.app/author/sally/,Video - Noosphere,Video - YouTube,https://www.youtube.com/@sallyjlockwood,,,,,"Foreign Policy, Politics","Dubai, United Arab Emirates",Power & Politics,Dubai,,AE,International,
Sally Squires,sally-squires,Lean Plate Club,https://leanplateclub.substack.com,Newsletter - Substack,,,,,,,"Food, Health/Wellness","Washington, DC","Science Health & Environment, Lifestyle & Personal Life",Washington,DC,US,Mid-Atlantic,
Sam Denby,sam-denby,Wendover Productions,https://www.youtube.com/@Wendoverproductions,Video - YouTube,,,,,,,Explanatory,Colorado - US,Journalism Formats,,CO,US,West,
Sam Ellis,sam-ellis,Search Party,https://www.youtube.com/@SearchParty,Video - YouTube,,,,,,,Explanatory,"New York, NY",Journalism Formats,New York,NY,US,Northeast,
Sam Kraft,sam-kraft,Tri-Cities Central,https://www.tricitiescentral.com,Newsletter - Other,,,,,,,Local,"Batavia, IL",Civic Life,Batavia,IL,US,Midwest,
Sam Kriss,sam-kriss,Numb at the Lodge,https://samkriss.substack.com/,Newsletter - Substack,,,,,,,Politics,United Kingdom,Power & Politics,,,GB,International,
Sam Parven,sam-parven,sjparv,https://www.instagram.com/sjparv/,Social - Instagram,,,,,,,Fashion,"Washington, DC",Lifestyle & Personal Life,Washington,DC,US,Mid-Atlantic,
Sam Ro,sam-ro,TKer by Sam Ro,https://www.tker.co,Newsletter - Substack,Social - BlueSky,https://bsky.app/profile/tker.co,,,,,Finance/Economics,"New York, NY",Money & Work,New York,NY,US,Northeast,
Sam Robinson,sam-robinson,Detroit One Million,https://www.detroitonemillion.com,Newsletter - Substack,Social - Twitter / X,https://x.com/samueljrob,,,,,Local,"Detroit, MI",Civic Life,Detroit,MI,US,Midwest,
Sam Sanders,sam-sanders,The Sam Sanders Show,https://www.instagram.com/samsanders,Podcast,Social - BlueSky,https://bsky.app/profile/samsanders.bsky.social,,,,,Entertainment/Hollywood,"Los Angeles, CA",Culture & Media,Los Angeles,CA,US,West,
Sam Schlageter,sam-schlageter,Your DC Bestie,https://www.instagram.com/yourdcbestie,Video - Instagram,,,,,,,"Things to Do, Travel","Washington, DC",Lifestyle & Personal Life,Washington,DC,US,Mid-Atlantic,
Sam Seder,sam-seder,The Majority Report,https://majorityreportradio.com/,Podcast,Video - YouTube,https://www.youtube.com/@MajorityReport,Video - Instagram,https://www.instagram.com/majorityreport.fm/,Social - BlueSky,https://bsky.app/profile/samseder.bsky.social,Politics,National - US,Power & Politics,,,US,National,
Samantha Boardman,samantha-boardman,,https://drsamanthaboardman.substack.com,Newsletter - Substack,Website,https://positiveprescription.com,Social - Instagram,https://www.instagram.com/drsamanthaboardman/,Social - Twitter / X,https://twitter.com/sambmd,Mental Health,"New York, NY",Science Health & Environment,New York,NY,US,Northeast,
Samantha Chery,samantha-chery,Samantha Chery,https://www.tiktok.com/@samanthabchery,Video - TikTok,,,,,,,"Restaurants and bars, Local, Identity/Belonging","Washington, DC","Social Issues, Civic Life, Lifestyle & Personal Life",Washington,DC,US,Mid-Atlantic,
Samantha Lee,samantha-lee,Samantha Lee,https://www.instagram.com/diningwithsamanthaelizabeth/,Social - Instagram,Video - TikTok,https://www.tiktok.com/@diningwithsamantha,,,,,Restaurants and bars,"Washington, DC",Lifestyle & Personal Life,Washington,DC,US,Mid-Atlantic,
Samantha Roby,samantha-roby,Chicago Food Authority,https://www.tiktok.com/@chicagofoodauthority,Video - TikTok,,,,,,,"Things to Do, Restaurants and bars, Food, Local","Chicago, IL","Civic Life, Lifestyle & Personal Life",Chicago,IL,US,Midwest,
Samantha Yammine,samantha-yammine,Science Sam,https://www.instagram.com/science.sam,Video - Instagram,Video - TikTok,https://www.tiktok.com/@science.sam?lang=en,,,,,Science,Canada,Science Health & Environment,,,CA,International,
Samara Singer,samara-singer,Samara Singer,https://www.instagram.com/atownbites/,Social - Instagram,Video - TikTok,https://www.tiktok.com/@atownbites,Social - BlueSky,https://bsky.app/profile/thesingingsam.bsky.social,,,Restaurants and bars,"Washington, DC",Lifestyle & Personal Life,Washington,DC,US,Mid-Atlantic,
Sami Reiss,sami-reiss,SNAKE,https://snake.substack.com,Newsletter - Substack,,,,,,,Design,"Brooklyn, NY",Culture & Media,Brooklyn,NY,US,Northeast,
Samira Mohyeddin,samira-mohyeddin,On The Line Media,https://onthelinemedia.org,Website,Video - YouTube,,,,,,Foreign Policy,"Toronto, Canada",Power & Politics,Toronto,,CA,International,
Sammy Roth,sammy-roth,Climate Colored Goggles,https://www.climatecoloredgoggles.com,Newsletter - Substack,,,,,,,"Climate/Environment, Entertainment/Hollywood","Los Angeles, CA","Science Health & Environment, Culture & Media",Los Angeles,CA,US,West,
Samuel Perry,samuel-perry,Samuel Perry,https://samuelperryresearch.substack.com,Newsletter - Substack,Social - BlueSky,https://bsky.app/profile/profsamperry.bsky.social,,,,,Faith/Religion,Oklahoma - US,Social Issues,,OK,US,South,
Samuel Sinyangwe,samuel-sinyangwe,Mapping Police Violence,https://mappingpoliceviolence.us,Website,Social - BlueSky,https://bsky.app/profile/samswey.bsky.social,,,,,Criminal Justice,"Los Angeles, CA",Social Issues,Los Angeles,CA,US,West,
Sanaz Saleh-Ebrahimi,sanaz-saleh-ebrahimi,Sanaz Cooks,https://www.tiktok.com/@sanaz.cooks,Video - TikTok,,,,,,,"Health/Wellness, Food, Science",Germany,"Science Health & Environment, Lifestyle & Personal Life",,,DE,International,
Sandi Schwartz,sandi-schwartz,Eco Happiness Project,https://ecohappinessproject.com/,Website,,,,,,,"Climate/Environment, Health/Wellness",National - US,Science Health & Environment,,,US,National,Institute_for_Independent_Journalists
Sandie S.,sandie-s,A Dork and Her Fork,https://www.instagram.com/adorkandherfork,Video - Instagram,Video - TikTok,https://www.tiktok.com/@adorkandherfork,,,,,"Food, Travel","Washington, DC",Lifestyle & Personal Life,Washington,DC,US,Mid-Atlantic,
Sandro Galea,sandro-galea,The Healthiest Goldfish,https://sandrogalea.substack.com,Newsletter - Substack,,,,,,,Health/Wellness,Missouri - US,Science Health & Environment,,MO,US,Midwest,
Santi Ruiz,santi-ruiz,Statecraft,https://www.statecraft.pub/,Newsletter - Substack,,,,,,,Policy,,Power & Politics,,,,,
Sara,sara-longwalksdc,Long Walks DC,https://www.instagram.com/longwalksdc,Video - Instagram,,,,,,,"Things to Do, Parenting","Washington, DC",Lifestyle & Personal Life,Washington,DC,US,Mid-Atlantic,
Sara Faddah,sara-faddah,77 Flavors Of Chicago,https://www.77flavors.org,Website,,,,,,,"Restaurants and bars, History, Culture, Local","Chicago, IL","Civic Life, Culture & Media, Lifestyle & Personal Life",Chicago,IL,US,Midwest,
"Sara Faddah, Dario Durham",sara-faddah-dario-durham,77 Flavors Of Chicago,https://www.77flavors.org,Video - Instagram,,,,,,,"Restaurants and bars, History, Culture, Local","Chicago, IL","Civic Life, Culture & Media, Lifestyle & Personal Life",Chicago,IL,US,Midwest,
Sara Moslener,sara-moslener,,https://afterpurity.substack.com,Newsletter - Substack,Social - Instagram,https://www.instagram.com/hottakesonhotdogs/,,,,,Faith/Religion,"Mount Pleasant, MI",Social Issues,Mount Pleasant,MI,US,Midwest,
Sara Petersen,sara-petersen,In Pursuit of Clean Countertops,https://substack.com/@sarapetersen,Newsletter - Substack,Video - Instagram,https://www.instagram.com/slouisepetersen/,,,,,"Parenting, Home, Day in a Life","New Hampshire, U.S. ","Journalism Formats, Lifestyle & Personal Life",New Hampshire,U.S.,,,
Sara Yasin,sara-yasin,The Key,https://www.thekeymagazine.com/,Website,Social - Twitter / X,https://x.com/sarayasin,Social - BlueSky,https://bsky.app/profile/sarayasin.bsky.social,,,World,"Los Angeles, CA",General News,Los Angeles,CA,US,West,
Sarah,sarah-historyonholiday,History on Holiday,https://www.instagram.com/historyonholiday,Video - Instagram,Video - TikTok,https://www.tiktok.com/@historyonholiday,,,,,Museums,"Washington, DC",Culture & Media,Washington,DC,US,Mid-Atlantic,
Sarah Boyd,sarah-boyd,Resilient Little Hearts,https://www.instagram.com/resilientlittlehearts,Video - Instagram,Video - Instagram,https://www.instagram.com/sarahboyd,,,,,"Health/Wellness, Parenting, Faith/Religion","Newport Beach, CA","Social Issues, Science Health & Environment, Lifestyle & Personal Life",Newport Beach,CA,US,West,
Sarah Burchard,sarah-burchard,Sarah Burchard,https://healthylocavore.substack.com/,Newsletter - Substack,,,,,,,"Recipes, Travel","Honolulu, HI",Lifestyle & Personal Life,Honolulu,HI,US,West,Institute_for_Independent_Journalists
Sarah D. Bunting,sarah-d-bunting,Best Evidence,https://buttondown.com/bestevidencefyi,Newsletter - Other,,,,,,,"Crime, Media/Power","New York, NY","Civic Life, Culture & Media",New York,NY,US,Northeast,
Sarah Gilliland,sarah-gilliland,Sarah Gilliland,https://ontheroadwithsarah.com,Website,,,,,,,"Parenting, Travel",National - US,Lifestyle & Personal Life,,,US,National,Institute_for_Independent_Journalists
Sarah Hart-Unger,sarah-hart-unger,,https://theshubox.com,Website,Podcast,,,,,,Self-Help,,Lifestyle & Personal Life,,,,,
Sarah Jaffe,sarah-jaffe,Belabored,https://sarahjaffe.substack.com,Newsletter - Substack,Podcast,https://podcasts.apple.com/us/podcast/belabored/id634955549,Social - BlueSky,https://bsky.app/profile/sarahljaffe.bsky.social,,,Labor/Workers Rights,United Kingdom,Money & Work,,,GB,International,
Sarah Jakes Roberts,sarah-jakes-roberts,Sarah Jakes Roberts,https://www.instagram.com/sarahjakesroberts,Video - Instagram,Video - TikTok,https://www.tiktok.com/@realsarahjakesroberts?lang=en,,,,,"Faith/Religion, Gender, Health/Wellness","Dallas, TX","Social Issues, Science Health & Environment",Dallas,TX,US,South,
Sarah Kwon,sarah-kwon,Sarah Kwon,https://www.sarah-kwon.com/,Website,,,,,,,Health/Wellness,California - US,Science Health & Environment,,CA,US,West,Institute_for_Independent_Journalists
Sarah Mackenzie,sarah-mackenzie,,https://readaloudrevival.com,Podcast,,,,,,,Parenting,,Lifestyle & Personal Life,,,,,
Sarah Marshall,sarah-marshall,You're Wrong About,https://www.rememberingsarahmarshall.com/,Podcast,Video - Instagram,https://www.instagram.com/yourewrongaboutpod/,Social - BlueSky,https://bsky.app/profile/sarahmarshall.bsky.social,,,"History, Media/Power, Gender",National - US,"Social Issues, Culture & Media",,,US,National,
Sarah McCammon,sarah-mccammon,Off the Air,https://sarahmccammon.substack.com,Newsletter - Substack,Social - BlueSky,https://bsky.app/profile/sarahmccammon.bsky.social,,,,,"Faith/Religion, Politics","Washington, DC","Power & Politics, Social Issues",Washington,DC,US,Mid-Atlantic,
Sarah Miller,sarah-miller,The Real Sarah Miller,https://therealsarahmiller.substack.com,Newsletter - Substack,,,,,,,Culture,"Nevada City, CA",Culture & Media,Nevada City,CA,US,West,
Sarah Mock,sarah-mock,Sarah Mock,https://sarahmock.substack.com,Newsletter - Substack,Social - BlueSky,https://bsky.app/profile/sarahmock.bsky.social,,,,,Agriculture,"Albuquerque, NM",Civic Life,Albuquerque,NM,US,West,
Sarah Posner,sarah-posner,Reign of Error,https://podcasts.apple.com/us/podcast/reign-of-error-with-sarah-posner/id1866624168,Podcast,Social - BlueSky,https://bsky.app/profile/sarahposner.bsky.social,,,,,Faith/Religion,"Philadelphia, PA",Social Issues,Philadelphia,PA,US,Northeast,
Sarah Shapiro,sarah-shapiro,,https://www.privatelabel.ltd,Newsletter - Substack,,,,,,,Business,"San Francisco, CA",Money & Work,San Francisco,CA,US,West,
Sarah Steimer,sarah-steimer,Haters Guide to Living Well,https://haters-guide-to-living-well.beehiiv.com,Newsletter - Other,,,,,,,Health/Wellness,"Chicago, IL",Science Health & Environment,Chicago,IL,US,Midwest,
Sarah Yi,sarah-yi,A Girl About Chicago,https://www.tiktok.com/@agirlaboutchicago,Video - TikTok,,,,,,,"Local, Design, Lifestyle, Food, Restaurants and bars","Chicago, IL","Civic Life, Culture & Media, Lifestyle & Personal Life",Chicago,IL,US,Midwest,
Sari Botton,sari-botton,Oldster,https://oldster.substack.com,Newsletter - Substack,Video - Instagram,https://www.instagram.com/saribotton/?hl=en,Social - BlueSky,https://bsky.app/profile/saribotton.bsky.social,,,"Health/Wellness, Lifestyle","New York, NY","Science Health & Environment, Lifestyle & Personal Life",New York,NY,US,Northeast,
Saul,saul-remote-queer,Remote Queer,https://remotequeer.co,Newsletter - Ghost,Social - BlueSky,https://bsky.app/profile/saulwilliams.bsky.social,,,,,"Travel, LGBTQIA",International,"Social Issues, Lifestyle & Personal Life",,,,International,
Savannah Eccles Johnson,savannah-eccles-johnson,Savypolitics,https://www.instagram.com/savypolitics,Video - Instagram,,,,,,,"Law/Legal Issues, Politics",National - US,Power & Politics,,,US,National,
Sayash Kapoor,sayash-kapoor,AI as Normal Technology,https://www.normaltech.ai,Newsletter - Substack,,,,,,,Tech,New Jersey - US,Money & Work,,NJ,US,Northeast,
Scot McKnight,scot-mcknight,Jesus Creed,https://scotmcknight.substack.com/,Newsletter - Substack,,,,,,,Faith/Religion,"Libertyville, IL",Social Issues,Libertyville,IL,US,Midwest,
Scott Alexander,scott-alexander,Astral Codex Ten,https://www.astralcodexten.com,Newsletter - Substack,,,,,,,"Tech, Mental Health","San Francisco, CA","Science Health & Environment, Money & Work",San Francisco,CA,US,West,
Scott Braddock,scott-braddock,Quorum Report,quorumreport.com,Website,Social - BlueSky,https://bsky.app/profile/scottbraddock.bsky.social,,,,,"Politics, Local",Texas - US,"Power & Politics, Civic Life",,TX,US,South,
Scott Choppin,scott-choppin,The Real Signal,https://therealsignal.substack.com,Newsletter - Substack,,,,,,,Real Estate,"Long Beach, CA",Money & Work,Long Beach,CA,US,West,
Scott Hines,scott-hines,,https://actioncookbook.com,Newsletter - Substack,Social - Twitter / X,https://x.com/actioncookbook,,,,,Food,"Louisville, KY",Lifestyle & Personal Life,Louisville,KY,US,South,
Scott Manley,scott-manley,Scott Manley,https://www.youtube.com/@scottmanley,Video - YouTube,Social - Twitter / X,https://twitter.com/DJSnM,,,,,Science,"San Francisco, CA",Science Health & Environment,San Francisco,CA,US,West,
Scott Martin,scott-martin,The Catch,https://readthecatch.ca/,Newsletter - Ghost,,,,,,,Media/Power,,Culture & Media,,,,,
Scott Rouse,scott-rouse,The Behavior Panel,https://www.youtube.com/@TheBehaviorPanel,Video - YouTube,,,,,,,"Politics, General News, Crime",National - US,"Power & Politics, Civic Life, General News",,,US,National,
Scott Sumner,scott-sumner,The Money Illusion,https://scottsumner.substack.com,Newsletter - Substack,,,,,,,Finance/Economics,National - US,Money & Work,,,US,National,
Scott Tobias,scott-tobias,The Reveal,https://www.thereveal.film,Newsletter - Other,Podcast,https://shows.acast.com/the-next-picture-show,,,,,"Film/Movies, Culture",National - US,Culture & Media,,,US,National,
Seamus Hughes,seamus-hughes,Court Watch,https://x.com/SeamusHughes,Newsletter - Beehiiv,,,,,,,"Law/Legal Issues, Government Accountability","Washington, DC",Power & Politics,Washington,DC,US,Mid-Atlantic,
Sean Beckner-Carmitchel,sean-beckner-carmitchel,LA Ten Four,https://latenfour.com,Website,Social - BlueSky,https://bsky.app/profile/acatwithnews.bsky.social,,,,,"Local, Law/Legal Issues","Los Angeles, CA","Power & Politics, Civic Life",Los Angeles,CA,US,West,
Sean Hammond,sean-hammond,Sean Hammond,https://www.instagram.com/seanhammonds/,Social - Instagram,Social - BlueSky,https://bsky.app/profile/seanhammond.bsky.social,,,,,Travel,Colombia,Lifestyle & Personal Life,,,CO,International,
Sean Highkin,sean-highkin,The Rose Garden Report,rosegardenreport.com,Website,Social - BlueSky,https://bsky.app/profile/highkin.bsky.social,,,,,"Sports, Local","Portland, OR","Civic Life, Lifestyle & Personal Life",Portland,OR,US,West,
Sean Naylor,sean-naylor,The High Side,https://thehighside.substack.com,Newsletter - Substack,Social - BlueSky,https://bsky.app/profile/seannaylor.bsky.social,,,,,Foreign Policy,"Washington, DC",Power & Politics,Washington,DC,US,Mid-Atlantic,
Sean Paul Reyes,sean-paul-reyes,Long Island Audit,https://longislandaudit.com/,Video - YouTube,Video - Instagram,https://www.instagram.com/longislandaudit/,,,,,"Government Accountability, Law/Legal Issues, Politics","Long Island, NY",Power & Politics,Long Island,NY,US,Northeast,
Sean West,sean-west,GeoLegal Notes,https://www.linkedin.com/in/seanpwest1,Social - LinkedIn,,,,,,,"Law/Legal Issues, Politics","Santa Monica, CA",Power & Politics,Santa Monica,CA,US,West,
Seb Kennedy,seb-kennedy,Energy Flux,(Ghost platform),Newsletter - Ghost,,,,,,,Climate/Environment,,Science Health & Environment,,,,,
Secret Washington DC,secret-washington-dc,Secret Washington DC,https://www.instagram.com/secret.washington.dc/,Social - Instagram,Website,https://secretwashingtondc.com/,Social - Facebook,https://www.facebook.com/secretwashingtondc/,Video - TikTok,https://www.tiktok.com/@secret.washington.dc,Things to Do,"Washington, DC",Lifestyle & Personal Life,Washington,DC,US,Mid-Atlantic,
Serena Maria Daniels,serena-maria-daniels,Midwest Mexican,https://midwestmexican.substack.com,Newsletter - Substack,,,,,,,Food,"Detroit, MI",Lifestyle & Personal Life,Detroit,MI,US,Midwest,
Seth Godin,seth-godin,Seth's Blog,https://seths.blog,Website,Social - BlueSky,https://bsky.app/profile/sethgodin.bsky.social,,,,,"Tech, Media/Power",New York - US,"Money & Work, Culture & Media",,NY,US,Northeast,
Seth Harp,seth-harp,DENIED AREAS,https://sethharp.substack.com,Newsletter - Substack,,,,,,,"Investigative, Military","Austin, TX","Power & Politics, Journalism Formats",Austin,TX,US,South,
Seulki Lee,seulki-lee,Dunia Media,https://www.youtube.com/@the_dunia_media,Video - YouTube,,,,,,,World,South Korea,General News,,,KR,International,
Seymour Hersh,seymour-hersh,Seymour Hersh,https://seymourhersh.substack.com,Newsletter - Substack,,,,,,,"Investigative, National Security",National - US,"Power & Politics, Journalism Formats",,,US,National,
Shajan C Kumar,shajan-c-kumar,News Natives,https://newsnatives.com/news-updates,Website,,,,,,,"Data Visualization, Tech",India,"Money & Work, Journalism Formats",,,IN,International,
Sham Jaff,sham-jaff,What happened last week,https://gishty.com/newsletters/what-happened-last-week,Newsletter - Other,Social - BlueSky,https://bsky.app/profile/shamjaff.bsky.social,,,,,World,International,General News,,,,International,
Shannon Henry Kleiber,shannon-henry-kleiber,Cadence: On Writing & Sound,https://cadence.ghost.io,Newsletter - Ghost,Social - BlueSky,https://bsky.app/profile/shkleiber.bsky.social,,,,,"Books/Writing, Media/Power","Madison, WI",Culture & Media,Madison,WI,US,Midwest,
Shanspeare,shanspeare,Shanspeare,https://www.youtube.com/@Shanspeare,Video - YouTube,Newsletter - Substack,https://shanspeare.substack.com/,,,,,Culture,North Carolina - US,Culture & Media,,NC,US,South,
Sharon Goldman,sharon-goldman,Ground Level AI,https://www.groundlevel-ai.com,Newsletter - Substack,,,,,,,"Tech, Policy, National Security",National - US,"Power & Politics, Money & Work",,,US,National,
Sharon McMahon,sharon-mcmahon,Sharon Says So,https://www.instagram.com/sharonsaysso,Video - Instagram,Newsletter - Substack,https://thepreamble.com/,,,,,"Politics, Government Accountability, Explanatory, Finance/Economics","Minneapolis, MN","Power & Politics, Money & Work, Journalism Formats",Minneapolis,MN,US,Midwest,
Sharon Yang,sharon-yang,Sharon Yang,https://www.instagram.com/syang/,Social - Instagram,Website,https://www.sharonyangphotography.com/,Social - BlueSky,https://bsky.app/profile/sharonyang.bsky.social,,,Photography,"Washington, DC",Culture & Media,Washington,DC,US,Mid-Atlantic,
Shawn Singh,shawn-singh,Shawn the Food Sheep,https://www.instagram.com/shawnthefoodsheep,Video - Instagram,,,,,,,"Restaurants and bars, Things to Do","Houston, TX",Lifestyle & Personal Life,Houston,TX,US,South,
Shayla Martin,shayla-martin,Shayla Martin,https://www.theroadwetrod.com/,Website,,,,,,,"Travel, Culture","Washington, DC","Culture & Media, Lifestyle & Personal Life",Washington,DC,US,Mid-Atlantic,Institute_for_Independent_Journalists
Shayle Matsuda,shayle-matsuda,"Coral/aquatic ecologist, watercolor sketchnote science communication",https://www.instagram.com/wrong.whale/,Social - Instagram,,,,,,,Science,,Science Health & Environment,,,,,
Shedrick Pelt,shedrick-pelt,Shedrick Pelt,https://www.instagram.com/sdotpdotmedia/,Social - Instagram,Website,https://sdotpdotmedia.com/,,,,,Photography,"Washington, DC",Culture & Media,Washington,DC,US,Mid-Atlantic,
Shenelle Rodrigo,shenelle-rodrigo,Sheneller,https://www.instagram.com/sheneller/,Social - Instagram,,,,,,,Travel,Sri Lanka,Lifestyle & Personal Life,,,LK,International,
Shermann Dilla Thomas,shermann-dilla-thomas,6figga_dilla,https://www.instagram.com/6figga_dilla,Video - Instagram,,,,,,,"Local, History","Chicago, IL","Civic Life, Culture & Media",Chicago,IL,US,Midwest,
Sherrilyn Ifill,sherrilyn-ifill,Sherrilyn's Newsletter,https://sherrilyn.substack.com,Newsletter - Substack,,,,,,,Law/Legal Issues,"New York, NY",Power & Politics,New York,NY,US,Northeast,
Shihan Chowdhury,shihan-chowdhury,Shihan Chowdhury,https://www.tiktok.com/@chilipeppercooks,Social - TikTok,,,,,,,Food,"Washington, DC",Lifestyle & Personal Life,Washington,DC,US,Mid-Atlantic,
Shikha Dalmia,shikha-dalmia,The UnPopulist,https://www.theunpopulist.net,Newsletter - Substack,,,,,,,"Politics, Policy",National - US,Power & Politics,,,US,National,
Shira Lazar,shira-lazar,Shira Lazar,https://www.tiktok.com/@shiralazar,Video - TikTok,Video - Instagram,https://www.instagram.com/shiralazar,,,,,"Tech, Internet Culture","Los Angeles, CA","Money & Work, Culture & Media",Los Angeles,CA,US,West,
Shoshana Weissmann,shoshana-weissmann,Papercuts,https://papercuts.substack.com,Newsletter - Substack,,,,,,,Media/Power,"Washington, DC",Culture & Media,Washington,DC,US,Mid-Atlantic,
Shrouq Aila,shrouq-aila,Shrouq Aila,https://www.noosphere.app/author/shrouq/,Video - Noosphere,,,,,,,"Human Rights, Foreign Policy","Gaza, Palestine","Power & Politics, Social Issues",Gaza,,PS,International,
Shukria Bayan,shukria-bayan,Shukria Bayan,https://www.noosphere.app/author/shukria/,Video - Noosphere,,,,,,,"Human Rights, Foreign Policy","New York, NY","Power & Politics, Social Issues",New York,NY,US,Northeast,
Simo Benbachir,simo-benbachir,Sneaky Showbiz,https://www.instagram.com/simobenbachir/,Social - Instagram,Social - Facebook,https://www.facebook.com/Simobenbach,,,,,"Entertainment/Hollywood, Culture",National - US,Culture & Media,,,US,National,
Simon Carless,simon-carless,GameDiscoverCo,https://newsletter.gamediscover.co/,Newsletter - Substack,,,,,,,Games/Gaming,,Culture & Media,,,,,
Simon McGarr,simon-mcgarr,The Gist -- Irish policy/legal/data newsletter,https://www.thegist.ie/,Newsletter - Ghost,,,,,,,Media/Power,Ireland,Culture & Media,,,IE,International,
Simon Owens,simon-owens,Simon Owens's Media Newsletter,https://simonowens.substack.com,Newsletter - Substack,Social - BlueSky,https://bsky.app/profile/simonowens.bsky.social,,,,,Media/Power,"Washington, DC",Culture & Media,Washington,DC,US,Mid-Atlantic,
Simone Giertz,simone-giertz,Simone Giertz,https://www.youtube.com/@SimoneGiertz,Video - YouTube,,,,,,,Tech,"Los Angeles, CA",Money & Work,Los Angeles,CA,US,West,
Sithara Ranasinghe,sithara-ranasinghe,,https://sitarasgarden.substack.com,Newsletter - Substack,,,,,,,Culture,,Culture & Media,,,,,
Skanda Amarnath,skanda-amarnath,Employ America,https://www.employamerica.org/,Website,Social - BlueSky,https://bsky.app/profile/skandaamarnath.bsky.social,,,,,Finance/Economics,"Jersey City, NJ",Money & Work,Jersey City,NJ,US,Northeast,
Skye Jethani,skye-jethani,The Holy Post,https://www.holypost.com,Podcast,,,,,,,"Faith/Religion, Culture",Illinois - US,"Social Issues, Culture & Media",,IL,US,Midwest,
Snarky Gherkin,snarky-gherkin,Snarky Gherkin,https://snarkygherkin.substack.com,Newsletter - Substack,,,,,,,Media/Power,,Culture & Media,,,,,
Sohla El-Waylly,sohla-el-waylly,Hot Dish with Sohla,https://sohla.substack.com,Newsletter - Substack,,,,,,,Food,"New York, NY",Lifestyle & Personal Life,New York,NY,US,Northeast,
Sojourner White,sojourner-white,Sojourner White,https://sojournies.com/,Website,,,,,,,Travel,National - US,Lifestyle & Personal Life,,,US,National,Institute_for_Independent_Journalists
Soledad O’Brien,soledad-obrien,Soledad O’Brien,https://www.instagram.com/soledadobrien,Video - Instagram,,,,,,,"Culture, Politics","New York, NY","Power & Politics, Culture & Media",New York,NY,US,Northeast,
Soleil Ho,soleil-ho,Soleil Ho,http://www.racistsandwich.com,Website,,,,,,,"Recipes, Culture",National - US,"Culture & Media, Lifestyle & Personal Life",,,US,National,Institute_for_Independent_Journalists
Sommer Hill,sommer-hill,,https://itssommertime.substack.com,Newsletter - Substack,Video - YouTube,https://www.youtube.com/@ItsSommerTime,Social - Instagram,https://instagram.com/sommerfh,Social - TikTok,https://www.tiktok.com/@sommerhill2,Lifestyle,,Lifestyle & Personal Life,,,,,
Sonali Kolhatkar,sonali-kolhatkar,Rising Up With Sonali -- solutions journalism for social justice,https://risingupwithsonali.com/,Newsletter - Ghost,,,,,,,Media/Power,"Pasadena, CA",Culture & Media,Pasadena,CA,US,West,
Sophia Laurenzi,sophia-laurenzi,Surface Level,https://sophialaurenzi.substack.com,Newsletter - Substack,,,,,,,"Crime, Mental Health, Identity/Belonging","New York, NY","Social Issues, Civic Life, Science Health & Environment",New York,NY,US,Northeast,
Sophia Li,sophia-li,Steward,https://www.instagram.com/sophfei,Video - Instagram,,,,,,,"Activism, Climate/Environment, Outdoors","New York, NY","Social Issues, Science Health & Environment, Lifestyle & Personal Life",New York,NY,US,Northeast,
Sophia Smith Galer,sophia-smith-galer,Sophia Smith Galer,https://www.tiktok.com/@sophiasmithgaler,Video - TikTok,Video - Instagram,https://www.instagram.com/sophiasgaler,,,,,"Culture, Tech",United Kingdom,"Money & Work, Culture & Media",,,GB,International,
Sophie from Mars,sophie-from-mars,Sophie from Mars,https://www.youtube.com/@SophiefromMars,Video - YouTube,Social - BlueSky,https://bsky.app/profile/sophiefrommars.bsky.social,,,,,Politics,UK,Power & Politics,,,GB,International,
Spencer Ackerman,spencer-ackerman,Forever Wars,https://www.forever-wars.com,Newsletter - Ghost,Social - BlueSky,https://bsky.app/profile/attackerman.bsky.social,,,,,National Security,"New York, NY",Power & Politics,New York,NY,US,Northeast,
Sree Sreenivasan,sree-sreenivasan,Sree’s Sunday Note,http://sreenet.Substack.com,Newsletter - Substack,Social - BlueSky,https://bsky.app/profile/sreenet.bsky.social,,,,,"Tech, Media/Power","New York, NY","Money & Work, Culture & Media",New York,NY,US,Northeast,
Sruthi Pinnamaneni,sruthi-pinnamaneni,Search Engine,https://www.searchengine.show/,Newsletter - Substack,,,,,,,"Tech, Internet Culture","Brooklyn, NY","Money & Work, Culture & Media",Brooklyn,NY,US,Northeast,
Stacey Leasca,stacey-leasca,@sleasca,https://www.instagram.com/sleasca,Video - Instagram,,,,,,,"Travel, Lifestyle",Portugal,Lifestyle & Personal Life,,,PT,International,
Steph Drahozal,steph-drahozal,A Ticket to Taste,https://www.instagram.com/atickettotaste/,Social - Instagram,,,,,,,Food,"Washington, DC",Lifestyle & Personal Life,Washington,DC,US,Mid-Atlantic,
Stephanie Humphrey,stephanie-humphrey,TechLife with Stephanie Humphrey,https://stephaniehumphrey.com,Website,,,,,,,Tech,"Philadelphia, PA",Money & Work,Philadelphia,PA,US,Northeast,
Stephanie Lau,stephanie-lau,Cook Club,https://cookclub.substack.com/,Newsletter - Substack,Website,https://stephaniealau.com,,,,,"Food, Culture","New York, NY","Culture & Media, Lifestyle & Personal Life",New York,NY,US,Northeast,
Stephanie Valdez,stephanie-valdez,steph.olution,https://www.instagram.com/steph.olution,Video - Instagram,,,,,,,"Activism, Politics, Government Accountability",National - US,"Power & Politics, Social Issues",,,US,National,
Stephanie Williams,stephanie-williams,La Fronde,https://la-fronde.com/,Newsletter - Beehiiv,Social - BlueSky,https://bsky.app/profile/stephwilliams.bsky.social,,,,,"Media/Power, Gender",National - US,"Social Issues, Culture & Media",,,US,National,
Stephen Beals,stephen-beals,,https://www.stbeals.com/,Newsletter - Substack,,,,,,,Comedy,,Culture & Media,,,,,
Stephen Janis,stephen-janis,Police Accountability Report,https://www.youtube.com/@PoliceAccountabilityReport,Video - YouTube,,,,,,,"Government Accountability, Investigative","Baltimore, MD","Power & Politics, Journalism Formats",Baltimore,MD,US,South,
Stephen Semler,stephen-semler,Polygraph,https://stephensemler.com,Newsletter - Substack,,,,,,,"National Security, Politics, Government Accountability",National - US,Power & Politics,,,US,National,
Stephen Smysnuik,stephen-smysnuik,The Level,https://www.readthelevel.ca,Website,Social - BlueSky,https://bsky.app/profile/smizznit.bsky.social,,,,,World,Canada,General News,,,CA,International,
Stephen Totilo,stephen-totilo,Game File,https://www.gamefile.news/,Newsletter - Substack,,,,,,,Culture,"Maplewood, NJ",Culture & Media,Maplewood,NJ,US,Northeast,
Stetson,stetson,,https://stetson.substack.com,Newsletter - Substack,,,,,,,Books/Writing,,Culture & Media,,,,,
Steve Burke,steve-burke,Gamers Nexus,https://www.youtube.com/@GamersNexus,Video - YouTube,,,,,,,Tech,North Carolina - US,Money & Work,,NC,US,South,
Steve Matteo,steve-matteo,MatteoMedia,https://www.thevinyldistrict.com,Website,Social - BlueSky,https://bsky.app/profile/matteomedia.bsky.social,,,,,"Music, Books/Writing, Art",New York - US,Culture & Media,,NY,US,Northeast,
Steve Morris,steve-morris,The Long Run,https://thelongrun.news,Newsletter - Beehiiv,,,,,,,Politics,"New York, NY",Power & Politics,New York,NY,US,Northeast,
Steve Mould,steve-mould,Steve Mould,https://www.youtube.com/@SteveMould,Video - YouTube,Social - BlueSky,https://bsky.app/profile/stevemould-ytbot.bsky.social,,,,,Science,United Kingdom,Science Health & Environment,,,GB,International,
Steve Ram,steve-ram,Steve Ram,https://www.youtube.com/@SteveRam,Video - YouTube,Video - TikTok,https://www.tiktok.com/@steveram3,,,,,"Politics, Internet Culture, General News","Houston, TX","Power & Politics, General News, Culture & Media",Houston,TX,US,South,
Steve Randy Waldman,steve-randy-waldman,Interfluidity,https://drafts.interfluidity.com,Website,,,,,,,"Finance/Economics, Politics",National - US,"Power & Politics, Money & Work",,,US,National,
Steve Schmidt,steve-schmidt,The Warning,https://steveschmidt.substack.com/,Newsletter - Substack,,,,,,,Politics,"Park City, UT",Power & Politics,Park City,UT,US,West,
Steve Vladeck,steve-vladeck,One First,https://www.stevevladeck.com,Newsletter - Substack,Social - BlueSky,https://bsky.app/profile/stevevladeck.bsky.social,,,,,Politics,National - US,Power & Politics,,,US,National,
Steven Bartlett,steven-bartlett,The Diary of a CEO,https://stevenbartlett.com,Podcast,Website,https://stevenbartlett.com,,,,,"Business, Self-Help",United Kingdom,"Money & Work, Lifestyle & Personal Life",,,GB,International,
Steven Crowder,steven-crowder,Louder with Crowder,https://www.youtube.com/@LouderWithCrowder,Video - YouTube,Social - Rumble,https://rumble.com/c/StevenCrowder,,,,,Politics,"Dallas, TX",Power & Politics,Dallas,TX,US,South,
Steven Donziger,steven-donziger,,https://stevendonziger.substack.com/,Newsletter - Substack,,,,,,,Human Rights,,Social Issues,,,,,
Steven Greenhouse,steven-greenhouse,Steven Greenhouse,https://stevengreenhouse.substack.com/,Newsletter - Substack,Social - BlueSky,https://bsky.app/profile/greenhousenyt.bsky.social,,,,,Labor/Workers Rights,"New York, NY",Money & Work,New York,NY,US,Northeast,
Steven Johnson,steven-johnson,Adjacent Possible,https://adjacentpossible.substack.com,Newsletter - Substack,,,,,,,Tech,"Brooklyn, NY",Money & Work,Brooklyn,NY,US,Northeast,
Steven Kimmi,steven-kimmi,,https://instagram.com/stevenkimmi,Social - Instagram,,,,,,,Travel,Kansas - US,Lifestyle & Personal Life,,KS,US,Midwest,
Stuart Schuffman,stuart-schuffman,BrokeAssStuart,https://www.instagram.com/brokeassstuart,Video - Instagram,,,,,,,"Things to Do, Local, Culture","San Francisco, CA","Civic Life, Culture & Media, Lifestyle & Personal Life",San Francisco,CA,US,West,
Summer Dean,summer-dean,Climate Diva,https://www.instagram.com/climatediva,Video - Instagram,,,,,,,"Fashion, Climate/Environment","Los Angeles, CA","Science Health & Environment, Lifestyle & Personal Life",Los Angeles,CA,US,West,
Suriel Chacón,suriel-chacon,Tiempo26,https://tiempo26.com,Website,Video - YouTube,,Social - TikTok,https://www.tiktok.com/@surielchacon,,,"General News, Investigative",Peru,"General News, Journalism Formats",,,PE,International,Global_South_World
Susan Rinkunas,susan-rinkunas,Autonomy News,https://www.autonomynews.co,Newsletter - Ghost,Social - BlueSky,https://bsky.app/profile/susanrinkunas.com,,,,,"Health/Wellness, Law/Legal Issues","New York, NY","Power & Politics, Science Health & Environment",New York,NY,US,Northeast,
Susan Vollenweider,susan-vollenweider,The History Chicks,https://thehistorychicks.com,Podcast,,,,,,,History,"Kansas City, MO",Culture & Media,Kansas City,MO,US,Midwest,
Susan Wise Bauer,susan-wise-bauer,The Well-Trained Mind,https://susanwisebauer.com,Website,Newsletter - Substack,,Podcast,,,,"Education, History","Charles City, VA","Civic Life, Culture & Media",Charles City,VA,US,South,
Susan Zakin,susan-zakin,,https://journaloftheplagueyears.substack.com/,Newsletter - Substack,,,,,,,Politics,,Power & Politics,,,,,
Suzanne Kianpour,suzanne-kianpour,Helmet to Heels,https://www.helmettoheels.com,Newsletter - Substack,Video - Instagram,https://www.instagram.com/kianpourworld/,Social - BlueSky,https://bsky.app/profile/kianpourworld.bsky.social,,,"Fashion, Politics, World",National - US,"Power & Politics, General News, Lifestyle & Personal Life",,,US,National,
Suzanne Lambert,suzanne-lambert,Suzanne Lambert,https://www.instagram.com/itssuzannelambert,Video - Instagram,Video - TikTok,https://www.tiktok.com/@itssuzannelambert?lang=en,,,,,"Politics, Comedy","Washington, DC","Power & Politics, Culture & Media",Washington,DC,US,Mid-Atlantic,
Suzy Verduron & Austin Chou,suzy-verduron-austin-chou,Suzy Verduron & Austin Chou,https://www.instagram.com/suzyandaustin,Social - Instagram,,,,,,,Travel,"New York, NY",Lifestyle & Personal Life,New York,NY,US,Northeast,
Swapna Krishna,swapna-krishna,Ad Astra,https://www.adastraspace.com,Video - YouTube,Newsletter - Beehiiv,https://swapna.beehiiv.com,,,,,Science,National - US,Science Health & Environment,,,US,National,
Sydnee McElroy,sydnee-mcelroy,Sawbones,https://www.themcelroy.family/sawbones,Podcast,,,,,,,"Health/Wellness, History",West Virginia - US,"Science Health & Environment, Culture & Media",,WV,US,South,
Syeda Khaula Saad,syeda-khaula-saad,Brown Lotus,https://www.syedakhaulasaad.com,Website,,,,,,,Health/Wellness,"Jersey City, NJ",Science Health & Environment,Jersey City,NJ,US,Northeast,
T.K. Coleman,tk-coleman,,https://podcasts.apple.com/us/podcast/one-question-with-t-k-coleman/id6789976502,Podcast,,,,,,,Self-Help,,Lifestyle & Personal Life,,,,,
Taegan Goddard,taegan-goddard,Political Wire,https://politicalwire.com,Website,Social - BlueSky,https://bsky.app/profile/politicalwire.com,,,,,Politics,New York - US,Power & Politics,,NY,US,Northeast,
Tahmina Aziz,tahmina-aziz,Tahmina Aziz,https://www.tiktok.com/@itstahminaaziz,Video - TikTok,,,,,,,"Food, Travel, Lifestyle",Canada,Lifestyle & Personal Life,,,CA,International,
Tala Al-Sharif,tala-al-sharif,Female Chimeras,https://www.instagram.com/femalechimeras/,Social - Instagram,,,,,,,"World, Gender",Palestine,"Social Issues, General News",,,PS,International,
Talia Jane,talia-jane,Talia Jane,https://bsky.app/profile/taliajane.bsky.social,Social - BlueSky,,,,,,,Activism,"New York, NY",Social Issues,New York,NY,US,Northeast,
Tamara Sacharczyk,tamara-sacharczyk,Tamara Sacharczyk,https://www.tiktok.com/@tamaranews,Video - TikTok,,,,,,,Day in a Life,"Washington, DC",Journalism Formats,Washington,DC,US,Mid-Atlantic,
Tana Ganeva,tana-ganeva,Substance,https://tanag.substack.com,Newsletter - Substack,,,,,,,Criminal Justice,"Brooklyn, NY",Social Issues,Brooklyn,NY,US,Northeast,
Tania Marien,tania-marien,Tal Aterra,https://www.talaterra.com/,Website,Podcast,,,,,,"Climate/Environment, Education",National - US,"Civic Life, Science Health & Environment",,,US,National,Institute_for_Independent_Journalists
Tanmoy Goswami,tanmoy-goswami,Sanity by Tanmoy,https://www.sanitybytanmoy.com,Newsletter - Ghost,,,,,,,"Mental Health, Health/Wellness, World",India,"Science Health & Environment, General News",,,IN,International,
Tanya,tanya-letshavefuninmd,Let's Have Fun in Md,https://www.instagram.com/letshavefuninmd/,Social - Instagram,Video - TikTok,https://www.tiktok.com/@letshavefuninmd_,,,,,Things to Do,"Washington, DC",Lifestyle & Personal Life,Washington,DC,US,Mid-Atlantic,
Tanya Badillo,tanya-badillo,Tanya Badillo,https://www.instagram.com/tanyabadillo,Video - Instagram,,,,,,,"Travel, Outdoors, Identity/Belonging","Seattle, WA","Social Issues, Lifestyle & Personal Life",Seattle,WA,US,West,
Tanzina Vega,tanzina-vega,The New Middle,https://tanzina.substack.com/,Newsletter - Substack,,,,,,,"Politics, Culture","New York, NY","Power & Politics, Culture & Media",New York,NY,US,Northeast,
Tara,tara,Tara,https://www.instagram.com/daysinthedistrict_ig/,Social - Instagram,Video - TikTok,https://www.tiktok.com/@daysinthedistrict_ig,Social - BlueSky,https://bsky.app/profile/taradublinrocks.com,,,Travel,"Washington, DC",Lifestyle & Personal Life,Washington,DC,US,Mid-Atlantic,
Tara Kangarlou,tara-kangarlou,Tara Kangarlou,https://www.instagram.com/tarakangarlou/,Social - Instagram,,,,,,,"World, Human Rights",National - US,"Social Issues, General News",,,US,National,
Tara Palmeri,tara-palmeri,The Red Letter,https://www.tarapalmeri.com,Newsletter - Substack,Video - YouTube,https://www.youtube.com/@tarapalmeri,Social - BlueSky,https://bsky.app/profile/tarapalmeri.bsky.social,,,"Politics, Media/Power","Washington, DC","Power & Politics, Culture & Media",Washington,DC,US,Mid-Atlantic,
Tara Parker-Pope,tara-parker-pope,One Day Better,https://substack.com/@taraparkerpope,Newsletter - Substack,,,,,,,Health/Wellness,National - US,Science Health & Environment,,,US,National,
Tara Powell-Blackwell,tara-powell-blackwell,MissPtv,http://linkedin.com/tarapblackwellmba,Social - LinkedIn,Video - Instagram,http://instagram.com/misstp90,,,,,"Tech, Lifestyle",North Carolina - US,"Money & Work, Lifestyle & Personal Life",,NC,US,South,
Tarric Brooker,tarric-brooker,Burnout Economics,https://www.burnouteconomics.com,Newsletter - Substack,,,,,,,Urban Planning,,Civic Life,,,,,
Taryn Finley,taryn-finley,,https://letsstayconnected.substack.com,Newsletter - Substack,Social - Twitter / X,https://x.com/_TARYNitUP,Social - Instagram,https://instagram.com/_tarynitup,,,Culture,"Brooklyn, NY",Culture & Media,Brooklyn,NY,US,Northeast,
Tatum Hunter,tatum-hunter,Tatum Hunter,https://bytatumhunter.substack.com,Newsletter - Substack,,,,,,,Politics,"Washington, DC",Power & Politics,Washington,DC,US,Mid-Atlantic,
Tatyana Arrington ,tatyana-arrington,What The Film,https://www.instagram.com/whatthefilmshow_,Video - Instagram,Video - Instagram,https://www.instagram.com/xotatyana,,,,,Sports,"Chicago, IL",Lifestyle & Personal Life,Chicago,IL,US,Midwest,
Taya Graham,taya-graham,Police Accountability Report,https://www.youtube.com/@PoliceAccountabilityReport,Video - YouTube,,,,,,,"Government Accountability, Investigative","Baltimore, MD","Power & Politics, Journalism Formats",Baltimore,MD,US,South,
Taylor Dahlin,taylor-dahlin,Taylor Dahlin,https://taylordahlin.com/,Website,Social - LinkedIn,https://www.linkedin.com/in/taylordahlin/,Social - Twitter / X,https://x.com/taylordahlin,Social - BlueSky,https://bsky.app/profile/taylordahlin.com,Local,"Minneapolis, MN",Civic Life,Minneapolis,MN,US,Midwest,
Taylor Justin,taylor-justin,The Haute Seeker,https://thehauteseeker.com,Website,,,,,,,"Things to Do, Restaurants and bars, Lifestyle, Food, Fashion, Design, Culture, Local","Chicago, IL","Civic Life, Culture & Media, Lifestyle & Personal Life",Chicago,IL,US,Midwest,
Taylor Lorenz,taylor-lorenz,UserMag,https://www.usermag.co,Newsletter - Substack,Social - BlueSky,https://bsky.app/profile/taylorlorenz.bsky.social,,,,,Internet Culture,National - US,Culture & Media,,,US,National,
Te-Erika Patterson,te-erika-patterson,The Feisty News for Women,https://www.tiktok.com/@te_erika,Video - TikTok,Social - Instagram,https://www.instagram.com/te_erika/,Video - YouTube,https://www.youtube.com/@te_erika,,,Gender,"Chicago, IL",Social Issues,Chicago,IL,US,Midwest,
Ted Gioia,ted-gioia,The Honest Broker,https://www.honest-broker.com,Newsletter - Substack,Social - BlueSky,https://bsky.app/profile/tedgioia.bsky.social,,,,,"Books/Writing, Art, Music","San Francisco, CA",Culture & Media,San Francisco,CA,US,West,
Ted Williams,ted-williams,Tiny Money,https://tinymoney.com,Newsletter - Beehiiv,,,,,,,"Careers, Local","Charlotte, NC","Civic Life, Money & Work",Charlotte,NC,US,South,
Teddy Ostrow,teddy-ostrow,The Upsurge,https://theupsurge.substack.com,Newsletter - Substack,Podcast,https://therealnews.com/the-upsurge,Social - BlueSky,https://bsky.app/profile/teddyostrow.bsky.social,,,Labor/Workers Rights,"New York, NY",Money & Work,New York,NY,US,Northeast,
Teddy Wilson,teddy-wilson,,https://www.radicalreports.org,Newsletter - Substack,Social - BlueSky,https://bsky.app/profile/reportbywilson.bsky.social,,,,,Politics,,Power & Politics,,,,,
Teiva Harsanyi,teiva-harsanyi,The Coder Cafe,https://read.thecoder.cafe/,Newsletter - Substack,,,,,,,Tech,,Money & Work,,,,,
Terry Moran,terry-moran,Real Patriotism,https://realpatriotism.com,Website,Newsletter - Substack,https://terrymoran.substack.com,Video - YouTube,https://www.youtube.com/@RealPatriotism,,,"Politics, Government Accountability",National - US,Power & Politics,,,US,National,
The Bigs,the-bigs,The Bigs,https://www.thebigs.us,Website,,,,,,,"Local, Sports","Chicago, IL","Civic Life, Lifestyle & Personal Life",Chicago,IL,US,Midwest,
The Hill Is Home,the-hill-is-home,The Hill Is Home,https://www.instagram.com/thehillishome,Video - Instagram,,,,,,,Local,"Washington, DC",Civic Life,Washington,DC,US,Mid-Atlantic,
The Hyattsville Wire,the-hyattsville-wire,The Hyattsville Wire,https://www.instagram.com/hyattsvillewire,Video - Instagram,Social - Facebook,https://www.facebook.com/hyattsvillewire/,,,,,Local,Maryland - US,Civic Life,,MD,US,South,
The JAAM,the-jaam,The JAAM,https://thejaampod.com,Podcast,Social - TikTok,https://www.tiktok.com/@thejaampod,,,,,"Politics, Local","Chicago, IL","Power & Politics, Civic Life",Chicago,IL,US,Midwest,
The Other DC,the-other-dc,The Other DC,https://www.instagram.com/theotherdc/,Social - Instagram,,,,,,,Photography,"Washington, DC",Culture & Media,Washington,DC,US,Mid-Atlantic,
The Pudding,the-pudding,The Pudding,https://pudding.cool,Chat - SMS,Social - BlueSky,https://bsky.app/profile/puddingviz.bsky.social,,,,,Data Visualization,National - US,Journalism Formats,,,US,National,
Theo Henderson,theo-henderson,We The Unhoused,https://podcasts.apple.com/us/podcast/we-the-unhoused/id1490017575,Podcast,,,,,,,"Activism, Housing","Los Angeles, CA","Social Issues, Civic Life",Los Angeles,CA,US,West,
Theo Lloyd-Hughes,theo-lloyd-hughes,Theo Lloyd-Hughes,https://bsky.app/profile/theolloydhughes.bsky.social,Social - BlueSky,,,,,,,Sports,"New Orleans, LA",Lifestyle & Personal Life,New Orleans,LA,US,South,
Theresa Goodrich,theresa-goodrich,Living Landmarks Of Chicago,https://chicagolandmarks.substack.com,Newsletter - Substack,,,,,,,"Culture, Architecture, Local, History, Things to Do","Chicago, IL","Civic Life, Culture & Media, Lifestyle & Personal Life",Chicago,IL,US,Midwest,
Thinking Basketball,thinking-basketball,Thinking Basketball,https://www.thinkingbasketball.net,Podcast,,,,,,,Sports,National - US,Lifestyle & Personal Life,,,US,National,
Thomas des Garets Geddes,thomas-geddes,Sinification,https://www.sinification.org/,Newsletter - Substack,,,,,,,Foreign Policy,United Kingdom,Power & Politics,,,GB,International,
Thomas Goetz,thomas-goetz,Drug Story,https://www.drugstory.co/,Podcast,Social - Twitter / X,https://x.com/tgoetz,Newsletter - Substack,https://podcasts.apple.com/us/podcast/drug-story/id1852858415,Social - BlueSky,https://bsky.app/profile/thgoetz.bsky.social,Health/Wellness,"San Francisco, CA",Science Health & Environment,San Francisco,CA,US,West,
Thomas Hochman,thomas-hochman,Green Tape,https://www.greentape.pub/,Newsletter - Substack,,,,,,,Climate/Environment,"Washington, DC",Science Health & Environment,Washington,DC,US,Mid-Atlantic,
Thomas Zimmer,thomas-zimmer,Democracy Americana,https://steady.page/en/democracyamericana/posts,Website,Social - BlueSky,https://bsky.app/profile/thomaszimmer.bsky.social,,,,,History,Germany,Culture & Media,,,DE,International,
Thor Benson,thor-benson,Madness,https://madness.ghost.io,Newsletter - Ghost,Video - YouTube,https://www.youtube.com/@readmadness,,,,,"Politics, Tech",National - US,"Power & Politics, Money & Work",,,US,National,
Tiffany A. Yu,tiffany-a-yu,Disabled and Well,https://www.tiktok.com/@imtiffanyyu,Video - TikTok,,,,,,,"Identity/Belonging, Activism","Los Angeles, CA",Social Issues,Los Angeles,CA,US,West,
Tiffany Aliche,tiffany-aliche,The Budgetnista,https://www.instagram.com/thebudgetnista,Video - Instagram,Social - Twitter / X,https://x.com/TheBudgetnista,,,,,Personal Finance,National - US,Money & Work,,,US,National,
Tiffany Grant,tiffany-grant,Money Talk With Tiff,https://moneytalkwitht.com,Website,,,,,,,Personal Finance,"Greensboro, NC",Money & Work,Greensboro,NC,US,South,
Tiffany Higgins,tiffany-higgins,Tiffany Higgins,https://www.noosphere.app/author/tiffany/,Video - Noosphere,Website,https://tiffanyhiggins.com,,,,,"Climate/Environment, Human Rights","Oakland, CA","Social Issues, Science Health & Environment",Oakland,CA,US,West,
Tiffany Janzen,tiffany-janzen,Tiff in Tech,https://www.instagram.com/tiffintech,Video - Instagram,,,,,,,"Science, Tech",Canada,"Science Health & Environment, Money & Work",,,CA,International,
Tim Dillon,tim-dillon,The Tim Dillon Show,https://www.timdilloncomedy.com,Podcast,,,,,,,Comedy,"Los Angeles, CA",Culture & Media,Los Angeles,CA,US,West,
Tim Dodd,tim-dodd,Everyday Astronaut,https://www.youtube.com/@EverydayAstronaut,Video - YouTube,Social - Twitter / X,https://twitter.com/Erdayastronaut,,,,,Science,National - US,Science Health & Environment,,,US,National,
Tim Ebner,tim-ebner,Tim Ebner,https://www.instagram.com/ebnert/,Social - Instagram,Social - Twitter / X,https://x.com/ebnert,Social - LinkedIn,https://www.linkedin.com/in/timebner/,Social - BlueSky,https://bsky.app/profile/timebner.bsky.social,Restaurants and bars,"Washington, DC",Lifestyle & Personal Life,Washington,DC,US,Mid-Atlantic,
Tim Foley,tim-foley,Caitlin's Newsletter,https://www.caitlinjohnst.one,Newsletter - Substack,,,,,,,"Politics, Foreign Policy",Australia,Power & Politics,,,AU,International,
Tim Mak,tim-mak,The Counteroffensive,https://www.counteroffensive.news,Newsletter - Substack,Social - BlueSky,https://bsky.app/profile/timkmak.bsky.social,,,,,World,Ukraine,General News,,,UA,International,
Tim Pool,tim-pool,Timcast,https://www.youtube.com/@Timcast,Video - YouTube,,,,,,,"Politics, Culture",National - US,"Power & Politics, Culture & Media",,,US,National,
Tim Trudell,tim-trudell,Tim Trudell,https://thewalkingtourists.com/tim-trudell-freelance-writer-author,Website,,,,,,,Travel,"Omaha, NE",Lifestyle & Personal Life,Omaha,NE,US,Midwest,Institute_for_Independent_Journalists
Tim Urban,tim-urban,Wait But Why,https://waitbutwhy.com,Website,,,,,,,Explanatory,"New York, NY",Journalism Formats,New York,NY,US,Northeast,
Timnit Gebru,timnit-gebru,Timnit Gebru,https://x.com/timnitGebru,Social - Twitter / X,,,,,,,Tech,California - US,Money & Work,,CA,US,West,
Timothy B. Lee,timothy-lee,Understanding AI,https://www.understandingai.org/,Newsletter - Substack,,,,,,,Tech,"Washington, DC",Money & Work,Washington,DC,US,Mid-Atlantic,
Timothy Brien,timothy-brien,Timothy Brien,https://timothybrien.substack.com,Newsletter - Substack,,,,,,,Art,"Fredericksburg, VA",Culture & Media,Fredericksburg,VA,US,South,Institute_for_Independent_Journalists
Timothy Snyder,timothy-snyder,Thinking About...,https://snyder.substack.com,Newsletter - Substack,Social - BlueSky,https://bsky.app/profile/timothysnyder.bsky.social,,,,,History,"New Haven, CT",Culture & Media,New Haven,CT,US,Northeast,
Tina Brown,tina-brown,Fresh Hell,https://tinabrown.substack.com,Newsletter - Substack,Social - Twitter / X,https://x.com/TinaBrownLM,Social - BlueSky,https://bsky.app/profile/tinabrownlm.bsky.social,,,Media/Power,"New York, NY",Culture & Media,New York,NY,US,Northeast,
Tina Dunphy,tina-dunphy,Tina Dunphy,https://www.instagram.com/tinaka202/,Social - Instagram,Social - Facebook,https://www.facebook.com/tinaka202/,,,,,Photography,"Washington, DC",Culture & Media,Washington,DC,US,Mid-Atlantic,
Tine & Kiefer,tine-kiefer,Tine & Kiefer,https://www.tiktok.com/@tineandkiefer,Social - TikTok,Social - Instagram,https://www.instagram.com/tineandkiefer/,Video - YouTube,https://www.youtube.com/@tineandkiefer,,,Travel,"Washington, DC",Lifestyle & Personal Life,Washington,DC,US,Mid-Atlantic,
Tobias Harris,tobias-harris,Observing Japan,https://observingjapan.substack.com,Newsletter - Substack,,,,,,,World,Japan,Power & Politics,,,JP,International,
Tod Maffin,tod-maffin,Far and Wide,https://farandwide.news,Newsletter - Beehiiv,Social - BlueSky,https://bsky.app/profile/todmaffin.com,,,,,"Politics, Culture","Nanaimo, BC, Canada","Power & Politics, Culture & Media",Nanaimo,"BC, Canada",,,
Todd Miller,todd-miller,The Border Chronicle,https://theborderchronicle.substack.com,Newsletter - Substack,,,,,,,Immigration,"Tucson, AZ",Social Issues,Tucson,AZ,US,West,
Todd Moss,todd-moss,Eat More Electrons,https://toddmoss.substack.com,Newsletter - Substack,Social - BlueSky,https://bsky.app/profile/toddzilla72.bsky.social,,,,,Climate/Environment,"Washington, DC",Science Health & Environment,Washington,DC,US,Mid-Atlantic,
Tom Bueno,tom-bueno,Um Diabético,https://umdiabetico.com.br,Website,Video - YouTube,https://www.youtube.com/channel/UCMn6jU8_Wci70DCxbghAFYA,Social - TikTok,https://www.tiktok.com/@tom_bueno,,,Health/Wellness,Brazil,Science Health & Environment,,,BR,International,Global_South_World
Tom Lobianco,tom-lobianco,24 Sight News,https://www.linkedin.com/in/tomlobianco,Newsletter - Substack,Social - Twitter / X,https://x.com/tomlobianco,,,,,Politics,"Washington, DC",Power & Politics,Washington,DC,US,Mid-Atlantic,
Tom Martin,tom-martin,LawDroid,https://lawdroid.substack.com,Newsletter - Substack,Social - BlueSky,https://bsky.app/profile/lawdroid.bsky.social,,,,,"Law/Legal Issues, Politics, Tech",Canada,"Power & Politics, Money & Work",,,CA,International,
Tom Nicholas,tom-nicholas,Tom Nicholas,https://www.youtube.com/@Tom_Nicholas,Video - YouTube,,,,,,,"Politics, History",United Kingdom,"Power & Politics, Culture & Media",,,GB,International,
Tom Shroder,tom-shroder,,https://tomshroder.substack.com/,Newsletter - Substack,Website,https://tomshroder.com/,,,,,Tech,,Money & Work,,,,,
Tom Sietsema,tom-sietsema,Next Course with Tom Sietsema,https://nextcourse.beehiiv.com/,Newsletter - Beehiiv,Social - Instagram,https://www.instagram.com/tomsietsema/,Social - Twitter / X,https://x.com/tomsietsema,Social - BlueSky,https://bsky.app/profile/tomsietsema.bsky.social,Food,"Washington, DC",Lifestyle & Personal Life,Washington,DC,US,Mid-Atlantic,
Tomas Pueyo,tomas-pueyo,Uncharted Territories,https://unchartedterritories.tomaspueyo.com/,Newsletter - Substack,,,,,,,Tech,,Money & Work,,,,,
Tommy Geoco,tommy-geoco,Designer Tom,https://www.tiktok.com/@designertom,Video - TikTok,,,,,,,Tech,National - US,Money & Work,,,US,National,
Tommy Tomlinson,tommy-tomlinson,The Writing Shed,https://tommytomlinson.substack.com,Newsletter - Substack,Social - BlueSky,https://bsky.app/profile/tommytomlinson.bsky.social,,,,,"Culture, Local, Books/Writing","Charlotte, NC","Civic Life, Culture & Media",Charlotte,NC,US,South,
Tomo Chien,tomo-chien,Morning Trojan,https://morningtrojan.com,Newsletter - Beehiiv,,,,,,,"Local, Education","Los Angeles, CA",Civic Life,Los Angeles,CA,US,West,
Tonatiuh Higareda,tonatiuh-higareda,Tonatiuh Higareda,https://www.instagram.com/tonatiuhhigareda,Social - Instagram,,,,,,,"Travel, Food","Mexico City, Mexico",Lifestyle & Personal Life,Mexico City,,MX,International,
Toni McLellan,toni-mclellan,,https://www.heywordpecker.com,Newsletter - Substack,,,,,,,Comedy,,Culture & Media,,,,,
Tony Case,tony-case,Workwire,https://workwire.substack.com,Newsletter - Substack,,,,,,,"Business, Careers",Massachusetts - US,Money & Work,,MA,US,Northeast,
Tony Chen,tony-chen,Setups AI,https://www.instagram.com/setupsai,Video - Instagram,,,,,,,Tech,National - US,Money & Work,,,US,National,
Tony Mecia,tony-mecia,The Charlotte Ledger,https://www.thecharlotteledger.com,Newsletter - Substack,,,,,,,Local,"Charlotte, NC",Civic Life,Charlotte,NC,US,South,
Tony P.,tony-p,Tony P in DC,https://www.instagram.com/_tonypindc,Video - Instagram,,,,,,,Day in a Life,"Washington, DC",Journalism Formats,Washington,DC,US,Mid-Atlantic,
Tory Lysik,tory-lysik,Recovered Factory,https://recoveredfactory.net/en,Newsletter - Other,,,,,,,"Data Visualization, History","New York, NY","Culture & Media, Journalism Formats",New York,NY,US,Northeast,
TP Huang,tp-huang,China Tech Talk,https://tphuang.substack.com/,Newsletter - Substack,,,,,,,Tech,,Money & Work,,,,,
Traci Thomas,traci-thomas,The Stacks,https://thestackspodcast.com,Podcast,,,,,,,Books/Writing,"Los Angeles, CA",Culture & Media,Los Angeles,CA,US,West,
Tracy Pearson,tracy-pearson,Dr. Tracy Explains,https://drtracyexplains.substack.com/,Newsletter - Substack,Video - YouTube,https://www.youtube.com/@TracyExplains,,,,,"Law/Legal Issues, Politics, Culture","Washington, DC","Power & Politics, Culture & Media",Washington,DC,US,Mid-Atlantic,Institute_for_Independent_Journalists
Travis View,travis-view,QAA Podcast,https://www.qanonanonymous.com/,Podcast,Video - YouTube,https://www.youtube.com/@QAAPodcast,Social - BlueSky,https://bsky.app/profile/travisview.bsky.social,,,"Comedy, History, Media/Power",National - US,Power & Politics,,,US,National,
Tre'vell Anderson,trevell-anderson,Tre'vell Anderson,https://www.instagram.com/rayzhon,Video - Instagram,,,,,,,"LGBTQIA, Culture","Los Angeles, CA","Social Issues, Culture & Media",Los Angeles,CA,US,West,
Trent Ernst,trent-ernst,Tumbler Ridge Lines,https://tumblerridgelines.com/,Website,,,,,,,Local,Canada,Civic Life,,,CA,International,
Trevor May,trevor-may,iamtrevormay,https://www.twitch.tv/iamtrevormay,Video - Twitch,Social - BlueSky,https://bsky.app/profile/iamtrevormay.bsky.social,,,,,Sports,National - US,Lifestyle & Personal Life,,,US,National,
Trish Pasricha,trish-pasricha,Trish Pasricha MD,https://www.instagram.com/trishapasrichamd,Video - Instagram,,,,,,,"Health/Wellness, Science","Boston, MA",Science Health & Environment,Boston,MA,US,Northeast,
Trish Regan,trish-regan,Trish Regan Show,https://podcasts.apple.com/us/podcast/the-trish-regan-show/id1526687124,Podcast,Video - YouTube,https://www.youtube.com/@TrishReganChannel,Newsletter - Other,https://www.76research.com/76report,,,"Politics, Finance/Economics",National - US,"Power & Politics, Money & Work",,,US,National,
Tristen,tristen-nomzallday,Nomz All Day,https://www.instagram.com/nomzallday,Video - Instagram,Video - TikTok,https://www.tiktok.com/@nomzallday,,,,,"Restaurants and bars, Things to Do","Washington, DC",Lifestyle & Personal Life,Washington,DC,US,Mid-Atlantic,
Triston Black,triston-black,Arizona Native Vote,https://arizonanativevote.org,Website,,,,,,,Local,"Tsaile, AZ",Civic Life,Tsaile,AZ,US,West,
Troy Petenbrink,troy-petenbrink,Troy Petenbrink,https://www.instagram.com/thegaytraveler/,Social - Instagram,Website,https://thegaytraveler.com/,Social - Facebook,https://www.facebook.com/thegaytraveler/,Social - Twitter / X,https://x.com/thegaytraveler,Travel,"Washington, DC",Lifestyle & Personal Life,Washington,DC,US,Mid-Atlantic,
Trung Phan,trung-phan,Trung Phan,https://trungphan.substack.com,Newsletter - Substack,Social - BlueSky,https://bsky.app/profile/ikimus.bsky.social,,,,,Finance/Economics,Canada,Money & Work,,,CA,International,
Tucker Carlson,tucker-carlson,Tucker Carlson Network,https://www.youtube.com/@TuckerCarlson,Video - YouTube,Podcast,https://tuckercarlson.com,Social - Twitter / X,https://x.com/TuckerCarlson,,,Politics,National - US,Power & Politics,,,US,National,
Tuvia Gering,tuvia-gering,Discourse Power,https://discoursepower.substack.com/,Newsletter - Substack,,,,,,,Foreign Policy,Israel,Power & Politics,,,IL,International,
Ty Burr,ty-burr,Ty Burr's Watch List,https://www.tyburrswatchlist.com,Newsletter - Ghost,Social - BlueSky,https://bsky.app/profile/tyburr.bsky.social,,,,,"Entertainment/Hollywood, Film/Movies",National - US,Culture & Media,,,US,National,
Tyler Dunne,tyler-dunne,Go Long,https://golongtd.com,Newsletter - Substack,Social - BlueSky,https://bsky.app/profile/tydunne.bsky.social,,,,,"Sports, Investigative",New York - US,"Journalism Formats, Lifestyle & Personal Life",,NY,US,Northeast,
Tyler Gardner,tyler-gardner,socialcapofficial,https://www.instagram.com/socialcapofficial,Video - Instagram,,,,,,,Personal Finance,National - US,Money & Work,,,US,National,
Tyrese Alleyne-Davis,tyrese-alleyne-davis,Game on Wheels,https://gameonwheels.substack.com,Newsletter - Substack,,,,,,,Sports,"Brooklyn, NY",Lifestyle & Personal Life,Brooklyn,NY,US,Northeast,Institute_for_Independent_Journalists
Ugo Lord,ugo-lord,The Modern Attorney,https://www.tiktok.com/@ugolord,Video - TikTok,,,,,,,Law/Legal Issues,"Los Angeles, CA",Power & Politics,Los Angeles,CA,US,West,
Ulrike Langer,ulrike-langer,News Machines,https://newsmachines.beehiiv.com,Newsletter - Beehiiv,,,,,,,"Tech, Media/Power","Washington, DC","Money & Work, Culture & Media",Washington,DC,US,Mid-Atlantic,
Unraveled Press,unraveled-press,Unraveled Press,https://www.unraveledpress.com,Social - TikTok,,,,,,,"Immigration, Criminal Justice, Local","Chicago, IL","Social Issues, Civic Life",Chicago,IL,US,Midwest,
V Spehar,v-spehar,Under the Desk News,https://www.tiktok.com/@underthedesknews,Video - TikTok,Video - Instagram,https://www.instagram.com/underthedesknews,,,,,"General News, Politics","Rochester, NY","Power & Politics, General News",Rochester,NY,US,Northeast,
Valentin Farkasch,valentin-farkasch,Orbit for Creators,https://www.youtube.com/@orbitforcreators,Video - YouTube,,,,,,,Media/Power,Austria,Culture & Media,,,AT,International,
Valerie Monroe,valerie-monroe,,https://valeriemonroe.substack.com,Newsletter - Substack,,,,,,,Beauty,"New York, NY",Lifestyle & Personal Life,New York,NY,US,Northeast,
Valerie Plesch,valerie-plesch,Valerie Plesch,https://www.instagram.com/valerieplesch/,Social - Instagram,Website,https://www.valerieplesch.com/,Social - BlueSky,https://bsky.app/profile/valerieplesch.bsky.social,,,Photography,"Washington, DC",Culture & Media,Washington,DC,US,Mid-Atlantic,
Van Jackson,van-jackson,Un-Diplomatic,https://www.un-diplomatic.com/,Newsletter - Substack,Podcast,https://www.undiplomaticpodcast.com/,Video - YouTube,https://www.youtube.com/@un-diplomaticpodcast,Social - BlueSky,https://bsky.app/profile/vanjackson.bsky.social,Foreign Policy,"Wellington, New Zealand",Power & Politics,Wellington,,NZ,International,
Vanessa Armstrong,vanessa-armstrong,Tube Talk Media,https://tubetalk.media,Newsletter - Beehiiv,Social - BlueSky,https://bsky.app/profile/vanessa-armstrong.com,,,,,"History, Entertainment/Hollywood, Books/Writing","Los Angeles, CA",Culture & Media,Los Angeles,CA,US,West,
Venkatesh Rao,venkatesh-rao,Contraptions,https://contraptions.venkateshrao.com,Newsletter - Substack,,,,,,,Tech,"Kirkland, WA",Money & Work,Kirkland,WA,US,West,
Versha Sharma,versha-sharma,Fine Lines,https://versharma.substack.com,Newsletter - Substack,Social - Instagram,https://www.instagram.com/versharma,,,,,"Culture, Identity/Belonging, Politics","New York, NY","Power & Politics, Social Issues, Culture & Media",New York,NY,US,Northeast,
Vica Reich,vica-reich,Vica Reich,https://www.tiktok.com/@vicareich,Video - TikTok,,,,,,,"Politics, Culture",Germany,"Power & Politics, Culture & Media",,,DE,International,
Victoria Elena Valenzuela,victoria-elena-valenzuela,With My Heart,https://victoriaevalenzuela.substack.com,Newsletter - Substack,Social - Twitter / X,https://x.com/Victoriaevalenz,Social - BlueSky,https://bsky.app/profile/vevalenz.bsky.social,Social - LinkedIn,https://www.linkedin.com/in/victoria-valenzuela-14a603191,Criminal Justice,"Los Angeles, CA",Social Issues,Los Angeles,CA,US,West,
Victoria Loi,victoria-loi,Victoria Loi,https://www.instagram.com/victorialoi,Social - Instagram,,,,,,,Travel,Vietnam,Lifestyle & Personal Life,,,VN,International,
Victoria M. Walker,victoria-m-walker,Carrying On,https://victoriamwalker.substack.com,Newsletter - Substack,,,,,,,Travel,"New York, NY",Lifestyle & Personal Life,New York,NY,US,Northeast,
Victoria Pickering,victoria-pickering,Victoria Pickering,https://www.instagram.com/vpickering/,Social - Instagram,Website,https://www.victoriapickering.com/,Social - Twitter / X,https://twitter.com/vpickering,,,Photography,"Washington, DC",Culture & Media,Washington,DC,US,Mid-Atlantic,
Victoria Wolff,victoria-wolff,Our Amagansett House,https://ouramagansetthouse.substack.com,Newsletter - Substack,,,,,,,"Day in a Life, Design, Lifestyle","New York, NY","Culture & Media, Journalism Formats, Lifestyle & Personal Life",New York,NY,US,Northeast,
Vienna Pharaon LMFT,vienna-pharaon-lmft,Mindful MFT,https://www.instagram.com/mindfulmft,Video - Instagram,,,,,,,Mental Health,New York - US,Science Health & Environment,,NY,US,Northeast,
Vince Beiser,vince-beiser,Power Metal,https://powermetal.substack.com,Newsletter - Substack,Website,https://vincebeiser.com,Social - BlueSky,https://bsky.app/profile/vincebeiser.bsky.social,,,"Climate/Environment, Tech, Government Accountability",Canada,"Power & Politics, Civic Life, Science Health & Environment, Money & Work",,,CA,International,
Vince Tweddell,vince-tweddell,"The Hendersonian -- monthly local newsmagazine, founder/publisher/editor",https://the-hendersonian.com,Website,,,,,,,Local,"Henderson, KY",Civic Life,Henderson,KY,US,South,
Vincent Racaniello,vincent-racaniello,This Week in Virology,https://www.microbe.tv/twiv/,Podcast,Video - YouTube,https://www.youtube.com/@MicrobeTV,Website,https://www.microbe.tv,,,"Science, Health/Wellness","New York, NY",Science Health & Environment,New York,NY,US,Northeast,
Violet Witchel,violet-witchel,Violet's Substack,https://violetcooks.substack.com,Newsletter - Substack,Social - Instagram,https://www.instagram.com/violetwitchel,,,,,"Food, Recipes","San Francisco, CA",Lifestyle & Personal Life,San Francisco,CA,US,West,
Vir Sanghvi,vir-sanghvi,Vir Sanghvi,https://www.instagram.com/virsanghvi/,Social - Instagram,Social - BlueSky,https://bsky.app/profile/virsanghvi.bsky.social,,,,,"Food, Travel, Politics",India,"Power & Politics, Lifestyle & Personal Life",,,IN,International,
Virgil Texas,virgil-texas,Bad Faith,https://badfaithpodcast.com,Podcast,Video - YouTube,https://www.youtube.com/@BadFaithPodcast,,,,,Politics,National - US,Power & Politics,,,US,National,
Virginia Heffernan,virginia-heffernan,Magic and Loss,https://virginiaheffernan.substack.com,Newsletter - Substack,Podcast,https://www.whatroughbeastpod.com,,,,,"Tech, Culture, Politics",National - US,"Power & Politics, Money & Work, Culture & Media",,,US,National,
Virginia Sole-Smith,virginia-sole-smith,Burnt Toast,https://www.patreon.com/cw/virginiasolesmith,Patreon,Newsletter - Substack,https://virginiasolesmith.substack.com/,Social - Instagram,https://www.instagram.com/v_solesmith/,Social - BlueSky,https://bsky.app/profile/virginiasolesmith.bsky.social,"Food, Home, Parenting","New York, NY",Lifestyle & Personal Life,New York,NY,US,Northeast,
Viri Ríos,viri-rios,Mexico Decoded,https://www.mexicodecoded.com,Newsletter - Substack,Website,https://viririos.com,Social - TikTok,https://www.tiktok.com/@viririosc,,,"Politics, Finance/Economics",Mexico,"Power & Politics, Money & Work",,,MX,International,Global_South_World
Vivian Tu,vivian-tu,Your Rich BFF,https://www.instagram.com/your.richbff,Video - TikTok,Video - Instagram,https://www.instagram.com/your.richbff/,,,,,"Finance/Economics, Personal Finance",National - US,Money & Work,,,US,National,
Vlad,vlad-vladyyy,A Different Perspective,https://vladyyy.substack.com,Newsletter - Substack,,,,,,,"Self-Help, Tech, Culture",California - US,"Money & Work, Culture & Media, Lifestyle & Personal Life",,CA,US,West,
Vlad Vexler,vlad-vexler,Vlad Vexler,https://www.youtube.com/@vladvexler,Video - YouTube,Social - BlueSky,https://bsky.app/profile/vladvexler.bsky.social,,,,,"World, Politics",United Kingdom,"Power & Politics, General News",,,GB,International,
W. Eric Martin,w-martin,Board Game Beat -- tabletop-games journalism,https://www.wericmartin.com/,Newsletter - Ghost,,,,,,,Media/Power,"Raleigh, NC",Culture & Media,Raleigh,NC,US,South,
Wade Wright,wade-wright,Indo-Pacific Insight,https://indopacificinsights.substack.com,Newsletter - Substack,Social - LinkedIn,https://www.linkedin.com/newsletters/indo-pacific-insight-7294644948576976896,,,,,"Foreign Policy, World",Australia,"Power & Politics, General News",,,AU,International,
Wajahat Ali,wajahat-ali,Wajahat Ali,https://x.com/WajahatAli,Social - Twitter / X,,,,,,,"Politics, Faith/Religion","Washington, DC","Power & Politics, Social Issues",Washington,DC,US,Mid-Atlantic,
Walking Chicago,walking-chicago,Walking Chicago,https://www.tiktok.com/@walking.chi,Social - TikTok,,,,,,,"Local, Lifestyle","Chicago, IL","Civic Life, Lifestyle & Personal Life",Chicago,IL,US,Midwest,
Walter Hickey,walter-hickey,Numlock News,https://www.numlock.com,Newsletter - Substack,Social - BlueSky,https://bsky.app/profile/walthickey.bsky.social,,,,,General News,"New York, NY",General News,New York,NY,US,Northeast,
Washingtonian Problems,washingtonian-problems,Washingtonian Problems,https://www.instagram.com/washingtonianprobs,Video - Instagram,Social - Twitter / X,https://x.com/WashProbs,,,,,"Local, Culture","Washington, DC","Civic Life, Culture & Media",Washington,DC,US,Mid-Atlantic,
Webbie,webbie,Webbie,https://www.tiktok.com/@webbiefoot,Social - TikTok,,,,,,,Lifestyle,"Washington, DC",Lifestyle & Personal Life,Washington,DC,US,Mid-Atlantic,
Wendall Wilson,wendall-wilson,Level1Techs,https://www.youtube.com/@level1techs,Video - YouTube,,,,,,,Tech,Kentucky - US,Money & Work,,KY,US,South,
Wendell Potter,wendell-potter,HEALTH CARE un-covered,https://wendellpotter.substack.com,Newsletter - Substack,Social - BlueSky,https://bsky.app/profile/wendellpotter.bsky.social,,,,,"Health/Wellness, Policy","Philadelphia, PA","Power & Politics, Science Health & Environment",Philadelphia,PA,US,Northeast,
Wes Platt,wes-platt,Southpoint Access,https://southpointaccess.substack.com,Newsletter - Substack,,,,,,,Local,"Durham, NC",Civic Life,Durham,NC,US,South,
Whats The Word,whats-the-word,Whats The Word,https://www.tiktok.com/@whatsthewordtv,Video - TikTok,,,,,,,"Local, Culture","Chicago, IL","Civic Life, Culture & Media",Chicago,IL,US,Midwest,
Whitney Bauck,whitney-bauck,Unwrinkling,https://whitneybauck.substack.com,Newsletter - Substack,Video - Instagram,https://www.instagram.com/unwrinkling,Social - BlueSky,https://bsky.app/profile/whitneybauck.bsky.social,,,"Climate/Environment, Food, Explanatory","New York, NY","Science Health & Environment, Journalism Formats, Lifestyle & Personal Life",New York,NY,US,Northeast,
Wil Reidie,wil-reidie,,https://wilreidie.substack.com,Newsletter - Substack,Website,https://www.recoveringlinecook.com,,,,,Food,"Turku, Finland",Lifestyle & Personal Life,Turku,,FI,International,
William (Will) Flanary,william-will-flanary,Dr. Glaucomflecken,https://www.youtube.com/@DGlaucomflecken,Video - YouTube,,,,,,,"Comedy, Health/Wellness",Oregon - US,"Science Health & Environment, Culture & Media",,OR,US,West,
William Arkin,william-arkin,Government Secrets,https://governmentsecrets.substack.com,Newsletter - Substack,Social - Twitter / X,https://x.com/warkin,,,,,Foreign Policy,"Encinitas, CA",Power & Politics,Encinitas,CA,US,West,
William Spaniel,william-spaniel,William Spaniel,https://www.youtube.com/@Gametheory101,Video - YouTube,Social - BlueSky,https://bsky.app/profile/gametheory101.bsky.social,,,,,"World, National Security",National - US,"Power & Politics, General News",,,US,National,
Willow Belden,willow-belden,Willow Belden,http://www.outtherepodcast.com,Website,,,,,,,Outdoors,Wyoming - US,Lifestyle & Personal Life,,WY,US,West,Institute_for_Independent_Journalists
Wren Woodson,wren-woodson,NEWSGIRLS,https://www.instagram.com/newsgirls.reports,Video - Instagram,,,,,,,"General News, Politics","New York, NY","Power & Politics, General News",New York,NY,US,Northeast,
Ximena Natera,ximena-natera,Ximena Natera,https://www.instagram.com/menanatera/,Social - Instagram,Website,https://www.ximenanatera.com,,,,,"Photography, Human Rights, Immigration, Identity/Belonging","Berkeley, CA","Social Issues, Culture & Media",Berkeley,CA,US,West,
Yael Schonbrun,yael-schonbrun,,https://relationalriffs.substack.com,Newsletter - Substack,,,,,,,Mental Health,,Science Health & Environment,,,,,
Yaling Jiang,yaling-jiang,Following the Yuan,https://www.chineseconsumers.news/,Newsletter - Substack,,,,,,,Finance/Economics,China,Money & Work,,,,China,
Yannic Kilcher,yannic-kilcher,Yannic Kilcher,https://www.youtube.com/@yannickilcher,Video - YouTube,Social - Twitter / X,https://twitter.com/ykilcher,,,,,Tech,Switzerland,Science Health & Environment,,,CH,International,
Yascha Mounk,yascha-mounk,Persuasion,https://www.persuasion.community,Newsletter - Substack,,,,,,,Politics,"Washington, DC",Power & Politics,Washington,DC,US,Mid-Atlantic,
Yashar Ali,yashar-ali,The Reset,https://x.com/yashar,Social - Twitter / X,Newsletter - Substack,https://yashar.substack.com/,,,,,"World, General News, Politics","New York, NY","Power & Politics, General News",New York,NY,US,Northeast,
Yashica Dutt,yashica-dutt,,https://www.yashicadutt.com,Website,,,,,,,Identity/Belonging,"Brooklyn, NY",Social Issues,Brooklyn,NY,US,Northeast,
Yasi Salek,yasi-salek,Fast & Loose,https://www.fast-loose.com/,Newsletter - Substack,,,,,,,Culture,"Los Angeles, CA",Culture & Media,Los Angeles,CA,US,West,
Yasmin,yasmin,Yasmin,https://www.tiktok.com/@yazieatsgood,Social - TikTok,Social - Instagram,https://www.instagram.com/yazieatsgood/,,,,,Restaurants and bars,"Washington, DC",Lifestyle & Personal Life,Washington,DC,US,Mid-Atlantic,
Yatzuri Thomas,yatzuri-thomas,Kids Quarantiine and Me,https://www.instagram.com/kidsquarantineandme/,Social - Instagram,Social - Facebook,https://www.facebook.com/KidsQuarantineAndMe/,,,,,Things to Do,"Washington, DC",Lifestyle & Personal Life,Washington,DC,US,Mid-Atlantic,
Yawu Miller,yawu-miller,The Flipside,https://flipsidenews.net/,Website,Social - BlueSky,https://bsky.app/profile/yawumiller.bsky.social,,,,,Local,"Boston, MA",Civic Life,Boston,MA,US,Northeast,
Yeganeh Torbati,yeganeh-torbati,Yeganeh Torbati,https://yeganehtorbati.substack.com,Newsletter - Substack,,,,,,,"Foreign Policy, World",Turkey,"Power & Politics, General News",,,TR,International,
Yessina Funes,yessina-funes,Possibilities,https://www.possibilities.news,Newsletter - Ghost,,,,,,,Climate/Environment,"New York, NY",Science Health & Environment,New York,NY,US,Northeast,
Yoav Davis,yoav-davis,Jews of NY,https://www.instagram.com/jews_of_ny,Video - Instagram,,,,,,,"Local, Identity/Belonging","New York, NY","Social Issues, Civic Life",New York,NY,US,Northeast,
Yonah Freemark,yonah-freemark,The Transport Politic,https://www.thetransportpolitic.com,Website,Social - BlueSky,https://bsky.app/profile/yonahfreemark.com,,,,,"Urban Planning, Transportation","Washington, DC",Civic Life,Washington,DC,US,Mid-Atlantic,
Yoni Greenbaum,yoni-greenbaum,Backstory & Strategy,https://www.backstoryandstrategy.com,Newsletter - Substack,Social - BlueSky,https://bsky.app/profile/yonigre.bsky.social,,,,,"Media/Power, Business",Pennsylvania - US,"Money & Work, Culture & Media",,PA,US,Northeast,
Your Digital Docent,your-digital-docent,Your Digital Docent,https://www.instagram.com/digitaldocent_,Video - Instagram,,,,,,,Museums,"Washington, DC",Culture & Media,Washington,DC,US,Mid-Atlantic,
Yowei Shaw,yowei-shaw,Proxy,https://www.proxypodcast.com,Podcast,Video - Instagram,https://www.instagram.com/yoweishaw/,Social - BlueSky,https://bsky.app/profile/yoweishaw.bsky.social,,,"Science, Mental Health, Health/Wellness, Culture, Identity/Belonging","Philadelphia, PA","Social Issues, Science Health & Environment, Culture & Media",Philadelphia,PA,US,Northeast,
Yulia Denisyuk,yulia-denisyuk,Going Places Media,https://www.goingplacesmedia.com,Newsletter - Ghost,Social - BlueSky,https://bsky.app/profile/yuliadenisyuk.bsky.social,,,,,Travel,"Chicago, IL",Lifestyle & Personal Life,Chicago,IL,US,Midwest,
Yuri Fernandes,yuri-fernandes,Colabora,https://youtube.com/@colaborajornalismo,Video - YouTube,Website,https://projetocolabora.com.br/,Social - BlueSky,https://bsky.app/profile/yurifernandes1.bsky.social,,,"Media/Power, Climate/Environment",Brazil,"Science Health & Environment, Culture & Media",,,BR,International,
Yuti Joshi,yuti-joshi,Yuti Joshi,https://www.youtube.com/@YutiJoshi,Video - YouTube,Social - Twitter / X,https://twitter.com/joshiyuti,,,,,"World, Culture, Tech","Atlanta, GA","Money & Work, General News, Culture & Media",Atlanta,GA,US,South,
Yuval Ben-Hayun,yuval-ben-hayun,Yuval the Terrible,https://www.tiktok.com/@yuvaltheterrible,Video - TikTok,,,,,,,"General News, Government Accountability",National - US,"Power & Politics, General News",,,US,National,
Yves Engler,yves-engler,Canadian Foreign Policy Hour,https://yvesengler.com,Website,Podcast,,,,,,Foreign Policy,"Montreal, Canada",Power & Politics,Montreal,,CA,International,
Yves Smith,yves-smith,Naked Capitalism,https://www.nakedcapitalism.com,Website,,,,,,,"Finance/Economics, Politics",National - US,"Power & Politics, Money & Work",,,US,National,
Yvonne Condes,yvonne-condes,Yvonne Condes,https://yvonneinla.com/,Website,,,,,,,Parenting,"Los Angeles, CA",Lifestyle & Personal Life,Los Angeles,CA,US,West,Institute_for_Independent_Journalists
Yvonne Liu,yvonne-liu,Yvonne Liu,https://yvonneliuwriter.substack.com/,Newsletter - Substack,,,,,,,"Identity/Belonging, Mental Health",National - US,"Social Issues, Science Health & Environment",,,US,National,Institute_for_Independent_Journalists
Zac Bowling,zac-bowling,Yes In My Backyard,https://www.tiktok.com/@yesinmybackyard,Social - TikTok,Video - YouTube,https://www.youtube.com/@YesInMyBackyard,Social - BlueSky,https://bsky.app/profile/zacbowling.com,,,"Housing, Urban Planning, Policy","Alameda, CA","Power & Politics, Civic Life",Alameda,CA,US,West,
Zach Griff,zach-griff,From the Tray Table,https://fromthetraytable.com,Newsletter - Beehiiv,,,,,,,Travel,"New York, NY",Lifestyle & Personal Life,New York,NY,US,Northeast,
Zachary Hourihane,zachary-hourihane,Swiftologist,https://swiftologist.substack.com/,Newsletter - Substack,,,,,,,Culture,National - US,Culture & Media,,,US,National,
Zachary Rubin,zachary-rubin,"Pediatric allergist turned content creator, 4M+ followers debunking allergy/immunology misinformation",https://www.tiktok.com/@rubin_allergy,Video - TikTok,,,,,,,Science,,Science Health & Environment,,,,,
Zack Richard,zack-richard,NFL Historic,https://www.instagram.com/nflhistoric,Video - YouTube,,,,,,,Sports,National - US,Lifestyle & Personal Life,,,US,National,
Zackory Kirk,zackory-kirk,Zacktivist,https://www.tiktok.com/@zactivist,Video - TikTok,,,,,,,"Politics, Activism",National - US,"Power & Politics, Social Issues",,,US,National,
Zahra Burton,zahra-burton,18 Degrees North,https://18degreesnorthtv.substack.com/,Newsletter - Substack,,,,,,,"Investigative, World",Jamaica,"General News, Journalism Formats",,,JM,International,
Zaid Admani,zaid-admani,Admani Explains,https://www.tiktok.com/@admani_explains,Video - TikTok,Social - LinkedIn,https://www.linkedin.com/in/zaid-admani/,,,,,"Business, Tech","Houston, TX",Money & Work,Houston,TX,US,South,
Zanna Van Dijk,zanna-van-dijk,Zanna Van Dijk,https://www.instagram.com/zannavandijk,Social - Instagram,,,,,,,Travel,"London, England",Lifestyle & Personal Life,London,England,,,
Zanny Steffgen,zanny-steffgen,Zanny Steffgen,https://www.zannymerullosteffgen.com/,Website,,,,,,,"Recipes, Travel",Colorado - US,Lifestyle & Personal Life,,CO,US,West,Institute_for_Independent_Journalists
Zeke Hausfather,zeke-hausfather,The Climate Brink,https://www.theclimatebrink.com,Newsletter - Substack,Video - YouTube,,Social - BlueSky,https://bsky.app/profile/hausfath.bsky.social,,,Climate/Environment,Texas - US,Science Health & Environment,,TX,US,South,
Zerlina Maxwell,zerlina-maxwell,The Inner Work Dispatch,https://zerlinamaxwell.substack.com,Newsletter - Substack,Video - Instagram,https://www.instagram.com/zerlinamaxwell/?hl=en,Social - BlueSky,https://bsky.app/profile/zerlinamaxwell.bsky.social,,,"Politics, Gender",Italy,"Power & Politics, Social Issues",,,IT,International,
Zineb Haddaji,zineb-haddaji,Photography of Zineb,https://www.linkedin.com/in/zineb-haddaji-54907a2a3,Social - LinkedIn,Video - Instagram,https://www.instagram.com/photographyofzineb,Social - Twitter / X,https://x.com/medhazin,,,Local,"Phoenix, AZ",Civic Life,Phoenix,AZ,US,West,
Zoë Hannah,zo-hannah,Mothership,https://www.mothership.blog,Newsletter - Ghost,Social - BlueSky,https://bsky.app/profile/zoehhannah.com,,,,,"Games/Gaming, Gender",National - US,"Social Issues, Culture & Media",,,US,National,
Zoë Yasemin Akihary,zoe-yasemin-akihary,,https://artdirection.substack.com,Newsletter - Substack,,,,,,,Design,,Culture & Media,,,,,
Zuby,zuby,Real Talk with Zuby,https://www.realtalkwithzuby.com/,Podcast,Newsletter - Substack,,,,,,Culture,,Culture & Media,,,,,
Áron Molnár,aron-molnar,Áron Molnár,https://www.instagram.com/molnararon,Social - Instagram,Social - Facebook,https://www.facebook.com/molnararonofficial/,,,,,Politics,Hungary,Power & Politics,,,HU,International,
Özlem Gürses,ozlem-gurses,Özlem Gürses,https://www.youtube.com/@ozlemgurses,Video - YouTube,Social - Twitter / X,https://x.com/ozlemgurses,,,,,Politics,Turkey,Power & Politics,,,TR,International,
柴静 Chai Jing,chai-jing,柴静 Chai Jing,https://www.youtube.com/@chaijing2023,Video - YouTube,Newsletter - Substack,https://chaijing.substack.com,,,,,"Investigative, Climate/Environment",International,"Science Health & Environment, Journalism Formats",,,,International,
王志安,wang-zhian,Wang Zhian,https://www.youtube.com/@wangzhian,Video - YouTube,,,,,,,"Investigative, World",Japan,"General News, Journalism Formats",,,JP,International,
Bryce Reddy,bryce-reddy,,https://www.instagram.com/mombrain.therapist/,Social - Instagram,,,,,,,Parenting,New England,Lifestyle & Personal Life,,,US,Northeast,
Elizabeth Gomez,elizabeth-gomez,,https://www.instagram.com/eliggarcia/,Social - Instagram,,,,,,,Culture,Illinois - US,Culture & Media,Chicago,IL,US,Midwest,
Tyler McCauley,tyler-mccauley,The Unskippables,https://theunskippables.substack.com/,Newsletter - Substack,,,,,,,Music,,Culture & Media,,,,,
Lisa Bass,lisa-bass,Farmhouse on Boone,https://www.farmhouseonboone.com,Website,Social - Instagram,https://www.instagram.com/farmhouseonboone/,Video - YouTube,https://www.youtube.com/farmhouseonboone,,,Home,,Lifestyle & Personal Life,,,,,
Claire Zulkey,claire-zulkey,Evil Witches,https://www.evilwitches.com,Newsletter - Ghost,Social - Instagram,https://www.instagram.com/klarzulk,,,,,Culture,Illinois - US,Culture & Media,Evanston,IL,US,Midwest,
