gsd_rank,region,name,country,tiktok_url,tiktok_followers,primary_url,platform_type,institutional_employer,content_language,atlas_tier,tier_rationale,gsd_bio_excerpt,notes
1,Africa,Ogechi Emeh (Adaigbo Global),Nigeria,https://www.tiktok.com/@adaigboglobal,UNVERIFIED,,TikTok-only,Independent,English,B,Own brand (Adaigbo Global) with clear editorial identity but no confirmed publishing home beyond social media.,"News reporter and digital storyteller amplifying Igbo culture and heritage, reporting on social-economic issues affecting Nigerians.",Recognized on GSD's own 2025 Africa powerlist. Produces original content under own brand but TikTok-first with no newsletter/podcast confirmed.
2,Africa,Vito Gaye,Senegal,https://www.tiktok.com/@vitogaye20,UNVERIFIED,,Website,313 Digital,French/Wolof,C,Staff journalist and television presenter at 313 Digital — institutional employer confirmed in bio.,"Journalist, radio host, and television presenter at 313 Digital recognized for engaging current affairs commentary and voice-over work.",313 Digital is a Senegalese digital media company. Institutional staff role.
3,Africa,Miss Coumbae,Senegal,https://www.tiktok.com/@misscoumbae,UNVERIFIED,,TikTok-only,RTS (Radiodiffusion Télévision Sénégalaise),French/Wolof,C,Staff presenter at RTS — the Senegalese national public broadcaster. TikTok is personal side channel.,"Sports journalist and presenter at RTS known for dynamic football coverage, Real Madrid supporter with vibrant personality.",RTS is Senegal's state broadcaster. Clear TIER C.
4,Africa,Hikma Temam,Ethiopia,https://www.tiktok.com/@hikma.....t,UNVERIFIED,,TikTok-only,Ethiopian Broadcasting Corporation,Amharic,C,LinkedIn confirms Assistant Producer at EBC (Ethiopian Broadcasting Corporation) — 100% state-owned broadcaster.,"Ethiopian digital storyteller exploring Africa's political, cultural, and social realities through YouTube, celebrating progress while challenging misconceptions.",EBC is Ethiopian state TV. Despite independent-sounding GSD bio her primary role is institutional.
5,Africa,Rose Jiya Nima,Nigeria,https://www.tiktok.com/@officer_boo,UNVERIFIED,,TikTok-only,Unknown,English,B,Dual identity as journalist and police officer — unclear primary publishing home and editorial independence.,"Journalist, police officer, and on-air personality bridging law enforcement and journalism with engaging social media presence.",No confirmed independent publishing home. Unusual dual journalist/police role warrants editorial scrutiny.
6,Africa,Nana Kwame Adasah,Ghana,https://www.tiktok.com/@nanakwame_adasah,UNVERIFIED,,TikTok-only,EIB Network,English,C,Affiliated with EIB Network — one of Ghana's largest media conglomerates (Empire FM / Onua TV / Asaase Radio). Institutional.,"Broadcast journalist, professional MC, and poet affiliated with EIB Network, renowned for compelling spoken word performances.",EIB Network is a major institutional Ghanaian media group.
7,Africa,Cheikh Kébé,Senegal,https://www.tiktok.com/@cheikhkebe2journaliste,UNVERIFIED,,TikTok-only,2sTV,French/Wolof,C,Explicitly identified as journalist and reporter at 2sTV — a Senegalese institutional television channel.,"Journalist and reporter at 2sTV known for clear, engaging reporting on social and cultural issues, hosting public discussion programs.",2sTV is an established Senegalese TV outlet. Clear institutional employee.
8,Africa,Shaffie Zele,Kenya,https://www.tiktok.com/@shaffiezele,UNVERIFIED,,TikTok-only,Unknown,English/Swahili,B,Sports journalist with brand ambassador work — no confirmed primary employer or independent publishing home found.,"Sports journalist known for energetic football coverage and brand ambassador work, blending sports commentary with entertainment.",May be freelance or contracted — insufficient info to confirm independence. Needs Ryan review.
9,Africa,Gethou Bapile Gbi,Democratic Republic of the Congo,https://www.tiktok.com/@gethoubapilegbi,UNVERIFIED,,TikTok-only,Unknown,French,B,Very vague bio — journalist and content creator with no employer or independent platform identified.,Journalist and content creator engaging audiences through varied content showcasing personal perspectives and interests.,No research return on independent platform or employer. Mark UNVERIFIED.
10,Africa,Alex Nawej Tshikomb,Democratic Republic of the Congo,https://www.tiktok.com/@alex__nawej__tshikomb,UNVERIFIED,,TikTok-only,Unknown,French,B,Bio blends journalism with MCing and fashion in Lubumbashi — no confirmed employer or independent publishing home.,"Congolese journalist and content creator blending journalism with MCing, dance, and fashion in the Lubumbashi media landscape.",TIER B pending more info. Could be entertainment-leaning rather than journalism.
11,Africa,Devlin's Report,Ghana,https://www.tiktok.com/@ghanamustgotv,UNVERIFIED,,TikTok-only,Unknown,English,B,Appears to operate as independent news brand (own TikTok handle @ghanamustgotv) but no newsletter/podcast/website confirmed beyond social.,"Ghanaian journalist known for timely breaking news coverage and in-depth analyses of national political developments.",Independent brand identity but no publishing home beyond social confirmed. TIER B pending research into whether website exists.
12,Africa,Beker,Ethiopia,https://www.tiktok.com/@beker853,UNVERIFIED,,TikTok-only,Unknown,Amharic,B,Extremely vague bio — no employer or independent platform identified.,"Ethiopian journalist and content creator sharing varied content on social media platforms with growing digital influence.",Insufficient information. UNVERIFIED. Content language and employer both unknown.
13,Africa,Astou Konaté,Senegal,https://www.tiktok.com/@astou_konate_officiel,UNVERIFIED,,TikTok-only,Seneweb,French/Wolof,C,Confirmed journalist and presenter at Seneweb — one of Senegal's largest online news portals. Institutional staff role.,"Journalist and presenter at Seneweb, Communication graduate, known for dynamic sports journalism coverage, nominated for Best Journalist award 2024.",Seneweb is a major institutional Senegalese outlet.
14,Africa,Peace Diane Bagala,Uganda,https://www.tiktok.com/@peacedianesport1,UNVERIFIED,,TikTok-only,"CBS FM, BBS Terefayina",English,C,Confirmed staff roles at two institutional Ugandan broadcasters — CBS FM and BBS Terefayina.,"Sports journalist and presenter at CBS FM and BBS Terefayina recognized for insightful football commentary and analysis.",Two confirmed institutional employers. Clear TIER C.
15,Africa,Millard Afrael Ayo,Tanzania,https://www.tiktok.com/@millardayo_,UNVERIFIED,,TikTok-only,Unknown,Swahili/English,B,Bio references past work at Clouds FM and ITV/Radio One but no current employer confirmed — may now be independent.,"Journalist and broadcaster voted Most Influential Young Tanzanian in 2018, worked with Clouds FM and ITV/Radio One.",Past institutional; current status unclear. Worth searching further — if freelance now could upgrade to A.
16,Africa,Hausa Guy,Nigeria,https://www.tiktok.com/@hausa_guy,UNVERIFIED,,TikTok-only,Unknown,Hausa/English,B,Own brand identity with independent-sounding bio but no confirmed newsletter/podcast/website found.,"Multimedia journalist based in Abuja telling stories in Hausa and English, spotlighting social justice and cultural identity issues.",No search return on independent platform. TikTok-only brand.
17,Africa,Mohamed El Amine Diop,Senegal,https://www.tiktok.com/@mohamed_diop_journaliste,UNVERIFIED,,TikTok-only,"Wiwsport, iGFM",French/Wolof,C,Confirmed staff sports journalist at Wiwsport and iGFM — both established Senegalese institutional outlets.,"Sports journalist covering football and mixed martial arts for Wiwsport and iGFM, providing analysis on major sporting events.",Two institutional employers confirmed.
18,Africa,Kojo Kinn,Ghana,https://www.tiktok.com/@kojokinn_,UNVERIFIED,,TikTok-only,Modern Ghana (freelance contributor),English,B,Freelance contributor to Modern Ghana with personal music projects — neither fully independent nor staff.,"Entertainment journalist writing for Modern Ghana on music, culture, and arts, while pursuing personal musical projects.",Freelance contributor status = TIER B. Not staff but also no own publishing home confirmed.
19,Africa,Fifame Salome Attadedji,Benin,https://www.tiktok.com/@journaliste_et_mc,UNVERIFIED,,TikTok-only,Unknown (television journalist),French,C,Described explicitly as television journalist — institutional affiliation likely but outlet not named in bio.,"Bilingual television journalist and live MC combining broadcasting, performance, and fashion with focus on mindset and cultural trends.",Employer not named — TIER C on basis of institutional TV role. Outlet unknown.
20,Africa,Nsoatreman TV,Ghana,https://www.tiktok.com/@nsoatremantv1,UNVERIFIED,,TikTok-only,Unknown,English,B,Blends journalism with philanthropy and music promotion — brand name suggests own channel but no confirmed publishing home.,"Ghanaian media figure blending journalism with philanthropy and music promotion across broadcast and digital platforms.",Brand name implies own outlet but unclear if journalism-primary. TIER B.
21,Africa,Kwame Dela da Fishbone,Ghana,https://www.tiktok.com/@kwamedelafishbone,UNVERIFIED,,TikTok-only,Wontumi Radio/TV,English,C,Bio explicitly places him at Wontumi Radio/TV — Ghanaian institutional broadcaster.,"Sports journalist providing sharp commentary on Ghanaian football, previously at Angel FM, now with Wontumi Radio/TV.",Current employer Wontumi Radio/TV confirmed. Clear TIER C.
22,Africa,Oratile Kekana,South Africa,https://www.tiktok.com/@oratile_kekana1,UNVERIFIED,,TikTok-only,Capricorn FM,English,C,Confirmed newsreader at Capricorn FM — institutional South African community radio broadcaster.,"Newsreader at Capricorn FM anchoring weekend segments, previously at Zebediela FM and TUT FM, covering health and governance topics.",Institutional newsreader. Clear TIER C.
23,Africa,Christian Chez Vous,Republic of the Congo,https://www.tiktok.com/@christianlawu,UNVERIFIED,,TikTok-only,Unknown,French,B,Covers political affairs and conflict with own brand but no employer or independent publishing home confirmed.,"Congolese journalist exploring political affairs and conflict, building platforms for civic discourse and spotlighting underreported stories.",Independent-sounding mission but employer unconfirmed. No newsletter/podcast found. TIER B.
24,Africa,Frank Mavura,Tanzania,https://www.tiktok.com/@frankmavura,UNVERIFIED,,TikTok-only,BBC News Swahili,Swahili,C,Confirmed BBC News Swahili staff — flagship example of institutional journalist with TikTok side channel.,"Multimedia journalist at BBC News Swahili, mental health advocate, and voice-over artist producing content for East African audiences.",BBC staff. Clear TIER C.
25,Africa,Monte Oz,Ghana,https://www.tiktok.com/@monteozafrica,UNVERIFIED,https://monteoz.com,Website,Independent (freelance),English,A,Freelance journalist with own website (monteoz.com) and YouTube channel; confirmed not staff at any outlet; 91-country travel journalist operating under own brand from Finland.,"International journalist and travel storyteller documenting cultures across 91 countries, sharing immersive narratives highlighting connections between global experiences and local stories.",Muck Rack lists him as freelance journalist for Modern Ghana/Nigeria Abroad. Has personal website and YouTube. TIER A.
26,Africa,Yaya Muhammad,Nigeria,https://www.tiktok.com/@yaya_muhammad,UNVERIFIED,,TikTok-only,Unknown (radio station manager),English/Hausa,C,Described as station manager — institutional media management role even if outlet name not given.,"Multimedia journalist and station manager integrating storytelling with strategic communication.",Station manager = institutional leadership role. TIER C.
27,Africa,Bassant El Miniawy,Egypt,https://www.tiktok.com/@bassant.elminiawy,UNVERIFIED,,TikTok-only,Cairo 24,Arabic,C,Confirmed journalist and anchor at Cairo 24 — Egyptian institutional digital TV news outlet.,"Journalist and anchor at Cairo 24 presenting current affairs programming.",Institutional anchor. Clear TIER C.
28,Africa,All Star Blog,Ghana,https://www.tiktok.com/@allstarblogg,UNVERIFIED,,TikTok-only,Unknown,English,B,FIFA and CAF accredited sports journalist with own brand name but no confirmed independent website/newsletter.,"Accredited sports journalist with FIFA and CAF credentials.",Own brand but no publishing home confirmed beyond social. TIER B.
29,Africa,Hassannoor Ciyaarjaceyl,Kenya,https://www.tiktok.com/@hassannoorciyaarjaceyl,UNVERIFIED,,TikTok-only,Unknown,Somali/English,B,Provides real-time reporting and political commentary — no confirmed employer or independent platform.,"Journalist providing real-time reporting and political commentary.",Insufficient information. UNVERIFIED employer and platform.
30,Africa,Sports Doctor,Ghana,https://www.tiktok.com/@sportsdoctorgh,UNVERIFIED,,TikTok-only,Unknown (radio),English,C,Described as co-hosting a radio segment — institutional radio role even if outlet unnamed.,"Sports journalist co-hosting radio segment on local sports.",Radio co-host = institutional. TIER C.
31,Africa,Donald Prince Kouassi,Benin,https://www.tiktok.com/@donaldprincekpanou,UNVERIFIED,,TikTok-only,Unknown,French,B,Religious journalist covering community stories — no employer or independent platform confirmed.,"Religious journalist covering faith-based community stories.",No employer or platform data. TIER B.
32,Africa,El Solo TV,Benin,https://www.tiktok.com/@1.elsolotv,UNVERIFIED,,TikTok-only,Unknown,French,B,Creator brand blending comedy/poetry/commentary — entertainment-leaning; no confirmed journalism employer or independent outlet.,"Multi-talented creator blending comedy, poetry and journalistic commentary.",Content blend tilts toward entertainment. TIER B.
33,Africa,Habiba Amdala,Ethiopia,https://www.tiktok.com/@habibaamdala,UNVERIFIED,,TikTok-only,Unknown (TV),Amharic,C,Identified as TV anchor presenting news and current affairs — institutional even though specific outlet not named.,"TV anchor presenting news and current affairs content.",Institutional TV anchor. TIER C.
34,Africa,Xaaji Mideeye,Somalia,https://www.tiktok.com/@xaajimideeye2,UNVERIFIED,,TikTok-only,Independent (self-described),Somali,B,Self-described independent journalist but no confirmed publishing platform beyond TikTok/social media found.,"Independent journalist publishing breaking news and real-time reporting.",Bio says independent — no research confirms newsletter/podcast/website. TikTok-only defaults to TIER B.
35,Africa,Ahmed Hamouda,Egypt,https://www.tiktok.com/@ahmedhamoouda,UNVERIFIED,,TikTok-only,Unknown (sports TV),Arabic,C,Sports presenter delivering analysis and match commentary — institutional presenter role even if outlet unnamed.,"Sports presenter delivering analysis and match commentary.",Institutional presenter. TIER C.
36,Africa,Jean-Baptiste Kabeya,Democratic Republic of the Congo,https://www.tiktok.com/@wayako4,UNVERIFIED,,TikTok-only,"Community radio, online outlets",French,B,Works with community radio and online outlets — possible independent operation but no confirmed standalone platform.,"Political journalist reporting for community radio and online outlets.",Could be community-independent. TIER B — needs further research.
37,Africa,Germain Muloko,Democratic Republic of the Congo,https://www.tiktok.com/@germainmuloko1,UNVERIFIED,,TikTok-only,Unknown,French,B,Described as journalist and media director — institutional role likely but outlet not confirmed.,"Journalist and media director overseeing journalistic content.",Insufficient info. TIER B.
38,Africa,Fagende Abdi,Somalia,https://www.tiktok.com/@fagende5,UNVERIFIED,,TikTok-only,Unknown (broadcast),Somali,C,Described as directing regional news broadcasts — institutional broadcast director role.,Journalist directing regional news broadcasts across multiple formats.,Broadcast director = institutional. TIER C.
39,Africa,Elimane Cissé,Senegal,https://www.tiktok.com/@elimane_cisse,UNVERIFIED,,YouTube,Unknown,French/Wolof,B,Sports journalist with own YouTube channel — has secondary platform but no confirmed independent editorial home.,"Sports journalist and YouTuber streaming football and martial arts.",YouTube presence is a positive signal but not sufficient alone for TIER A.
40,Africa,Munakabanga,Uganda,https://www.tiktok.com/@munakabangaofficial,UNVERIFIED,,TikTok-only,Unknown,English,B,Sports commentator with no confirmed employer or independent platform.,"Sports commentator combining live analysis with in-depth coverage.",Insufficient information. TIER B.
41,Africa,Danladi Rock,Ghana,https://www.tiktok.com/@danladirock,UNVERIFIED,,TikTok-only,Unknown,English,B,Musician and journalist — hybrid identity with no confirmed primary journalism employer or independent outlet.,"Musician and journalist weaving social commentary into musical content.",Music-journalism hybrid. Unclear independence.
42,Africa,Mbaye Anta,Senegal,https://www.tiktok.com/@chronique_de_mbaye,UNVERIFIED,,TikTok-only,Unknown,French/Wolof,B,Sports journalist specializing in football — no employer or independent platform confirmed.,"Sports journalist specializing in football coverage and local talent.",Insufficient info. TIER B.
43,Africa,Presenter Athman,Kenya,https://www.tiktok.com/@presenter_athman,UNVERIFIED,,TikTok-only,Unknown (radio),English/Swahili,B,Blends radio and sports commentary — radio role suggests institutional but outlet unnamed.,"Journalist blending radio, sports commentary and lifestyle storytelling.",Radio role = likely institutional. TIER B pending outlet confirmation.
44,Africa,Seydou Nourou,Senegal,https://www.tiktok.com/@seydou_nourou_officiel,UNVERIFIED,,TikTok-only,Unknown (TV),French/Wolof,C,Identified as TV presenter and journalist — institutional even without outlet named.,"TV presenter and journalist sharing media, culture and faith content.",Institutional TV presenter. TIER C.
45,Africa,Roger Elgon,Uganda,https://www.tiktok.com/@biigrogerelgon,UNVERIFIED,,TikTok-only,Unknown (radio station),English,C,Radio station manager — institutional management role.,"Radio station manager covering culture, entertainment, and local governance.",Institutional station manager. TIER C.
46,Africa,Kissibo Hawali Baggett,Uganda,https://www.tiktok.com/@khbuganda,UNVERIFIED,https://www.youtube.com/channel/UCD_xW7t6GY0v8RaXgq9Hx3A,YouTube,Independent,English,A,"Independent investigative journalist with own YouTube channel (KHB UGANDA), covers fraud, street crimes, and local governance in Busoga region with no confirmed institutional employer.","Investigative journalist conducting grassroots investigations on local governance.",YouTube channel confirmed. No institutional employer found. Operates under own name/brand. TIER A.
47,Africa,Mohamed Ally (Magical Moha),Kenya,https://www.tiktok.com/@magicalmoha,302600,https://www.facebook.com/magicalmoha/,TikTok-only,Independent (self-described),English/Swahili,B,Self-described independent investigative journalist with 302K+ TikTok followers — no independent publishing platform confirmed beyond social media.,"Investigative journalist using direct style to highlight political and justice issues.",Active on TikTok/Facebook/YouTube. Strong follower count but no newsletter/podcast/website as primary home. TIER B.
48,Africa,Dokteur Mouaz,Cameroon,https://www.tiktok.com/@dokteur_mouaz,UNVERIFIED,,TikTok-only,Unknown,French,B,Journalist and IT entrepreneur combining news with tech — no confirmed employer or independent publishing home.,"Journalist and IT entrepreneur combining news updates with tech insights.",Dual identity. Insufficient info for tier upgrade.
49,Africa,Alex Charming,Ghana,https://www.tiktok.com/@alexcharmingdotcomm,UNVERIFIED,,TikTok-only,Unknown,English,B,Blogger/journalist/lab tech — multimedia but no confirmed independent journalism platform or employer.,"Blogger, journalist, and lab tech creating informative multimedia content.",Triple-identity creator. TIER B.
50,Africa,Feleke Demissie,Ethiopia,https://www.tiktok.com/@felekedemissieoffical,UNVERIFIED,,TikTok-only,Unknown,Amharic,B,Sports journalist with no confirmed employer or independent platform.,"Sports journalist sharing news, reviews, and analysis with engaging storytelling.",Insufficient info. TIER B.
51,Africa,Hodmanshow,Kenya,https://www.tiktok.com/@hodmanshow,UNVERIFIED,,TikTok-only,Unknown,Somali/English,B,Has blog/interview format but no confirmed independent publishing home with editorial separation from social media.,"Somali journalist (Hodman Cadceed Gelle) sharing news through interviews and blogs with relatable, accessible style.",Blog presence is positive signal. TIER B.
52,Africa,Nana Boadu Obuobi,Ghana,https://www.tiktok.com/@nanaboaduobuobi,UNVERIFIED,https://www.youtube.com/c/BoaduTV,YouTube,Angel FM (primary),English,B,Staff at Angel FM (institutional) but also runs own Boadu TV YouTube channel — dual affiliation keeps this at TIER B.,"Award-winning broadcast journalist, blogger, and media consultant producing content through Boadu TV YouTube channel.",Has independent YouTube brand (Boadu TV) alongside institutional role at Angel FM. TIER B.
53,Africa,Gina Show,Ghana,https://www.tiktok.com/@gina1show,UNVERIFIED,,TikTok-only,Unknown,English,B,Journalist creating TikTok content — own brand but no publishing home beyond social media confirmed.,"Ghanaian journalist creating TikTok content presenting relevant news with clear, accessible narrative explanations.",TikTok-only defaults to TIER B.
54,Africa,Kaosara Omo Yoruba,Nigeria,https://www.tiktok.com/@kaosaraomoyoruba,UNVERIFIED,,TikTok-only,Independent (freelance),English,B,Self-described freelance journalist and social media manager — freelance status is positive but no independent publishing home confirmed.,"Social media manager, freelance journalist, and content creator producing diverse content covering news, lifestyle, and insights.",Freelance but TikTok-only platform. TIER B.
55,Africa,Diketso Maja,South Africa,https://www.tiktok.com/@diketsomaja,UNVERIFIED,,TikTok-only,Unknown,English,B,Content creator/journalist/actor/MC hybrid — no confirmed primary journalism employer or independent outlet.,"South African content creator, journalist, actor, and MC blending informative reporting with entertainment through storytelling.",Hybrid entertainer-journalist identity. TIER B.
56,Africa,Denis Duke,Uganda,https://www.tiktok.com/@denisdukeug,UNVERIFIED,,YouTube,Unknown,English,B,Journalist and YouTuber combining professional journalism with farming content — has YouTube but employer unclear.,"Ugandan journalist, farmer, and YouTuber combining professional journalism with personal reflections on farming and life.",YouTube is a positive signal. No institutional employer confirmed. TIER B.
57,Africa,Daniel Gebreegziabher,Ethiopia,https://www.tiktok.com/@danigebre1,UNVERIFIED,,TikTok-only,Unknown,Amharic,B,Broadcast journalist and influencer — employer unclear but the broadcast descriptor suggests institutional affiliation.,"Broadcast journalist and award-winning influencer delivering daily updates with dynamic storytelling across multiple platforms.",Broadcast journalist = likely institutional. TIER B.
58,Africa,Sylvester Choloplay,Liberia,https://www.tiktok.com/@amb..sylvester.ch,UNVERIFIED,,TikTok-only,Spoon Network,English,C,Identified as journalist at Spoon Network — institutional Liberian broadcaster — alongside NGO CEO role.,"Award-winning journalist at Spoon Network and CEO of Rescue Youth Alliance covering news and youth-focused initiatives.",Spoon Network is institutional. NGO role is separate. TIER C.
59,Africa,Emerson Ngoma,Democratic Republic of the Congo,https://www.tiktok.com/@emersonngoma,UNVERIFIED,,TikTok-only,Unknown,French,B,Journalist and content creator — entirely vague with no confirmed platform or employer.,"Journalist and content creator sharing informative news updates, analysis, and journalistic content across platforms.",Insufficient info. UNVERIFIED.
60,Africa,Sultana Khalifa,Mauritania,https://www.tiktok.com/@sultanakhalif,UNVERIFIED,,TikTok-only,"24 Sahara (صحراء 24)",Arabic,C,Confirmed working with institutional outlet 24 Sahara — Mauritanian/Libyan TV news channel.,"Mauritanian and Libyan journalist, TV presenter, and voice-over artist working with 24 صحراء producing news content.",Institutional TV affiliation confirmed. TIER C.
61,Africa,Mideli W'Abanyarwanda,Rwanda,https://www.tiktok.com/@mideli_rwanda,UNVERIFIED,https://www.youtube.com/@midelirwand,YouTube,Unknown,Kinyarwanda,B,Entertainment journalist with YouTube channel — operates under own brand but no confirmed editorial independence from institutional affiliation.,"Prominent Rwandan journalist and content creator recognized as The Hottest Personal Journalist 2025 for engaging storytelling.",YouTube + TikTok presence; primarily entertainment content. TIER B.
62,Africa,Hafid Nor Barre,Somalia,https://www.tiktok.com/@hafidnorbarre,UNVERIFIED,,TikTok-only,Unknown,Somali,B,Senior mobile journalist in Mogadishu — employer unclear but seniority suggests institutional affiliation.,"Senior mobile journalist in Mogadishu using mobile devices for on-the-ground reporting despite safety challenges.",Seniority implies employer. TIER B.
63,Africa,Derick Lunkeba,Democratic Republic of the Congo,https://www.tiktok.com/@dericklunkeba,UNVERIFIED,,TikTok-only,Unknown,French,B,Manages Congo Mon Pays Facebook page — own brand but unclear if primary journalism operation.,"DRC journalist managing Congo Mon Pays Facebook page, engaging with political and social topics online.",Facebook page brand. TIER B.
64,Africa,Sokoban Fatilow,Ghana,https://www.tiktok.com/@sokobanfatilow,UNVERIFIED,,TikTok-only,Nhyira FM (Multimedia Group),English,C,Confirmed at Nhyira FM — part of Ghana's Multimedia Group (major institutional broadcaster).,"Ghanaian football journalist at Multimedia's Nhyira FM delivering dynamic sport coverage with analysis and fan engagement.",Multimedia Group is institutional. Clear TIER C.
65,Africa,Hon Guruh Buvati,Kenya,https://www.tiktok.com/@honguruh,UNVERIFIED,,TikTok-only,Unknown,English/Swahili,B,Journalist/photographer/computer expert — multi-skilled but no confirmed employer or independent outlet.,"Kenyan journalist, photographer, and computer expert sharing photography, journalistic updates, and professional commentary.",Insufficient info. TIER B.
66,Africa,Champion Nani,Ghana,https://www.tiktok.com/@championnani1,UNVERIFIED,,TikTok-only,Angel 96.1 FM,English,C,Confirmed at Angel 96.1 FM — part of established Ghanaian broadcaster. Institutional.,"Sports journalist at Angel 96.1 FM providing football commentary, critiques, and match analysis on TikTok.",Institutional. Clear TIER C.
67,Africa,Rasha Nasr,Egypt,https://www.tiktok.com/@rashanasr151912,UNVERIFIED,,TikTok-only,Unknown (TV),Arabic,C,TV presenter and journalist — institutional even without named outlet.,"TV presenter and journalist sharing broadcasting work and media insights with audiences.",Institutional TV presenter. TIER C.
68,Africa,Said Toubal,Algeria,https://www.tiktok.com/@saidtoubal,UNVERIFIED,,TikTok-only,ENTV,Arabic/French,C,Confirmed journalist and news anchor at ENTV — Algerian national state television. Institutional.,"Journalist, news anchor, and media trainer at ENTV producing informative content while coaching others in public speaking.",ENTV is Algerian state TV. Clear TIER C.
69,Africa,Jamie Radio,Uganda,https://www.tiktok.com/@jamieradiouganda,UNVERIFIED,,TikTok-only,Unknown,English,B,Investigative journalist (Katumba Jamil) with own brand — independent-sounding but no newsletter/podcast/website confirmed.,"Investigative journalist (Katumba Jamil) blending serious reporting with comedy for engaging, relatable news updates.",Own brand identity with investigative focus. TIER B — could upgrade if independent platform confirmed.
70,Africa,Calister O. Enejele,Nigeria,https://www.tiktok.com/@iamcali_e,UNVERIFIED,,TikTok-only,Unknown,English,B,FIFA and CAF accredited sports journalist — professional credentials confirmed but employer and platform unknown.,"FIFA and CAF-accredited international sports journalist covering football with global perspective through news and interviews.",Credentials confirmed; independence status unclear. TIER B.
71,Africa,Mohamed Gaci,Algeria,https://www.tiktok.com/@mohamed_gaci,UNVERIFIED,,TikTok-only,Unknown (TV),Arabic/French,C,TV presenter — institutional even without outlet named.,"Journalist, TV presenter, and digital marketing expert sharing travel insights, news updates, and current issue analysis.",TV presenter = institutional. TIER C.
72,Africa,Isma'eel Abba Tangalashi,Nigeria,https://www.tiktok.com/@tangasport360,UNVERIFIED,,TikTok-only,Unknown,English/Hausa,B,Award-winning sports journalist — no confirmed employer or independent platform found.,"Award-winning Nigerian sports journalist and football commentator covering local and international football across multiple platforms.",Insufficient info to confirm independence. TIER B.
73,Africa,Maged Gazr,Egypt,https://www.tiktok.com/@magedgazr1,UNVERIFIED,,TikTok-only,Unknown,Arabic,B,Sports journalist combining traditional reporting with social media — no confirmed employer or platform.,"Egyptian sports journalist combining traditional reporting with social media reach, breaking down football and athletic events.",Insufficient info. TIER B.
74,Africa,Aderonke Adesola,Nigeria,https://www.tiktok.com/@olorisport,UNVERIFIED,,TikTok-only,Splash FM,Yoruba/English,C,Confirmed sports broadcaster on Splash FM — institutional Yoruba-language radio broadcaster.,"Nigerian sports broadcaster on Splash FM providing football commentary in Yoruba with sharp analysis.",Splash FM is institutional. Clear TIER C.
75,Africa,John Fuamba,Democratic Republic of the Congo,https://www.tiktok.com/@johnfuambacom1,UNVERIFIED,,YouTube,Unknown,French,B,Journalist with TikTok and YouTube — has secondary platform but no confirmed employer or independent editorial operation.,"Congolese journalist delivering news and commentary on politics and society through accessible short videos on TikTok and YouTube.",YouTube presence is a positive signal. TIER B.
1,Latin America,Manuel Pedrero,Mexico,https://www.tiktok.com/@manuelpedrerooficial,592000,https://www.youtube.com/channel/UCH4M_4Ed6SUidQthmZ60M2g,YouTube,Los Reporteros MX (network director),Spanish,B,"Hosts own ""Sin Máscaras"" YouTube news show (Mon-Fri 4PM) and serves as networks director for Los Reporteros MX — independent in format but unclear funding/editorial control; noted as pro-government aligned.",At 22 described as one of the most influential young voices in independent journalism who successfully connected with new generations.,592K TikTok followers. YouTube show exists but pro-government alignment and affiliation with Los Reporteros MX create independence questions. Needs Ryan review.
2,Latin America,Jorge Armando Rocha,Mexico,https://www.tiktok.com/@jorgearmandorocha_,UNVERIFIED,,TikTok-only,Canal Once,Spanish,C,Host of Evening News on Canal Once — Mexican public institutional broadcaster.,"Political analyst and Evening News host on Canal Once consolidating himself as critical voice in political analysis.",Canal Once is Mexico's institutional public TV channel. Clear TIER C.
3,Latin America,Macarena Jimena Rodríguez,Argentina,https://www.tiktok.com/@macarena.jimena,UNVERIFIED,,TikTok-only,Argentine Presidency (government),Spanish,C,Appointed by Argentine government as Coordinator of Digital Content Assets in the Presidency — produces content supporting Milei. Government communicator.,"Journalist and social psychologist appointed February 2025 as Coordinator of Digital Content Assets within Argentine Presidency.",Government appointment makes her institutional/political. Clear TIER C.
4,Latin America,Jesús Escobar Tovar,Mexico,https://www.tiktok.com/@jet1403,UNVERIFIED,,TikTok-only,Grupo Radio Centro,Spanish,C,Director at Grupo Radio Centro — major Mexican institutional radio conglomerate.,"Journalist and Grupo Radio Centro director who combines in-depth analysis with a friendly tone without losing the seriousness.",Grupo Radio Centro is institutional. Clear TIER C.
5,Latin America,Adrián Ackerman,Argentina,https://www.tiktok.com/@factosconadrian.ok,UNVERIFIED,https://factosconadrian.com,Website,Independent,Spanish,B,Runs own website Factosconadrian.com and YouTube — operates independently but content is partisan political commentary rather than journalism.,"Argentine content creator noted for political and social opinion videos seeking to open debates on national political issues.",Has own website. Content is political advocacy/commentary in defense of libertarian ideas — not traditional journalism. TIER B.
6,Latin America,Marcela Marvel,Brazil,https://www.tiktok.com/@marcelamarveloficial,UNVERIFIED,,TikTok-only,Unknown,Portuguese,B,Journalist teaching journalism workshops and sharing esoteric/spiritual content — hybrid identity with no confirmed employer or journalism platform.,"Journalist with Social Communication degree who teaches journalism and spirituality workshops, sharing esotericism discussing rituals and tarot readings.",Content has pivoted significantly to spirituality/esoteric. TIER B — edge case.
7,Latin America,Abigail Luna,Argentina,https://www.tiktok.com/@abigailluna__,UNVERIFIED,,TikTok-only,iProfesional (contributor),Spanish,B,Has iProfesional experience but unclear if staff or freelance — translates policy/economics to TikTok.,"Politics and economics specialist with iProfesional experience who translates topics into brief, engaging, and easy-to-understand videos.",Contributor to institutional outlet. TikTok presence is own. TIER B.
8,Latin America,Marie Ferro,Venezuela,https://www.tiktok.com/@marieferro98,UNVERIFIED,,TikTok-only,"Meridiano TV, radio (Entre Líneas)",Spanish,C,Confirmed hosting at Meridiano TV (Venezuelan sports TV) and own radio program.,"Sports journalist hosting Tercer Tiempo at Meridiano TV and radio program Entre Líneas, sharing professional coverage, athlete interviews, and lifestyle content.",Meridiano TV is institutional Venezuelan broadcaster. TIER C.
9,Latin America,Julio Riobó,Venezuela,https://www.tiktok.com/@jrperiodista,UNVERIFIED,,TikTok-only,VTV (Venezuelan state TV),Spanish,C,Host on VTV — Venezuelan government-controlled state television. Institutional and state-aligned.,"Host of political program A Pulso on VTV providing interviews and political commentary on current events.",VTV is Venezuelan state TV. Clear TIER C.
10,Latin America,Paola Castro,Argentina,https://www.tiktok.com/@paocastrook,UNVERIFIED,,TikTok-only,Triperas/Zona Deporte,Spanish,C,Sports journalist and host at institutional shows — Triperas and Zona Deporte confirm institutional roles.,"Sports journalist and Triperas host whose authentic and charismatic style resonates with younger audiences.",Institutional show host. TIER C.
11,Latin America,Allyson Ventura,Honduras,https://www.tiktok.com/@allyventura4,UNVERIFIED,,TikTok-only,LTV Honduras,Spanish,C,Confirmed journalist and TV presenter host at LTV Honduras — Honduran institutional broadcaster.,"Journalist, TV presenter, and LTV Honduras host sharing dance videos, trending content, and travel experiences alongside professional moments.",Institutional TV host. Clear TIER C.
12,Latin America,Lilly Téllez,Mexico,https://www.tiktok.com/@lillytellez_oficial,UNVERIFIED,,TikTok-only,Mexican Senate (Senator),Spanish,C,Former journalist now Mexican Senator — political role supersedes journalism independence.,"Former investigative journalist at TV Azteca covering corruption and organized crime, earning UNESCO nomination, before entering politics.",Now a politician (Senator). TIER C — not a journalist.
13,Latin America,Gizel Mobayed,Venezuela,https://www.tiktok.com/@gizelmobayed,UNVERIFIED,,Podcast,Unknown (TV presenter),Spanish,B,Television presenter with own podcast (Todo está escrito) — has independent audio platform alongside institutional TV work.,"Television presenter with over a decade's experience who shares humorous content, personal reflections, and trending topics plus interviews through podcast Todo está escrito.",Has podcast. But primary framing as TV presenter + podcast content appears non-journalistic. TIER B.
14,Latin America,Eugenio Albrecht,Argentina,https://www.tiktok.com/@eugenio.com.ar,UNVERIFIED,,TikTok-only,IERP (Evangelical Church communicator),Spanish,B,Ordained pastor serving as WCC communicator — journalism is secondary to religious communication. Has radio space but not independent journalism operation.,"Journalist and audiovisual producer sharing content combining political analysis, historical insight, and faith-informed perspectives.",LinkedIn shows IERP (Evangelical denomination) role. Radio space exists but institutional-religious rather than independent journalism.
15,Latin America,Dani Pequeño,Chile,https://www.tiktok.com/@daniipequeno,UNVERIFIED,,Podcast,Unknown,Spanish,B,Has podcast (Tranquilo Daniel) on mental health — podcast platform exists but content is mental health/personal growth not news journalism.,"Chilean content creator with distinctive style that blends humour, reflection, and cultural insight hosting podcast Tranquilo Daniel exploring mental health and personal growth.",Podcast confirmed. Not journalism-primary — mental health/lifestyle focus. TIER B.
16,Latin America,Camila Galilea,Argentina,https://www.tiktok.com/@camilagalilea,UNVERIFIED,,TikTok-only,"Boca Late, Zona Deporte",Spanish,C,Confirmed panelist on institutional sports programs Boca Late and Zona Deporte.,"Sports journalist panelist on Boca Late and host on Zona Deporte offering analysis and coverage of sporting events.",Institutional show appearances. TIER C.
17,Latin America,Cristóvão Vieira,Brazil,https://www.tiktok.com/@cristovaovieiraoliveira,UNVERIFIED,,TikTok-only,Unknown,Portuguese,B,Produces short-form cultural/music history videos — no confirmed employer or independent publishing home.,"Brazilian journalist producing short-form videos that explore music history, cultural phenomena, and nostalgic moments with warm and engaging narrative style.",TikTok-only cultural content creator. TIER B.
18,Latin America,Laura Camila Vargas,Colombia,https://www.tiktok.com/@lauracamilavargas96,UNVERIFIED,,TikTok-only,El Tiempo (past/contributor),Spanish,B,El Tiempo experience but produces own political video columns for younger audiences — hybrid institutional/independent status.,"Journalist with El Tiempo experience who shares political video columns and civic education content to expand access to public-interest information.",El Tiempo is one of Colombia's largest newspapers — if current staff it's TIER C; if now independent with digital content it's TIER B. Defaulting to B.
19,Latin America,Daniela Muñoz,Chile,https://www.tiktok.com/@danimun_,UNVERIFIED,,TikTok-only,Chilevisión,Spanish,C,Confirmed Chilevisión sports journalist — Chilean institutional commercial TV broadcaster.,"Chilevisión sports journalist specializing in Formula 1 and football who successfully bridges traditional media and new digital platforms.",Chilevisión is institutional. Clear TIER C.
20,Latin America,Viri Ríos,Mexico,https://www.tiktok.com/@viririosc,UNVERIFIED,https://www.mexicodecoded.com,Newsletter,Independent,Spanish/English,A,"Runs Mexico Decoded Substack (most subscribed English-language Substack on Mexico), own website (viririos.com), columnist for El País/Milenio, Harvard PhD — strong independent brand with multiple owned platforms.","Harvard PhD political analyst and columnist who combines academic rigour with accessible communication using social media for discussing policy, inequality, and economic myths.",Mexico Decoded Substack confirmed. Viririos.com personal site. Columns at El País/Milenio. TIER A — independent brand with newsletter as primary home.
21,Latin America,Samya Maia,Brazil,https://www.tiktok.com/@samyamaiaoficial,UNVERIFIED,,TikTok-only,Unknown (TV presenter),Portuguese,C,Singer/journalist/TV presenter — TV presenter role is institutional.,"Singer, journalist, and TV presenter with two decades of experience who shares content blending musical performances with personal and behind-the-scenes moments.",TV presenter = institutional. TIER C.
22,Latin America,Julio Astillero,Mexico,https://www.tiktok.com/@julioastillerooficial,UNVERIFIED,,TikTok-only,La Jornada (columnist),Spanish,C,Five-decade career journalist and columnist for La Jornada — major Mexican institutional newspaper.,"Five-decade career journalist and columnist for La Jornada known for sharp political analysis and commentary winning Mexico's National Journalism Award in 2021.",La Jornada is institutional. TIER C.
23,Latin America,Michele Barbosa,Brazil,https://www.tiktok.com/@michelebarbosa,UNVERIFIED,,YouTube,Band TV,Portuguese,C,Confirmed reporter for Band TV — major Brazilian commercial TV broadcaster.,"Reporter for Band TV who shares humorous content, often drawing from her experiences as a journalist, and runs a YouTube channel focused on laughter, authenticity and individuality.",Band TV is institutional. Has personal YouTube but primary employer is Band. TIER C.
24,Latin America,Gabriel Méndez,Venezuela,https://www.tiktok.com/@gabrielmendezvzla,UNVERIFIED,https://www.youtube.com/channel/UC95NgHtJF_jJJMlLDLdOnVA,YouTube,Independent,Spanish,B,Has YouTube channel with 191K+ Instagram followers and entrepreneurship course platform — independent but focused on business education rather than news journalism.,"Venezuelan journalist recognized for informative and educational videos covering economic trends, entrepreneurship, and social issues while promoting free educational initiatives.",Independent content creator. Primary content is entrepreneurship education rather than journalism. TIER B.
25,Latin America,Karol Gomes,Brazil,https://www.tiktok.com/@enfimkarol,UNVERIFIED,,TikTok-only,Obvious,Portuguese,B,Pop culture journalist at Obvious — a Brazilian digital media platform. Digital native outlet but Obvious is her employer not her own platform.,"Brazilian pop culture journalist at Obvious media platform who shares videos that analyse pop culture phenomena, film, and television blending humour with critical analysis.",Obvious is an employer not her own outlet. Digital native but institutional. TIER B.
26,Latin America,Adriano Baracho,Brazil,https://www.tiktok.com/@barachoadriano,UNVERIFIED,,TikTok-only,TV TEM (Globo affiliate),Portuguese,C,Confirmed video reporter at TV TEM — affiliate of TV Globo. Institutional.,"Video reporter at TV TEM (Globo affiliate) in São Paulo with nearly ten years experience contributing to national programs while sharing behind-the-scenes content on TikTok.",Globo affiliate employee. Clear TIER C.
27,Latin America,Gadiel Álvarez,Guatemala,https://www.tiktok.com/@gadieltv,UNVERIFIED,,TikTok-only,Telediario al Amanecer (Albavisión),Spanish,C,Confirmed presenter at Telediario al Amanecer on Albavisión — institutional Guatemalan TV.,"Guatemalan journalist and television presenter with over 20 years in national media, currently part of Telediario al Amanecer on Albavisión.",Albavisión is institutional. Clear TIER C.
28,Latin America,Francisco (Pancho) de Piérola,Peru,https://www.tiktok.com/@panch.pe,UNVERIFIED,,TikTok-only,Unknown,Spanish,B,Transitioned from TV to digital platforms — current employer unknown; mixes factual reporting with personal opinions on TikTok.,"Peruvian journalist beginning career in television, later transitioning to digital platforms, currently engaging audience through TikTok blending factual reporting with personal opinions.",Former TV journalist now primarily digital. No independent publishing home confirmed. TIER B.
29,Latin America,Johanna Calderón,Ecuador,https://www.tiktok.com/@johacalderon21,UNVERIFIED,,TikTok-only,"DirecTV Sports, GolTV",Spanish,C,Confirmed correspondent at DirecTV Sports and GolTV — both institutional sports media companies.,"Ecuadorian sports journalist with Communication degree, contributing to DirectV Sports, GolTV, and Marca90, serving as correspondent for 2018 FIFA World Cup.",Institutional sports media. Clear TIER C.
30,Latin America,Glória Maria,Brazil,https://www.tiktok.com/@gloriamaria.ms,UNVERIFIED,,TikTok-only,Unknown,Portuguese,B,Journalist blending local culture and social commentary — Campo Grande-based but employer unclear.,"Journalist based in Campo Grande blending professional insights with personal anecdotes, highlighting local culture, food, and social commentary for authentic regional perspectives.",Insufficient info. TIER B.
31,Latin America,Suriel Chacón,Peru,https://www.tiktok.com/@surielchacon,UNVERIFIED,https://tiempo26.com,Website,Tiempo26.com (own portal),Spanish,A,"Founder and editorial director of Tiempo26.com — his own news portal; also runs YouTube channel; previously Canal N and RPP but now operates independently. Confirmed via LinkedIn, ZoomInfo, and his own site.","Investigative journalist and editorial director of Tiempo26.com posting concise news updates, political commentary, and investigative reports on government accountability and corruption.",Tiempo26.com is his own portal. YouTube channel active. Previously institutional but now independent. TIER A.
32,Latin America,Mari Broggi,Brazil,https://www.tiktok.com/@amaribroggi,UNVERIFIED,,TikTok-only,Unknown,Portuguese,B,Journalist contributing to publications on water sports and outdoor culture — freelance contributor but no own platform.,"Journalist blending storytelling, nature, and community life, contributing to publications on water sports and outdoor culture while sharing insights on sustainable living and coastal traditions.",Freelance contributor status. TIER B.
33,Latin America,Yamid López,Colombia,https://www.tiktok.com/@yamidlopez88,UNVERIFIED,,TikTok-only,Unknown,Spanish,B,Political storyteller and author from Medellín — award-winning journalist but no confirmed employer or independent outlet currently.,"Journalist from Medellín recognized for historical and political storytelling, author of book about the city and CIPA Award winner for journalistic excellence.",Author + journalist but no current independent publishing home confirmed. TIER B.
34,Latin America,Bruna Tavares,Brazil,https://www.tiktok.com/@brunatavares.bt,UNVERIFIED,,TikTok-only,Unknown,Portuguese,B,Journalist turned beauty entrepreneur — has own brand but content has shifted from journalism to beauty/entrepreneurship.,"Journalist and beauty entrepreneur who started career in fashion and beauty journalism, collaborating with major outlets like UOL, GLOSS, and CARAS before entrepreneurship.",Content pivot away from journalism. TIER B — edge case. Not journalism-primary.
35,Latin America,Fábio Salgueiro,Brazil,https://www.tiktok.com/@fabio_salgueiro72,UNVERIFIED,,TikTok-only,Radio CBN,Portuguese,C,Began career at Radio CBN in 1996 — institutional radio outlet confirmed as primary base.,"Seasoned sports journalist with over two decades of career beginning in 1996 at Radio CBN, covering major events including FIFA World Cup, Copa América, and Olympics.",Radio CBN is institutional. TIER C.
36,Latin America,Manuela d'Ávila,Brazil,https://www.tiktok.com/@manueladavila_,UNVERIFIED,,TikTok-only,Brazilian Congress (former federal deputy),Portuguese,C,Journalist turned politician — served as federal deputy. Active in politics not independent journalism.,"Brazilian journalist, writer, and politician who began in student movement, serving as federal deputy and author addressing motherhood and political resistance topics.",Politician. TIER C.
37,Latin America,Izabella Machado,Brazil,https://www.tiktok.com/@izavpm,UNVERIFIED,,TikTok-only,Agroadvance,Portuguese,C,Currently at Agroadvance — institutional agribusiness media company.,"Multimedia journalist with radio and television experience, currently at Agroadvance creating educational content on agribusiness.",Institutional employer confirmed. TIER C.
38,Latin America,Leonardo Schwebel,Mexico,https://www.tiktok.com/@leonardoschwebel,UNVERIFIED,,TikTok-only,Telediario Guadalajara,Spanish,C,Anchoring Telediario Guadalajara — institutional Mexican TV.,"Journalist and news anchor with over 45 years in television, radio, and print, currently anchoring Telediario Guadalajara.",Institutional anchor. Clear TIER C.
39,Latin America,Antonio Nieves,Argentina,https://www.tiktok.com/@antonionvs_,UNVERIFIED,,TikTok-only,Unknown,Spanish,B,Sports journalist known as Antonio NBA creating own TikTok content — employer unknown.,"Argentine sports journalist known as Antonio NBA creating dynamic TikTok content featuring game analysis, player commentary, and easy-to-follow breakdowns.",Own brand but no independent platform confirmed. TIER B.
40,Latin America,Alberto Laínez,Honduras,https://www.tiktok.com/@lainez71,UNVERIFIED,,TikTok-only,Radio Nacional de Honduras,Spanish,C,Confirmed at Radio Nacional de Honduras — the national public broadcaster.,"Broadcaster and producer with over two decades of experience in traditional and digital media, currently at Radio Nacional de Honduras producing news and entertainment segments.",National public broadcaster. Clear TIER C.
41,Latin America,Luis Gonzalo Pérez,Colombia,https://www.tiktok.com/@luisgonzaloprz,UNVERIFIED,,TikTok-only,Independent (exiled),Spanish,B,Venezuelan journalist in exile in Colombia operating independently but no confirmed newsletter/podcast/website as primary publishing home.,"Venezuelan journalist based in Colombia and international correspondent known for political reporting, currently in exile sharing political insights and personal reflections.",Fled Venezuela after Maduro threats (Sept 2024). Operates independently but TikTok/social as primary channel. TIER B — could upgrade if independent outlet confirmed.
42,Latin America,Olenka Correa,Chile,https://www.tiktok.com/@olenkapcorrea,UNVERIFIED,,TikTok-only,Unknown,Spanish,B,Peruvian journalist in Chile documenting Latin America — no confirmed employer or independent platform.,"Peruvian journalist based in Chile with Communication Sciences background documenting explorations across Latin America, highlighting traditions, history, and natural wonders.",TikTok-primary travel journalism. TIER B.
43,Latin America,Sara Sofía,Colombia,https://www.tiktok.com/@demosofia,UNVERIFIED,,TikTok-only,Unknown,Spanish,B,Cultural storyteller under personas Demosofía and Nena Magdalena — no confirmed employer or independent publishing home.,"Journalist with personas Demosofía and Nena Magdalena creating content exploring salsa music, Colombian traditions, and cultural storytelling tied to national identity.",Cultural content creator. No platform beyond social. TIER B.
44,Latin America,Diego Deheza,Bolivia,https://www.tiktok.com/@diego_futbolclub,UNVERIFIED,,TikTok-only,Unknown,Spanish,B,Sports journalist under own Diego FC brand — no confirmed employer or independent publishing home.,"Sports journalist known as Diego FC offering dynamic football coverage including match highlights, commentary, and insights on Bolivian and international football.",Own brand. TikTok-primary. TIER B.
45,Latin America,Rodrigo López,Argentina,https://www.tiktok.com/@rodrigolopezv247,UNVERIFIED,,TikTok-only,Unknown,Spanish,B,Music journalist specializing in rap/rock/trap — no confirmed employer or independent platform.,"Music journalist specializing in rap, trap, and rock, sharing music reviews, artist interviews, and cultural commentary on Instagram and TikTok.",No publishing home confirmed. TIER B.
46,Latin America,William Bonner,Brazil,https://www.tiktok.com/@bestofbonner,UNVERIFIED,,TikTok-only,TV Globo (Jornal Nacional),Portuguese,C,Iconic anchor of Jornal Nacional on TV Globo — Brazil's most-watched news program. Institutional.,"Respected voice in Brazilian journalism who transitioned from advertising to broadcast journalism in the 1980s, anchoring major TV Globo programs including Jornal Nacional.",TV Globo Jornal Nacional anchor. Clear TIER C.
47,Latin America,Harley Monseguileman,Venezuela,https://www.tiktok.com/@soyharleymonse,UNVERIFIED,,TikTok-only,Televen,Spanish,C,Confirmed television presenter at Televen — Venezuelan commercial TV broadcaster.,"Television presenter with over a decade of broadcast experience at Televen, sharing news stories, travel experiences, and personal opinions in accessible format.",Televen is institutional. TIER C.
48,Latin America,Ariana Flores Arriet,Costa Rica,https://www.tiktok.com/@ariflorescr,UNVERIFIED,,TikTok-only,Trivisión Costa Rica,Spanish,C,Confirmed journalist at Trivisión Costa Rica — institutional Costa Rican broadcaster.,"Journalist at Trivisión Costa Rica known for sharp political commentary and commitment to fact-based reporting addressing national insecurity, pension reforms, and electoral politics.",Trivisión is institutional. Clear TIER C.
49,Latin America,Gabriela Durán,Bolivia,https://www.tiktok.com/@gabrieladuranr,UNVERIFIED,,TikTok-only,Red Uno Bolivia,Spanish,C,Confirmed news presenter at Red Uno Bolivia — institutional Bolivian TV channel.,"News presenter at Red Uno Bolivia sharing informative content covering national news, economic updates, and social issues through engaging social media presence.",Red Uno is institutional. Clear TIER C.
50,Latin America,Irama Gil,Ecuador,https://www.tiktok.com/@iramagilperiodista,UNVERIFIED,,TikTok-only,Unknown,Spanish,B,Digital content creator and marketing specialist — shares news and commentary but no employer or independent platform confirmed.,"Digital content creator and marketing specialist sharing news, opinion pieces, and commentary on current events in Ecuador and Latin America.",Marketing/creator identity. TIER B.
51,Latin America,Majo Flores,Ecuador,https://www.tiktok.com/@majofloresm,UNVERIFIED,,TikTok-only,"TC Televisión, DSports",Spanish,C,Confirmed at TC Televisión and DSports — both institutional Ecuadorian/regional sports broadcasters.,"Ecuadorian sports journalist with experience at TC Televisión and DSports, blends passion for soccer with motherhood on TikTok.",Institutional employer confirmed. TIER C.
52,Latin America,Fer Núñez,Mexico,https://www.tiktok.com/@fernunezalaire,UNVERIFIED,,TikTok-only,Classic 106.9 FM,Spanish,C,Director of Programming at Classic 106.9 FM — institutional radio broadcaster.,"Mexican journalist and radio host with 30+ year career, Director of Programming at Classic 106.9 FM.",Radio station director. Institutional. TIER C.
53,Latin America,Eleazar Álvarez,Chile,https://www.tiktok.com/@eleazar_noticias,UNVERIFIED,,TikTok-only,Unknown,Spanish,B,Venezuelan journalist based in Chile — no confirmed employer or independent publishing home.,"Venezuelan journalist based in Chile covering current events through engaging news coverage, focusing on social issues and political developments in Chile and Latin America.",No platform data. TIER B.
54,Latin America,Brissa Pabón,Bolivia,https://www.tiktok.com/@brissapabon,1000000,https://www.facebook.com/p/Brissa-Pabon-100088505291004/,TikTok-only,Independent (Explainer Noticias),Spanish,A,"Founded Explainer Noticias — Bolivia's most-followed independent journalism TikTok account (1M+ followers). Left traditional TV in 2024 to go fully independent. Original news journalism under own brand. UNFPA Bolivia ambassador.","Bolivian journalist and content creator from Santa Cruz de la Sierra, former TV presenter integrating digital storytelling with social media, currently works as independent journalist for Explainer.",1M TikTok followers confirmed. Explainer is her own brand. Left traditional TV. Note: TikTok-primary but unique at this scale — editorial is clearly under her own control. TIER A.
55,Latin America,Gastón Edul,Argentina,https://www.tiktok.com/@gastonedul,UNVERIFIED,,TikTok-only,TyC Sports,Spanish,C,Confirmed at TyC Sports — major Argentinian sports cable network.,"Argentine sports journalist at TyC Sports covering Argentine national football team extensively.",TyC Sports is institutional. Clear TIER C.
56,Latin America,Agustina Vidal,Argentina,https://www.tiktok.com/@agusvidal__,UNVERIFIED,https://futfemgol.com,Website,Fox Sports Argentina (primary) + FutFemGol (independent),Spanish,B,Co-director of FutFemGol (South America's top women's football digital outlet) but also Fox Sports Argentina presenter — dual affiliation. FutFemGol is fan-supported and independently run but she holds institutional role alongside it.,"Argentine sports journalist and radio host who contributed to ESPN, Telefe, and Fox Sports Argentina, covering FIFA Women's World Cup and Copa América, co-director of women's football platform Futfemgol.",Fox Sports Argentina role is institutional. FutFemGol is genuinely independent but she's dual-affiliated. TIER B.
57,Latin America,Joel Sandino,Paraguay,https://www.tiktok.com/@jsandinopy,UNVERIFIED,,TikTok-only,Telefuturo,Spanish,C,Confirmed panelist on Vive la Vida on Telefuturo — institutional Paraguayan TV.,"Paraguayan journalist, musician, and content creator, panellist on Vive la Vida on Telefuturo.",Telefuturo is institutional. TIER C.
58,Latin America,Esteban Queimada,Uruguay,https://www.tiktok.com/@esteban_queimada,UNVERIFIED,https://bajolalupa.uy,Podcast/Website,Independent (Bajo La Lupa),Spanish,A,"Founded and hosts Bajo La Lupa — 853-episode independent journalism podcast and website (bajolalupa.uy) with subscriber model. Self-described divergent communicator. No institutional employer found.","Uruguayan journalist and media producer; founder and host of Bajo La Lupa daily news program and podcast; self-described divergent communicator offering political analysis and investigative journalism.",Bajo La Lupa is confirmed independent journalism podcast on Apple Podcasts/Spotify. bajolalupa.uy subscriber site. Strong TIER A.
59,Latin America,Luis de Freitas,Venezuela,https://www.tiktok.com/@tavodefreitas,UNVERIFIED,,TikTok-only,Unknown,Spanish,B,Venezuelan sports journalist and digital creator — no confirmed employer or independent platform.,"Venezuelan sports journalist and digital creator with Social Communication degree, provides analysis and commentary on La Vinotinto and international football events on TikTok.",No platform beyond social. TIER B.
60,Latin America,Paolo Benza,Peru,https://www.tiktok.com/@paolo.benza,UNVERIFIED,https://sudaca.pe,Website/Podcast,Independent (La Contra / Sudaca.pe),Spanish,A,"Co-founded Sudaca.pe (independent news portal) until 2022; in 2025 founded La Contra subscriber-funded journalism podcast with 12 journalists; previously El Comercio and IDL-Reporteros. Multiple independent outlets under own name.","Peruvian journalist with 10+ years covering economics and politics, general editor of Sudaca.pe and director of La Contra, known for simplifying complex topics on TikTok.",Wikipedia entry confirms all details. La Contra is subscriber-funded with 12-journalist team. Strong TIER A.
61,Latin America,Iona Bitler,Argentina,https://www.tiktok.com/@io.bitler,UNVERIFIED,,TikTok-only,Pasión Monumental,Spanish,B,Sports journalist covering River Plate for Pasión Monumental — independent fan/sports media outlet rather than major institutional broadcaster.,"Argentine sports journalist covering River Plate for Pasión Monumental, also a radio host and content producer.",Pasión Monumental appears to be independent River Plate fan media. Radio host role unclear. TIER B — could be TIER A if Pasión Monumental is independently run; needs verification.
62,Latin America,Cristian Aguilar,Peru,https://www.tiktok.com/@cristianaguilar.pe,UNVERIFIED,,TikTok-only,Mega Perú Televisión,Spanish,C,Confirmed news anchor at Mega Perú Televisión — institutional Peruvian broadcaster.,"Peruvian journalist and news anchor at Mega Perú Televisión, holds degrees in Business Administration and Journalism.",Institutional anchor. TIER C.
63,Latin America,Tom Bueno,Brazil,https://www.tiktok.com/@tom_bueno,UNVERIFIED,https://umdiabetico.com.br,Website/YouTube,Independent (Um Diabético),Portuguese,A,"Founded Um Diabético in 2017; left Record TV in 2021 to go fully independent. Platform now Latin America's largest diabetes communication ecosystem with 109M+ views in 2025. Website + YouTube + social. GSD itself nominated him as one of 60 most relevant journalists in Latin America.","Brazilian journalist producing short-form videos that explore health communication, type 1 diabetic, founder of Um Diabético, Latin America's leading diabetes resource.",Record TV departure confirmed (2021). Fully independent. umdiabetico.com.br is major website. Strong TIER A.
64,Latin America,José Andrés Padrón,Venezuela,https://www.tiktok.com/@joseandrespadron,UNVERIFIED,,TikTok-only,Unknown (Televen-type),Spanish,C,TV presenter who hosted major Venezuelan TV shows and events — institutional broadcaster even without named current outlet.,"Venezuelan TV presenter who won Generación S (2015), co-hosted Súper Sábado Sensacional and hosted Miss Venezuela, Latin Grammy Awards (Venezuela), and entertainment programs.",Institutional entertainment TV presenter. TIER C.
65,Latin America,Rossy Lemos,Colombia,https://www.tiktok.com/@rossylemos,UNVERIFIED,,TikTok-only,Noticias RCN,Spanish,C,Confirmed anchor at Noticias RCN — major Colombian institutional TV news network.,"Colombian journalist from Chocó currently anchoring at Noticias RCN, previously reported for Noticias Caracol and Blu Radio.",Noticias RCN anchor. Clear TIER C.
66,Latin America,Cesia Mejía,Honduras,https://www.tiktok.com/@cesiamejiahn,UNVERIFIED,,TikTok-only,HCH Noticias,Spanish,C,Confirmed hosting HCH Noticias morning and evening editions — institutional Honduran TV. Award-winner.,"Prominent Honduran news anchor hosting HCH Noticias morning and evening editions, worked at Canal 11, Azteca Honduras, and Televicentro.",HCH Noticias is institutional. Clear TIER C.
67,Latin America,Vicky Dávila,Colombia,https://www.tiktok.com/@vickydavilaperiodista,UNVERIFIED,,TikTok-only,Resigned Revista Semana to pursue presidential candidacy,Spanish,C,Former director of Revista Semana — now pursuing presidential candidacy for 2026. Politician not independent journalist.,"Colombian journalist and political figure, former director of Revista Semana (2020-2024), resigned November 2024 to pursue presidential pre-candidacy for 2026.",Pursuing presidency. TIER C — not independent journalism.
68,Latin America,Ely Fuenmayor,Venezuela,https://www.tiktok.com/@elyfuenmayor2,UNVERIFIED,,TikTok-only,Unknown (Chavista political activist),Spanish,C,Journalist and political activist aligned with Chavismo — combines information and activism. Not independent journalism.,"Venezuelan journalist, radio host, and political activist in Maracaibo, aligned with Chavismo; combines information and activism, highlighting local political figures and community initiatives.",Political activist role aligned with Maduro government. Not editorially independent. TIER C.
69,Latin America,Laura Daniela Beltrán (Lalis Smile),Colombia,https://www.tiktok.com/@smilelalis08,UNVERIFIED,,YouTube,Colombian national government (multiple contracts),Spanish,C,Has received at least 6 government contracts from Petro administration including Foreign Ministry; announced candidacy for Chamber of Representatives 2026 via Pacto Histórico. Government influencer/political candidate not independent journalist.,"Colombian journalist and content creator with government communications background, focuses on independent journalism on YouTube after TikTok and Instagram visibility.",Multiple government contracts confirmed. Running for Congress 2026. TIER C — not independent.
70,Latin America,Nelson Rivera,Paraguay,https://www.tiktok.com/@riveranelsonc,UNVERIFIED,,TikTok-only,Trece TV,Spanish,C,Confirmed at Trece TV news programs — institutional Paraguayan broadcaster.,"Paraguayan sports journalist and TV presenter in Asunción, works on Trece TV news programs and hosts Pasión Estudio.",Trece TV institutional. TIER C.
71,Latin America,Javier Adelfang,Costa Rica,https://www.tiktok.com/@javiereleconomista,UNVERIFIED,https://www.javiereleconomista.com,Website/YouTube,Independent,Spanish,A,"Runs own independent platform Javier el Economista — website (javiereleconomista.com), YouTube channel, and social media. Argentine-born economist/journalist in Costa Rica providing economic analysis. No institutional employer confirmed.","Argentine-born economist and professor based in Costa Rica, runs Javier el Economista platform making complex economic topics accessible through concise reports and videos.",javiereleconomista.com confirmed. YouTube confirmed. Fully independent operation. TIER A.
72,Latin America,Merlín Suazo,Honduras,https://www.tiktok.com/@merlinsuazo4,UNVERIFIED,,TikTok-only,HCH TV Digital,Spanish,C,Confirmed hosts La Revista Dominical on HCH TV Digital — institutional Honduran broadcaster.,"Honduran media figure from San Sebastián, Comayagua, hosts La Revista Dominical on HCH TV Digital.",HCH TV Digital is institutional. TIER C.
73,Latin America,Regina Volpato,Brazil,https://www.tiktok.com/@regina_volpato,UNVERIFIED,,TikTok-only,Unknown (former SBT),Portuguese,B,Former institutional TV presenter (hosted Casos de Família on SBT) now independent on social media focusing on mental health and personal content.,"Brazilian journalist and TV presenter who began career in 1990s, hosted Casos de Família on SBT, now focuses on mental health, women's empowerment, and personal reflections on social media.",Former institutional; now appears to operate independently as lifestyle/mental health content creator. Not journalism-primary. TIER B.
74,Latin America,Carolay Morales,Colombia,https://www.tiktok.com/@carolaymoralesp,UNVERIFIED,,TikTok-only,"RCN Radio, elTOQUE",Spanish,B,King of Spain Award winner for radio reporting; works at RCN Radio (institutional) AND elTOQUE (independent digital news outlet) — dual affiliation. Strong credentials but not fully independent.,"Colombian storyteller with 15+ years in radio and digital media, won 2019 King of Spain International Journalism Award for Milagro del destino, focuses on migration, human rights, and cross-cultural storytelling.",Dual affiliation: institutional (RCN Radio) + independent digital (elTOQUE). TIER B. If she shifted fully to elTOQUE she'd be strong A.
75,Latin America,Francisca Rivas,Chile,https://www.tiktok.com/@lecturashechizadas,UNVERIFIED,,TikTok-only,BioBioChile,Spanish,C,Confirmed journalist at BioBioChile — one of Chile's largest digital news outlets. Institutional.,"Chilean journalist with 10+ years at BioBioChile covering entertainment, culture, science, and technology, known as Lecturas hechizadas.",BioBioChile is institutional. Clear TIER C.
76,Latin America,Wilo Prado,Ecuador,https://www.tiktok.com/@wilopradoec,UNVERIFIED,https://wilopradostudio.com,Website/Podcast,UnsionTV (primary anchor) + Wilo Prado Studio,Spanish,B,Main news anchor at UnsionTV (institutional) but also runs independent Wilo Prado Studio with website and podcast. Dual affiliation — institutional primary + own operation alongside.,"Versatile journalist and media entrepreneur based in Cuenca; anchors news on UnsionTV; correspondent for TC Televisión; leads Wilo Prado Studio for digital content production.",1.5M+ social media followers. Dual role: institutional anchor + own studio. TIER B.
77,Latin America,José David Araujo,Ecuador,https://www.tiktok.com/@araujoskr,UNVERIFIED,https://www.youtube.com/c/AUTORANKINGECUADOR,YouTube/Website,Independent (AutoRanking Ecuador),Spanish,A,"Founded AutoRanking Ecuador — independent automotive journalism platform with own YouTube channel (youtube.com/c/AUTORANKINGECUADOR) and social media. No institutional employer found. Produces original automotive journalism under own brand.","Automotive journalist and digital creator; founder of AutoRanking Ecuador and Araujo Group; content blends test drives, vehicle comparisons, and industry trends.",Confirmed founder of AutoRanking Ecuador. YouTube channel active. Fully independent. TIER A.
78,Latin America,Hernán Lirio,Argentina,https://www.tiktok.com/@hernanlirio,UNVERIFIED,,TikTok-only,Unknown (TV host),Spanish,C,Journalist and television host of institutional TV programs — institutional even without named current employer.,"Journalist and television host; began media career at age 12; currently hosts Tenés que ir and Feliz Vida; Tenés que ir nominated for Best Travel Program Martín Fierro 2024.",Institutional TV host. Martín Fierro nominated. TIER C.
79,Latin America,Jefferson Merchán,Ecuador,https://www.tiktok.com/@jeffersonmerchant,UNVERIFIED,,TikTok-only,VITO TVO,Spanish,C,Confirmed news presenter for VITO TVO — institutional Ecuadorian TV outlet.,"Digital journalist known for engaging storytelling and local culture exploration; served as news presenter for VITO TVO.",Institutional. TIER C.
80,Latin America,Angel Peña,Venezuela,https://www.tiktok.com/@elangeldelapena,UNVERIFIED,,TikTok-only,Unknown,Spanish,B,Journalist/theatre practitioner using satire and comedy for Venezuelan commentary — no confirmed employer or independent platform.,"Journalist combining journalism, theatre, and digital creativity; uses satire and personal anecdotes shedding light on Venezuelan realities through comedy and social awareness.",Creative digital presence. No publishing home confirmed. TIER B.
81,Latin America,Meche Pesantes,Ecuador,https://www.tiktok.com/@mechepesantes,UNVERIFIED,,TikTok-only,Unknown (left Teleamazonas 2023),Spanish,B,Left Teleamazonas in 2023 for academic/professional projects — current status transitional. May now be independent.,"Journalist and television presenter; hosted En Corto entertainment segment on Teleamazonas; left in 2023 for academic and professional projects; connects audiences through storytelling.",Transitional. Former institutional. Current platform unclear. TIER B.
82,Latin America,Marco Parra,Chile,https://www.tiktok.com/@m11rcoparra,UNVERIFIED,,TikTok-only,Unknown,Spanish,B,Journalist and digital content creator covering football — no confirmed employer or independent platform.,"Journalist and digital content creator known for blending sports analysis with humor; content focuses on football news, player transfers, and FIFA discussions.",No publishing home found. TIER B.
83,Latin America,Salvador Hicar,Paraguay,https://www.tiktok.com/@salvadorhicar,UNVERIFIED,,TikTok-only,Versus,Spanish,C,Joined Versus team in 2025 — institutional Paraguayan sports TV.,"Renowned sports journalist and broadcaster; began at age 14; gained prominence covering Paraguay's matches; iconic 2010 FIFA World Cup commentary; joined Versus team 2025.",Versus is institutional. TIER C.
84,Latin America,Sarah Sanabria,Bolivia,https://www.tiktok.com/@sarahandreasanabria,UNVERIFIED,,TikTok-only,Unknown (radio),Spanish,B,Journalist/digital creator/radio host — radio host role suggests institutional but outlet unnamed.,"Journalist, digital creator, and radio host from Cochabamba; known for sharp political satire; openly intersex and trans woman advocating for LGBTQ+ rights and mental health.",Radio host suggests institutional. Advocacy focus is notable. TIER B.
85,Latin America,Sol Lawer,Argentina,https://www.tiktok.com/@lawsol_,UNVERIFIED,,TikTok-only,Unknown,Spanish,B,Sports journalist and digital content creator — no confirmed employer or independent platform.,"Sports journalist and digital content creator from Córdoba; covers Argentine football with passion for San Lorenzo; shares live commentary and match analyses on TikTok.",No publisher found. TIER B.
86,Latin America,Jesús Omar Arias (El Tanke Arias),Peru,https://www.tiktok.com/@eltankeariasoficial,UNVERIFIED,,TikTok-only,"Gol Perú, RPP Noticias, América Televisión, Latina Televisión",Spanish,C,Has worked at multiple major Peruvian institutional broadcasters — RPP Noticias and América Televisión confirmed.,"Prominent sports journalist and commentator; worked with Gol Perú, RPP Noticias, América Televisión, and Latina Televisión; professor at ISIL mentoring aspiring journalists.",Multiple institutional employers. Clear TIER C.
87,Latin America,Rodrigo Vessoni,Brazil,https://www.tiktok.com/@vessoni,UNVERIFIED,,TikTok-only,"Meu Timão, Bandsports",Portuguese,C,Commentator at Bandsports and journalist at Meu Timão — institutional sports media.,"Seasoned sports journalist renowned for in-depth Corinthians coverage; began at Rádio Transamérica, spent decade at LANCE!, joined Meu Timão 2017; commentator at Bandsports.",Institutional sports media employers. TIER C.
88,Latin America,Soy Alan,Ecuador,https://www.tiktok.com/@soyalan_ec,UNVERIFIED,,TikTok-only,Unknown,Spanish,B,Journalist known for travel storytelling under own brand Soy Alan — no confirmed employer or independent publishing home.,"Journalist known for engaging storytelling and travel experiences showcasing Ecuador's diversity; nominated for 2025 Influencer Awards Travel category on TikTok.",Own brand. TikTok-primary. TIER B.
89,Latin America,Carlos Valverde Bravo,Bolivia,https://www.tiktok.com/@carlosfvalverde,UNVERIFIED,https://www.youtube.com/c/CARLOSVALVERDEENLARED,YouTube,Independent (Sin Compostura),Spanish,A,"Runs independent Sin Compostura show with own YouTube channel (millions of views) and radio; no institutional employer — operates from Argentina since leaving Bolivia. Veteran journalist producing under own name with subscriber community.","Journalist, writer, and lawyer; began media career in 1990s; known for candid, confrontational style; faced political pressure; Sin Compostura reaches millions via YouTube and Facebook.",YouTube channel active and growing. Confirmed independent. Sin Compostura is fully his own. TIER A.
90,Latin America,María José Arboleda (La Maja colombiana),Colombia,https://www.tiktok.com/@lamajacolombia,UNVERIFIED,,TikTok-only,Canal RCN,Spanish,C,Confirmed Head of Image at Canal RCN — major Colombian institutional TV network.,"Journalist and style consultant with background in Business Administration and Textile Design; Head of Image at Canal RCN; hosts Moda con la Maja segment.",Canal RCN is institutional. Clear TIER C.
91,Latin America,Rodolfo Masís,Costa Rica,https://www.tiktok.com/@rodolfomasis,UNVERIFIED,,TikTok-only,Opa Canal 38,Spanish,C,Confirmed sports journalist at Tercer Tiempo on Opa Canal 38 — institutional Costa Rican TV.,"Began career on TikTok narrating football matches; gained attention through Costa Rican team coverage; now sports journalist with Tercer Tiempo on Opa Canal 38.",Institutional employer. TIER C.
92,Latin America,Suyen Cortez Rojas,Nicaragua,https://www.tiktok.com/@suyencortezrojas,UNVERIFIED,,TikTok-only,Unknown (former Canal 13),Spanish,B,Pivoted from journalism to entrepreneurship/lifestyle/coaching — no confirmed current employer or journalism platform.,"Well-known journalist from Canal 13; shifted toward entrepreneurship; shares lifestyle, coaching, and personal growth content on digital platforms.",Former Canal 13 (institutional). Content pivot away from journalism. TIER B.
93,Latin America,Juanita Gómez,Colombia,https://www.tiktok.com/@juanitagomezl,UNVERIFIED,,TikTok-only,Revista Semana,Spanish,C,Confirmed Director of Video at Revista Semana — major Colombian weekly magazine (institutional).,"Journalist and digital content creator; served as political reporter at Noticias Caracol; Director of Video at Revista Semana since 2022.",Revista Semana is institutional. Clear TIER C.
94,Latin America,Stephany Sánchez Pinheiro,Bolivia,https://www.tiktok.com/@soystephanypinheiro,UNVERIFIED,,TikTok-only,"Notivisión, El Mañanero",Spanish,C,Confirmed presenter on Notivisión Primero and El Mañanero — institutional Bolivian TV programs.,"Television presenter who transitioned from beauty pageants; Miss Pando and Miss Mesoamérica 2017; presents on Notivisión Primero and El Mañanero.",Institutional TV presenter. TIER C.
95,Latin America,Meredith Serracín,Panama,https://www.tiktok.com/@meredithserracin,UNVERIFIED,,TikTok-only,TVN Noticias,Spanish,C,Confirmed field reporter at TVN Noticias — Panama's national public TV news. Institutional.,"Seasoned journalist renowned for field reporting and social justice commitment; covered political protests, gender-based violence, and systemic issues over decade at TVN Noticias.",TVN Noticias is institutional. Clear TIER C.
96,Latin America,Manuela Camacho,Peru,https://www.tiktok.com/@manuela.camacho,UNVERIFIED,https://www.instagram.com/dilofuerteoficial/,Website/YouTube,Independent (Dilo Fuerte + Sexo ConSentido),Spanish,A,"Director General of Dilo Fuerte and Director/Producer of Sexo Con Sentido — both independent feminist journalism platforms she founded. Forced into exile 2024 due to safety threats. Multiple confirmed independent operations.","Activist journalist committed to social justice; launched independent platforms Dilo Fuerte and Sexo ConSentido; forced into exile in 2024 due to safety threats.",Founded two confirmed independent platforms. Recognized by Avon as one of 5 women impacting Peruvian society. Forced into exile = strong editorial independence signal. TIER A.
97,Latin America,Ginnés Rodríguez,Costa Rica,https://www.tiktok.com/@ginnes_rodriguez,UNVERIFIED,,TikTok-only,Repretel,Spanish,C,Confirmed hosts Informe 11 on Repretel — major Costa Rican commercial TV network.,"Television presenter with over a decade at Telenoticias; currently hosts Informe 11 on Repretel; shares life moments and encouragement on social media.",Repretel is institutional. Clear TIER C.
98,Latin America,Hervin Yeomans,Chile,https://www.tiktok.com/@hervinyeomans,UNVERIFIED,,TikTok-only,Unknown,Spanish,B,Journalist merging journalism with book reviews and cultural discussions on social media — no confirmed employer or independent publishing home.,"Journalist and avid reader merging journalism with literature through social media book reviews, recommendations, and cultural discussions.",Literary content creator with journalism background. TIER B.
99,Latin America,Melissa Martínez,Colombia,https://www.tiktok.com/@melissamartinezoficial,UNVERIFIED,,TikTok-only,"Fox Sports, ESPN Colombia (past)",Spanish,B,Former Fox Sports and ESPN Colombia sports journalist — unclear current employer; founded own fashion brand MM Store alongside journalism.,"Sports journalist and TV presenter with passion for football; worked at Fox Sports and ESPN Colombia; founded MM Store fashion boutique; awarded Mujer Orgullo de Colombia 2023.",Former institutional. Current employer unclear. Fashion brand isn't journalism. TIER B.
100,Latin America,Rodrigo Sepúlveda,Chile,https://www.tiktok.com/@sepu10,UNVERIFIED,,TikTok-only,Meganoticias,Spanish,C,Confirmed face of Meganoticias Alerta — major Chilean institutional TV news.,"Recognizable journalist known for sharp, empathetic style with 30+ years in media across radio, television, and digital platforms; face of Meganoticias Alerta.",Meganoticias is institutional. Clear TIER C.
1,Southeast Asia,Rozainah Rahim,Malaysia,https://www.tiktok.com/@rozainahrahim,UNVERIFIED,,TikTok-only,Bernama,Malay/English,C,Confirmed journalist at Bernama — Malaysia's national news agency. Institutional.,"Malaysian journalist known for her work with Bernama, where she covers community and cultural stories. Her reporting highlights underrepresented voices.",Bernama is Malaysian national news agency. Clear TIER C.
2,Southeast Asia,Chirawan Sangkhasaad,Thailand,https://www.tiktok.com/@user57kkgps1id,UNVERIFIED,,TikTok-only,Channel 8,Thai,C,Confirmed journalist working with Channel 8 in Chumphon province — institutional Thai commercial TV.,"Thai journalist working with Channel 8, where she focuses on regional reporting in Chumphon province.",Channel 8 is institutional. TIER C.
3,Southeast Asia,Eve Saimon Lajangan,Malaysia,https://www.tiktok.com/@evesaimon,UNVERIFIED,,TikTok-only,SabahVfm / Radio Televisyen Malaysia (RTM),Malay,C,Confirmed radio announcer at SabahVfm under RTM — Malaysia's government public broadcaster.,"Malaysian radio announcer and multimedia presenter based in Sabah, affiliated with SabahVfm VGood, a local station under Radio Televisyen Malaysia (RTM), where she hosts the Good Afternoon segment.",RTM is Malaysian government broadcaster. Clear TIER C.
4,Southeast Asia,Seavmin Kalip,Cambodia,https://www.tiktok.com/@seavmin999,UNVERIFIED,,TikTok-only,Unknown,Khmer,B,Journalist and content creator doing reporting-style videos and local coverage — no confirmed employer or independent platform.,"Cambodian journalist and content creator active on TikTok and Facebook, work focuses on reporting-style videos and local coverage, often presented in a casual, on-the-ground format.",No employer or platform data. TIER B.
5,Southeast Asia,Budsirin Yingkeadtikun,Thailand,https://www.tiktok.com/@budsirin,UNVERIFIED,,TikTok-only,Thai PBS,Thai,C,Confirmed journalist and anchor at Thai PBS — Thailand's public service broadcaster.,"Thai journalist and anchor at Thai PBS, recognized for her work on the program The Active.",Thai PBS is institutional. Clear TIER C.
6,Southeast Asia,Pai Syahira Yahya,Malaysia,https://www.tiktok.com/@paisyahira,UNVERIFIED,,TikTok-only,Malaysia Gazette,Malay,C,Confirmed journalist at Malaysia Gazette — institutional Malaysian digital news outlet.,"Malaysian journalist currently working for Malaysia Gazette, shares behind-the-scenes glimpses of her reporting work, covering diverse topics such as crime scenes and community events.",Malaysia Gazette is institutional. TIER C.
7,Southeast Asia,Sheila Octarina,Indonesia,https://www.tiktok.com/@sheila.octarina,UNVERIFIED,,TikTok-only,Radio Republik Indonesia (RRI),Indonesian,C,Confirmed host at Radio Republik Indonesia — Indonesia's national public radio (government broadcaster).,"Indonesian presenter, actress, and content creator, host at Radio Republik Indonesia (RRI), presenting on Program 3 since August 2020.",RRI is Indonesia's government radio. Clear TIER C.
8,Southeast Asia,Emcee Kishen,Malaysia,https://www.tiktok.com/@emceekishen,UNVERIFIED,,TikTok-only,Unknown,Malay/English,B,Event host/bilingual speaker/news presenter hybrid — no confirmed employer or independent publishing home.,"Malaysian event host, bilingual speaker, and news presenter who creates digital content on TikTok and Instagram, work spans hosting live events, delivering news-style segments, and producing entertainment content.",Host/emcee identity. Insufficient info. TIER B.
9,Southeast Asia,Khay Chit Thiri,Myanmar,https://www.tiktok.com/@thirikhin613,UNVERIFIED,,TikTok-only,Shwe FM,Burmese,C,Confirmed radio announcer at Shwe FM — institutional Myanmar radio station.,"Burmese radio announcer for Shwe FM, TikTok content features segments from her radio appearances including storytelling, event hosting, and live broadcasts.",Shwe FM is institutional. TIER C.
10,Southeast Asia,Rizky Melia,Indonesia,https://www.tiktok.com/@rizkymeliaa,UNVERIFIED,,TikTok-only,Unknown,Indonesian,B,Sports journalism content creator focusing on football — no confirmed employer or independent publishing home.,"Indonesian content creator who blends sports journalism with digital storytelling, focusing primarily on football, delivering match analysis, commentary, and fan reactions.",TikTok-primary sports content. No platform confirmed. TIER B.
11,Southeast Asia,Yasmin Athania,Indonesia,https://www.tiktok.com/@yasminathania,UNVERIFIED,,TikTok-only,GTV (Buletin iNews Siang),Indonesian,C,Confirmed news anchor presenting Buletin iNews Siang on GTV — Indonesian institutional TV channel.,"News anchor presenting Buletin iNews Siang on GTV, conducting interviews and presenting current affairs coverage.",Institutional anchor. TIER C.
12,Southeast Asia,Seng Moliny,Cambodia,https://www.tiktok.com/@sengmolinyjournalist,UNVERIFIED,,TikTok-only,Unknown,Khmer,B,Sports journalist specializing in traditional Cambodian martial arts (kbach kun) — no confirmed employer or platform.,"Journalist specializing in sports and traditional Cambodian martial arts (kbach kun), promoting cultural heritage.",Niche sports/cultural focus. Insufficient info. TIER B.
13,Southeast Asia,Kriss Fowler,Malaysia,https://www.tiktok.com/@k.r.i.s.s.s_f.o.w.l.e.r,UNVERIFIED,,TikTok-only,Unknown,Malay/English,B,Multilingual host/emcee with community-focused journalism — no confirmed employer or independent publishing home.,"Multilingual host and emcee engaged in community-focused journalism, using digital platforms to inform.",Host/emcee identity. TIER B.
14,Southeast Asia,Vũ Phương Thảo,Vietnam,https://www.tiktok.com/@thaovuu,UNVERIFIED,,TikTok-only,Unknown (esports broadcaster),Vietnamese,B,Esports host and analyst — no confirmed employer or independent platform. Esports broadcasting may be contracted.,"Esports host and analyst for SEA Games 31 and Arena of Valor Premier League, demonstrating deep insight into gaming culture.",Esports broadcaster. Employer unclear. TIER B.
15,Southeast Asia,Esra Freswita Ambarita,Indonesia,https://www.tiktok.com/@eca_ambarita,UNVERIFIED,,TikTok-only,Unknown,Indonesian,B,Field reporter known for human-interest storytelling — no confirmed employer or independent platform.,"Field reporter known for human-interest storytelling, covering breaking news, community events, and cultural stories.",Insufficient info. TIER B.
16,Southeast Asia,Nguyễn Việt Nga,Vietnam,https://www.tiktok.com/@ngamazing,UNVERIFIED,,TikTok-only,Unknown (VBA),Vietnamese,B,Sports reporter covering Vietnam Basketball Association — no confirmed employer or independent platform.,"Sports reporter covering Vietnam Basketball Association events, sharing insights and tips on becoming a sports presenter.",Institutional likely (VBA coverage suggests contracted role). TIER B.
17,Southeast Asia,Rizzo Hamdi,Malaysia,https://www.tiktok.com/@rizzo_hamdi,UNVERIFIED,,TikTok-only,Unknown (radio/TV),Malay/English,C,Radio announcer and TV newsreader delivering accurate information — institutional even without outlet named.,"Radio announcer and TV newsreader delivering timely and accurate information across platforms.",Radio announcer + TV newsreader = institutional. TIER C.
18,Southeast Asia,Celine Murillo,Philippines,https://www.tiktok.com/@celinemurillo_,UNVERIFIED,https://www.instagram.com/celinemurillo_/,Website/YouTube,Independent,Filipino/English,A,"Independent environmental filmmaker and photographer — no institutional employer found. Named TikTok Global Change Maker; produced independent films on Philippine biodiversity (UNDP-supported); operates under own name as environmental storyteller. 2M+ social media followers.","Environmental storyteller and filmmaker recognized by ASEAN Centre for Biodiversity, focusing on Philippine biodiversity.",TikTok Global Change Maker recognition. UNDP-supported films. Operates independently. No staff journalist role. TIER A.
19,Southeast Asia,Thazin Nwe,Myanmar,https://www.tiktok.com/@thazin_nwe_win,UNVERIFIED,,TikTok-only,Unknown (TV),Burmese,C,Television presenter with over a decade of broadcast experience — institutional TV even without named outlet.,"Television presenter with over a decade broadcast experience, hosting programs like Khit Thit Pyo May.",Institutional TV presenter. TIER C.
20,Southeast Asia,Margaret Gambang,Malaysia,https://www.tiktok.com/@the.righthanded,UNVERIFIED,,TikTok-only,TV1 (RTM),Malay,C,Confirmed news presenter for Berita Perdana on TV1 — Malaysia's government broadcaster (RTM). Gold Award Malaysian Journalism Night 2025.,"News presenter for Berita Perdana on TV1, Gold Award recipient at Malaysian Journalism Night 2025.",TV1/RTM is institutional government broadcaster. Clear TIER C.
21,Southeast Asia,Chantelle Hernandez,Philippines,https://www.tiktok.com/@casterchantelle,UNVERIFIED,,TikTok-only,MLBB Professional League,Filipino/English,C,Confirmed sole female commentator in MLBB Professional League — institutional esports broadcasting role.,"Only female commentator in the Mobile Legends: Bang Bang Professional League advocating for gender equality in esports.",Institutional esports league commentator. TIER C.
22,Southeast Asia,Intan Saumadina,Indonesia,https://www.tiktok.com/@intansaumadina,UNVERIFIED,,TikTok-only,Unknown (national sports),Indonesian,C,Hosted official PON XX Papua opening ceremony and covers UEFA Champions League — institutional sports broadcast roles.,"Sports presenter who hosted the 2021 PON XX Papua opening ceremony and covers UEFA Champions League.",National official event presenter = institutional. TIER C.
23,Southeast Asia,Aiman Witjaksono,Indonesia,https://www.tiktok.com/@aimanwitjaksonoofficial,UNVERIFIED,,TikTok-only,"RCTI, Kompas TV, MNC Group",Indonesian,C,Confirmed career at RCTI / Kompas TV / MNC Group — multiple major Indonesian institutional TV networks.,"Journalist with over 20 years television experience at RCTI, Kompas TV, and MNC Group.",Major institutional employers. Clear TIER C.
24,Southeast Asia,Yuni Galuh Dirgantara,Indonesia,https://www.tiktok.com/@yunigaluhdirgantara10,UNVERIFIED,,TikTok-only,Unknown,Indonesian,B,Journalist sharing news-style content with direct delivery — no confirmed employer or independent platform.,"Journalist sharing news-style content with direct and engaging delivery, combining field footage and voiceovers.",No employer or platform data. TIER B.
25,Southeast Asia,Busra Alvero,Indonesia,https://www.tiktok.com/@busraalvero1,UNVERIFIED,,TikTok-only,Unknown,Indonesian,B,Travel journalist — no confirmed employer or independent publishing home.,"Travel journalist creating content that blends personal exploration with informative reporting across Indonesian destinations.",TikTok-primary travel journalism. TIER B.
26,Southeast Asia,Hans Christian Galeria,Philippines,https://www.tiktok.com/@hansgaleriaaa,UNVERIFIED,,TikTok-only,MLBB Professional League,Filipino/English,C,Confirmed esports journalist hosting MLBB Professional League broadcasts — institutional esports.,"Esports journalist and sports anchor hosting Mobile Legends: Bang Bang Professional League broadcasts and basketball coverage.",MLBB PL host = institutional esports. TIER C.
27,Southeast Asia,Heru Hermawan,Indonesia,https://www.tiktok.com/@heruhermawan_10,UNVERIFIED,,TikTok-only,Independent (self-described),Indonesian,B,Described as digital storyteller and independent journalist — no specific outlet or employer confirmed beyond this self-description.,"Digital storyteller and independent journalist producing on-the-ground reporting, interviews, and commentary on social issues.",Self-described independent but no independent publishing platform confirmed. TIER B.
28,Southeast Asia,Asran Shady,Indonesia,https://www.tiktok.com/@gashady90,UNVERIFIED,,TikTok-only,Indosiar,Indonesian,C,Confirmed news presenter for Indosiar — major Indonesian private TV network.,"News presenter for Indosiar's programs Fokus and Patroli, covered the 2022 FIFA World Cup in Qatar.",Indosiar is institutional. Clear TIER C.
29,Southeast Asia,Bianca Alejandre,Philippines,https://www.tiktok.com/@bianca_alejandre,UNVERIFIED,,TikTok-only,GMA Network,Filipino/English,C,Confirmed journalist and courtside reporter for GMA Network — major Philippine institutional TV broadcaster.,"Filipino journalist and courtside reporter for NCAA Season 100 on GMA Network who combines passion for dance and hosting with sports coverage.",GMA Network is institutional. Clear TIER C.
30,Southeast Asia,Najwa Shihab,Indonesia,https://www.tiktok.com/@najwashihab,3400000,https://narasi.tv,Website/YouTube,Independent (Narasi TV founder),Indonesian,A,"Co-founded Narasi TV in 2018 after leaving Metro TV — now a 170-employee independent journalism company. Confirmed Narasi.tv is her company. 3.4M TikTok followers. Produces investigative journalism under own editorial control. One of Indonesia's most prominent journalists.","One of Indonesia's most respected journalists, with a career spanning over two decades, co-founded Narasi TV in 2018 for investigative journalism.",Left Metro TV in 2017 to found Narasi. 8 years building nationwide platform. Strong TIER A.
31,Southeast Asia,Nicole Cordoves,Philippines,https://www.tiktok.com/@nicolecordoves,UNVERIFIED,,TikTok-only,Unknown (pageant/media host),Filipino/English,C,Binibining Pilipinas Grand International 2016 and pageant co-host — entertainment figure with journalism background but primarily institutional host.,"Filipino journalist, host, and media personality known for articulate public presence; Binibining Pilipinas Grand International 2016, co-hosts major pageants.",Institutional pageant/event host. TIER C.
32,Southeast Asia,Nutt Piyachat,Thailand,https://www.tiktok.com/@nut_piyachat,UNVERIFIED,,TikTok-only,Thairath TV (Channel 32),Thai,C,Confirmed journalist and news presenter at Thairath TV — major Thai institutional TV channel.,"Thai TV journalist and news presenter at Thairath TV on Channel 32, well-known for on-screen reporting style and field coverage.",Thairath TV is institutional. Clear TIER C.
33,Southeast Asia,Gretchen Ong Ho,Philippines,https://www.tiktok.com/@gretchenho,UNVERIFIED,,TikTok-only,"TV5, One News",Filipino/English,C,Confirmed anchor on TV5 and One News — institutional Philippine broadcasters. Launched Morning Matters on One News in 2025.,"Filipino broadcaster and journalist who began hosting sports shows on ABS-CBN, anchored programs on TV5 and One News, launching Morning Matters in 2025.",Institutional anchor. TIER C.
34,Southeast Asia,Randy Gragaz,Indonesia,https://www.tiktok.com/@randy.gragaz,UNVERIFIED,,TikTok-only,Unknown (former Jogja TV and JTV),Indonesian,B,Former presenter for Jogja TV and JTV — current employer/status unclear. May now be independent.,"Indonesian media professional and content creator with broadcast journalism background, former presenter for Jogja TV and JTV.",Former institutional; current status unclear. TIER B — could upgrade if now independent.
35,Southeast Asia,Fi Austin,Cambodia,https://www.tiktok.com/@fiaustin,UNVERIFIED,,TikTok-only,"CTN, CNC, MYTV, PNN Sport",Khmer/English,C,Confirmed worked with multiple institutional Cambodian TV networks — CTN, CNC, MYTV, PNN Sport.,"Cambodian sports presenter, ring announcer, and commentator who has worked with CTN, CNC, MYTV, and PNN Sport.",Multiple institutional employers. TIER C.
36,Southeast Asia,Ashikin Hashim (Futbolita),Singapore,https://www.tiktok.com/@ashfutbolita,UNVERIFIED,https://futbolita.com,Website,Independent (Futbolita founder),English,A,"Founded Futbolita in 2008 — own football journalism website with exclusive interviews (Ronaldo, Messi, Mourinho etc); listed in Guardian's Top 100 Football Blogs; FIFA Players' Agent; presented for Eleven Sports/Starhub as contractor not staff. Confirmed independent operation.","Prominent Singaporean sports journalist, TV presenter, FIFA players' agent, dubbed the Female Voice of Football, founded Futbolita in 2008 for in-depth football coverage.",Futbolita.com confirmed as own platform. 16+ years independent operation. Guardian Top 100. TIER A.
37,Southeast Asia,Jovi Lloza,Philippines,https://www.tiktok.com/@joviplloza,UNVERIFIED,,TikTok-only,Unknown,Filipino/English,B,Showbiz journalist under own Veejo Files brand — no confirmed institutional employer or independent publishing home beyond social.,"Filipino showbiz journalist and digital storyteller who goes by on-screen name Veejo Files, sharing mini entertainment reports and celebrity updates.",Own brand but TikTok/social primary. TIER B.
38,Southeast Asia,Trung Nghĩa Võ,Vietnam,https://www.tiktok.com/@binological,UNVERIFIED,,TikTok-only,Unknown,Vietnamese,B,Travel journalist and content creator sharing immersive travel stories — no confirmed employer or independent platform.,"Vietnamese travel journalist and content creator known for sharing immersive travel stories highlighting Vietnam's natural beauty and cultural sites.",TikTok-primary travel content. TIER B.
39,Southeast Asia,Ezreena Amir Hamzah,Malaysia,https://www.tiktok.com/@ezreenaamirh,UNVERIFIED,,TikTok-only,TV3,Malay,C,Confirmed news presenter at TV3 — major Malaysian private institutional broadcaster.,"Malaysian news presenter known for her work with TV3, also an accredited trainer with HRD Corp and event planner at The Ceremony Event.",TV3 is institutional. Clear TIER C.
40,Southeast Asia,Norng Narin,Cambodia,https://www.tiktok.com/@norngnarinofficial,UNVERIFIED,,YouTube,Unknown,Khmer,B,Journalist with YouTube channel exploring storytelling across genres — has secondary platform but employer unclear.,"Cambodian journalist who covers sports and international news, exploring storytelling across genres on his YouTube channel including suspenseful narratives.",YouTube is a positive signal. No employer confirmed. TIER B.
41,Southeast Asia,Ilham Irfan,Malaysia,https://www.tiktok.com/@ilhamirfan95,UNVERIFIED,,TikTok-only,RTM (Radio Television Malaysia),Malay/English,C,Confirmed anchoring English-language news on RTM — Malaysia's government public broadcaster.,"Malaysian media professional who works as radio news presenter, professional voice-over talent, and podcast/audio producer currently anchoring English-language news on RTM.",RTM is Malaysian government broadcaster. Clear TIER C.
42,Southeast Asia,Boo Trần,Vietnam,https://www.tiktok.com/@bootran90,UNVERIFIED,,TikTok-only,VTC News TV,Vietnamese,C,Confirmed host for automotive show XE on VTC News TV — Vietnamese institutional news broadcaster.,"Vietnamese host and presenter for the automotive show XE on VTC News TV, delivers vehicle-related segments including road safety tips and reviews.",VTC News TV is institutional. TIER C.
43,Southeast Asia,Nursha Hassan,Malaysia,https://www.tiktok.com/@nurshahassan,UNVERIFIED,,TikTok-only,TV3,Malay,C,Confirmed television news presenter for TV3's Buletin Utama — flagship Malaysian news bulletin on institutional broadcaster.,"Malaysian television news presenter for TV3's Buletin Utama, platform features behind-the-scenes moments and news updates in English and Malay.",TV3 Buletin Utama presenter. Clear TIER C.
44,Southeast Asia,Fizie Roslan,Malaysia,https://www.tiktok.com/@dj_fizie,UNVERIFIED,,TikTok-only,Gegar FM,Malay,C,Confirmed veteran radio announcer at Gegar FM — institutional Malaysian commercial radio.,"Veteran Malaysian radio announcer and journalist with nearly 20 years career spanning Manis FM, Hot FM, and currently leads Bro Pagi Gegar on Gegar FM.",Institutional radio. Clear TIER C.
45,Southeast Asia,Claire Jedrek,Singapore,https://www.tiktok.com/@cljedrek,UNVERIFIED,,TikTok-only,Unknown (former TV presenter),English,B,Former race car driver turned TV presenter — current employer unclear. May now operate independently as broadcaster/host.,"British-born, Singapore-based former race car driver turned TV presenter and broadcaster with over 18 years in lifestyle, tech, esports, and fitness media.",Former institutional TV presenter. Current status unclear. TIER B.
46,Southeast Asia,Karthik Kandthey,Singapore,https://www.tiktok.com/@emceekarthikk,UNVERIFIED,,TikTok-only,Unknown,English/Tamil,B,Seasoned TV presenter and emcee — no confirmed current employer or independent platform.,"Seasoned TV presenter and emcee based in Singapore with over 14 years in entertainment industry.",Entertainment industry host. Insufficient info. TIER B.
47,Southeast Asia,Jade Seah,Singapore,https://www.tiktok.com/@jadeseah,UNVERIFIED,,TikTok-only,Unknown (former TV host),English,B,Former TV host on The 5 Show and Hello! Singapore — current employer/status unclear. May now operate independently.,"Singaporean media personality and former TV host known for her work on shows like The 5 Show and Hello! Singapore.",Former institutional TV host. Current status unknown. TIER B.
48,Southeast Asia,Edward Russell,Singapore,https://www.tiktok.com/@ed_russell,UNVERIFIED,,TikTok-only,Mediacorp (Class 95),English,C,Confirmed hosts afternoon show Cartunes on Class 95 — Mediacorp institutional radio (Singapore's only free-to-air broadcaster).,"British-Singaporean TV and radio presenter known for his work with Mediacorp, hosts the afternoon show Cartunes on Class 95.",Mediacorp is institutional. Clear TIER C.
49,Southeast Asia,Chua Qin Kai,Singapore,https://www.tiktok.com/@qinkaichua,UNVERIFIED,,TikTok-only,Mediacorp (Channel 8),Mandarin/English,C,Confirmed journalist and presenter at Mediacorp Channel 8 — institutional Singapore flagship TV.,"Bilingual journalist and presenter at Mediacorp's Channel 8 in Singapore, anchors flagship news programmes like 10 pm News Tonight.",Mediacorp is institutional. Clear TIER C.
50,Southeast Asia,Hans Hamid,Singapore,https://www.tiktok.com/@hans.hamid,UNVERIFIED,,TikTok-only,Unknown,English/Malay,B,Content creator and media commentator — no journalism employer or independent platform confirmed.,"Singapore based content creator and media commentator who shares lifestyle, motivational content, and social insights on TikTok, Instagram and X.",Content creator identity. No journalism institutional or independent platform. TIER B.
