file	line	family	via	role	property	state	surface	category	selector	proposed fix	source
assets/js/main.js	1046	lime	literal	js			unobserved	J JS-set color	(JS/other)	set in JavaScript; check the element it is applied to (see DOM scan)	.range(['#97d600', '#ceff00', '#e8ff6b']);
assets/js/main.js	1046	acid	literal	js			unobserved	J JS-set color	(JS/other)	set in JavaScript; check the element it is applied to (see DOM scan)	.range(['#97d600', '#ceff00', '#e8ff6b']);
assets/js/main.js	1367	lime	literal	js			unobserved	J JS-set color	(JS/other)	set in JavaScript; check the element it is applied to (see DOM scan)	return '#97d600'; // Default acid green
assets/js/main.js	2982	acid	literal	js	strokestyle		unobserved	J JS-set color	(JS/other)	set in JavaScript; check the element it is applied to (see DOM scan)	ctx.strokeStyle = '#ceff00';
assets/js/main.js	2987	acid	literal	js	fillstyle		unobserved	J JS-set color	(JS/other)	set in JavaScript; check the element it is applied to (see DOM scan)	ctx.fillStyle = '#ceff00';
assets/js/main.js	3005	acid	literal	js	strokestyle		unobserved	J JS-set color	(JS/other)	set in JavaScript; check the element it is applied to (see DOM scan)	ctx.strokeStyle = '#ceff00';
assets/js/main.js	3028	acid	literal	js	fillstyle		unobserved	J JS-set color	(JS/other)	set in JavaScript; check the element it is applied to (see DOM scan)	ctx.fillStyle = 'rgba(206,255,0,0.65)';
assets/js/main.js	3054	acid	literal	js	strokestyle		unobserved	J JS-set color	(JS/other)	set in JavaScript; check the element it is applied to (see DOM scan)	ctx.strokeStyle = '#ceff00';
assets/js/main.js	3084	acid	literal	js			unobserved	J JS-set color	(JS/other)	set in JavaScript; check the element it is applied to (see DOM scan)	ctx.fillStyle = Math.random() > 0.5 ? '#ffffff' : '#ceff00';
atlas-portal/script.js	118	acid	literal	js			unobserved	J JS-set color	(JS/other)	set in JavaScript; check the element it is applied to (see DOM scan)	const lightBackgrounds = ['#ceff00', '#97d600'];
atlas-portal/script.js	118	lime	literal	js			unobserved	J JS-set color	(JS/other)	set in JavaScript; check the element it is applied to (see DOM scan)	const lightBackgrounds = ['#ceff00', '#97d600'];
atlas_pulse_intelligence.html	398	acid	literal	js			unobserved	J JS-set color	(JS/other)	set in JavaScript; check the element it is applied to (see DOM scan)	'#ceff00','#ffbb00','#6699ff','#ff9944','#aa88ff',
atlas_wire_intelligence.html	420	acid	literal	js			unobserved	J JS-set color	(JS/other)	set in JavaScript; check the element it is applied to (see DOM scan)	const BEAT_COLORS = ['#ceff00','#ffbb00','#6699ff','#ff9944','#aa88ff','#44ddaa',
atlas_wire_intelligence.html	571	acid	var:--acid	js			unobserved	J JS-set color	(JS/other)	set in JavaScript; check the element it is applied to (see DOM scan)	const col = n>=8?'var(--acid)':n>=7?'var(--amber)':'var(--muted)';
atlas_wire_intelligence.html	898	acid	var:--acid	js			unobserved	J JS-set color	(JS/other)	set in JavaScript; check the element it is applied to (see DOM scan)	const scoreColor = score>=8?'var(--acid)':score>=7?'var(--amber)':'var(--red)';
chicago-analysis.html	459	acid	literal	js	neon		unobserved	J JS-set color	(JS/other)	set in JavaScript; check the element it is applied to (see DOM scan)	const neon = '#CEFF00';
chicago-analysis.html	460	acid	literal	js			unobserved	J JS-set color	(JS/other)	set in JavaScript; check the element it is applied to (see DOM scan)	const colors = ['#CEFF00', '#66ff88', '#66bbff', '#ffaa44', '#bb88ff', '#ff6699', '#44ddcc', '#ffdd55', '#99aa
for-brands.html	1316	acid	literal	js	style		unobserved	J JS-set color	(JS/other)	set in JavaScript; check the element it is applied to (see DOM scan)	'<p style="color:#ceff00;font-size:15px;margin:16px 0 0;">Got it — we\'ll be in touch.</p>';
index.html	2180	acid	literal	js			unobserved	J JS-set color	(JS/other)	set in JavaScript; check the element it is applied to (see DOM scan)	const color = clusters[node.cluster]?.color || '#ceff00';
mobile.html	1119	lime	literal	js			unobserved	J JS-set color	(JS/other)	set in JavaScript; check the element it is applied to (see DOM scan)	return '#97d600'; /* D3 sunburst only — confirmed not in UI chrome */
pulse.html	2366	acid	literal	js	style		unobserved	J JS-set color	(JS/other)	set in JavaScript; check the element it is applied to (see DOM scan)	Custom intelligence briefs powered by Journalism Atlas data. <span style="color:#ceff00;">Learn how →</span>
search.html	933	acid	literal	js			unobserved	J JS-set color	(JS/other)	set in JavaScript; check the element it is applied to (see DOM scan)	"Power & Politics":              "#ceff00",   // acid green — wrong on light, placeholder
search.html	937	lime	literal	js			unobserved	J JS-set color	(JS/other)	set in JavaScript; check the element it is applied to (see DOM scan)	"Civic Life":                    "#97d600",   // lime — correct token for light surface
search.html	943	acid	literal	js			unobserved	J JS-set color	(JS/other)	set in JavaScript; check the element it is applied to (see DOM scan)	"Newsletter - Substack": "#ceff00",
search.html	949	lime	literal	js			unobserved	J JS-set color	(JS/other)	set in JavaScript; check the element it is applied to (see DOM scan)	"Website":               "#97d600",
search.html	964	acid	literal	js			unobserved	J JS-set color	(JS/other)	set in JavaScript; check the element it is applied to (see DOM scan)	"National":        "#ceff00",
search.html	967	lime	literal	js			unobserved	J JS-set color	(JS/other)	set in JavaScript; check the element it is applied to (see DOM scan)	"Midwest":         "#97d600",
about-this-project.html	305	acid	literal	text	color		dark	OK	.criteria-num	-	color: #ceff00;
about-this-project.html	404	acid	literal	text	color		dark	OK	.governance-box strong	-	.governance-box strong { color: #ceff00; font-weight: 600; }
about-this-project.html	430	lime	literal	fill	background		light	OK	.btn-lime-about	-	background: #97d600;
advisory.html	120	acid	var:--acid-green	fill	background-color		unobserved	OK	.coming-soon-badge	-	background-color: var(--acid-green);
advisory.html	179	acid	var:--acid-green	text	color		dark	OK	.governance-box h3	-	color: var(--acid-green);
assets/css/header.css	167	lime	literal	fill	background		mixed	OK	.nav-search-btn	-	background: #97d600;
assets/css/header.css	192	lime	literal	fill	background		mixed	OK	.nav-pulse-dot	-	background: #97d600;
assets/css/main.css	124	acid	literal	other			mixed	OK	.hero	-	radial-gradient(circle at 20% 50%, rgba(206, 255, 0, 0.08) 0%, transparent 50%),
assets/css/main.css	125	acid	literal	other			mixed	OK	.hero	-	radial-gradient(circle at 80% 80%, rgba(206, 255, 0, 0.06) 0%, transparent 50%);
assets/css/main.css	198	acid	var:--acid-green	stroke	border		unknown(gradient)	OK	.read-more-btn	-	border: 2px solid var(--acid-green);
assets/css/main.css	199	acid	var:--acid-green	text	color		unknown(gradient)	OK	.read-more-btn	-	color: var(--acid-green);
assets/css/main.css	214	acid	var:--acid-green	fill	background	:hover	unknown(gradient)	OK	.read-more-btn:hover	-	background: var(--acid-green);
assets/css/main.css	386	lime	var:--lime-green	other	accent-color		light	OK	.filter-option input[type="checkbox"]	-	accent-color: var(--lime-green);   /* Light surface — lime only */
assets/css/main.css	426	lime	var:--lime-green	fill	background		light	OK	.clear-filters-top	-	background: var(--lime-green);   /* Light surface — lime only. DESIGN-TOKENS-v13.md § Buttons Primary */
assets/css/main.css	531	lime	var:--lime-green	fill	background-color	:hover	light	OK	.view-btn:hover:not(.active)	-	background-color: var(--lime-green);   /* Light surface — lime only */
assets/css/main.css	625	lime	var:--lime-green	fill	background-color	:hover	light	OK	.creator-meta-item.clickable-tag:hover	-	background-color: var(--lime-green);   /* Light surface — lime only */
assets/css/main.css	649	lime	var:--lime-green	fill	background-color	:hover	unobserved	OK	.creator-tag.clickable-tag:hover	-	background-color: var(--lime-green);   /* Light surface — lime only */
assets/css/main.css	880	acid	var:--acid-green	stroke	border		dark	OK	.bubble-tooltip	-	border: 2px solid var(--acid-green);
assets/css/main.css	1000	lime	literal	fill	background	:hover	light	OK	.breadcrumb-item:hover	-	background: rgba(151, 214, 0, 0.15);   /* Lime rgba — light surface */
assets/css/main.css	1008	lime	var:--lime-green	fill	background	.active	light	OK	.breadcrumb-item.active	-	background: var(--lime-green);   /* Active breadcrumb — light surface */
assets/css/main.css	1060	lime	var:--lime-green	fill	background		unobserved	OK	.sunburst-creator-avatar	-	background: linear-gradient(135deg, var(--lime-green), var(--color-dark-olive));   /* Decorative avatar — ligh
assets/css/main.css	1467	lime	var:--lime-green	fill	background		light	OK	.mobile-filter-toggle .filter-count-badge	-	background: var(--lime-green);   /* Light surface — lime only */
assets/css/main.css	1862	acid	var:--acid-green	text	color		dark	OK	.share-view-btn	-	color: var(--acid-green);   /* Dark surface — acid green correct. DESIGN-TOKENS-v13.md § Dark Mode */
assets/css/main.css	2056	acid	var:--acid-green	text	color		dark	OK	.pack-btn-primary	-	color: var(--acid-green);
assets/css/main.css	2120	acid	var:--acid-green	text	color		dark	OK	.atlas-drawer-pack-cta	-	color: var(--acid-green);   /* Dark surface CTA — acid green correct */
assets/css/main.css	2399	acid	var:--color-acid-green	text	color	:hover	dark	OK	.site-footer .footer-column a:hover	-	color: var(--color-acid-green);
atlas-portal/index.html	126	acid	literal	other			unknown(gradient)	OK	.header-section	-	radial-gradient(circle at 20% 50%, rgba(206, 255, 0, 0.08) 0%, transparent 50%),
atlas-portal/index.html	127	acid	literal	other			unknown(gradient)	OK	.header-section	-	radial-gradient(circle at 80% 80%, rgba(206, 255, 0, 0.06) 0%, transparent 50%);
atlas-portal/index.html	165	acid	var:--acid-green	text	color		unknown(gradient)	OK	.header-section li:before	-	color: var(--acid-green);
atlas-portal/index.html	259	acid	literal	fill	background-color	:hover	light	OK	.radio-option:hover	-	background-color: rgba(206, 255, 0, 0.03);
atlas-portal/index.html	266	acid	var:--acid-green	other	accent-color		light	OK	.radio-option input[type="radio"]	-	accent-color: var(--acid-green);
atlas-portal/index.html	271	acid	literal	fill	background-color	.selected	light	OK	.radio-option.selected	-	background-color: rgba(206, 255, 0, 0.05);
atlas-portal/index.html	303	acid	var:--acid-green	stroke	border-color	.selected	dark	OK	.color-option.selected	-	border-color: var(--acid-green);
atlas-portal/index.html	340	acid	literal	fill	background-color	.selected	light	OK	.text-color-option.selected	-	background-color: rgba(206, 255, 0, 0.1);
atlas-portal/index.html	387	acid	var:--acid-green	fill	background-color		light	OK	.btn	-	background-color: var(--acid-green);
atlas-portal/index.html	401	lime	var:--lime-green	fill	background-color	:hover	light	OK	.btn:hover	-	background-color: var(--lime-green);
atlas-portal/index.html	459	acid	literal	fill	background-color		light	OK	.disclosure-box	-	background-color: rgba(206, 255, 0, 0.08);
atlas-portal/index.html	488	acid	var:--acid-green	other	accent-color		light	OK	.checkbox-group input[type="checkbox"]	-	accent-color: var(--acid-green);
atlas-portal/index.html	510	lime	literal	fill	background-color		light	OK	.message.success	-	background-color: rgba(151, 214, 0, 0.1);
atlas-portal/index.html	581	lime	var:--lime-green	fill	background-color		unobserved	OK	#copyCaptionBtn.copied	-	background-color: var(--lime-green);
atlas-portal/index.html	769	acid	literal	other	data-color		mixed	OK	<div.color-option> (inline)	-	<div class="color-option" data-color="#ceff00" style="background-color: #ceff00;" title="Acid Green"></div>
atlas-portal/index.html	769	acid	literal	other	style		mixed	OK	<div.color-option> (inline)	-	<div class="color-option" data-color="#ceff00" style="background-color: #ceff00;" title="Acid Green"></div>
atlas-portal/index.html	770	lime	literal	other	data-color		mixed	OK	<div.color-option> (inline)	-	<div class="color-option" data-color="#97d600" style="background-color: #97d600;" title="Lime Green"></div>
atlas-portal/index.html	770	lime	literal	other	style		mixed	OK	<div.color-option> (inline)	-	<div class="color-option" data-color="#97d600" style="background-color: #97d600;" title="Lime Green"></div>
atlas-signal-brief.html	15	acid	literal	text	color		dark	OK	.header-eyebrow	-	.header-eyebrow { font-size: 11px; font-weight: 700; letter-spacing: 0.15em; text-transform: uppercase; color:
atlas-signal-brief.html	20	acid	literal	text	color		dark	OK	.header-stat-num	-	.header-stat-num { font-size: 36px; font-weight: 800; color: #ceff00; line-height: 1; }
atlas-signal-brief.html	28	acid	literal	fill	background		light	OK	.tab-badge	-	.tab-badge { display: inline-block; font-size: 9px; font-weight: 800; background: #ceff00; color: #000; paddin
atlas-signal-brief.html	72	acid	literal	fill	background		light	OK	.bar-fill.top	-	.bar-fill.top { background: #ceff00; }
atlas-signal-brief.html	81	acid	literal	fill	background		light	OK	.cat-politics	-	.cat-politics { background: #ceff00; color: #000; }
atlas-signal-brief.html	98	acid	literal	text	color		dark	OK	.vel-v1	-	.vel-v1 { font-size: 22px; font-weight: 800; color: #ceff00; background: #000; display: inline-block; padding:
atlas-signal-brief.html	112	acid	literal	text	color		dark	OK	.callout-headline strong	-	.callout-headline strong { color: #ceff00; background: #000; padding: 0 4px; border-radius: 3px; }
atlas-signal-brief.html	156	acid	literal	text	color		dark	OK	.poly-hero-num	-	.poly-hero-num { font-size: 72px; font-weight: 800; color: #ceff00; line-height: 1; }
atlas-signal-brief.html	166	acid	literal	fill	background		light	OK	.poly-views	-	.poly-views { font-size: 11px; font-weight: 700; color: #000; background: #ceff00; padding: 2px 7px; border-ra
atlas-signal-brief.html	176	acid	literal	text	color		dark	OK	.footer a	-	.footer a { color: #ceff00; text-decoration: none; }
atlas_pulse_intelligence.html	43	acid	var:--acid	text	color		dark	OK	.hd-title	-	color:var(--acid);white-space:nowrap}
atlas_pulse_intelligence.html	132	acid	var:--acid	stroke	outline	:focus	dark	OK	.ctrl-search:focus	-	.ctrl-search:focus{outline:1px solid var(--acid);border-color:var(--acid)}
atlas_pulse_intelligence.html	132	acid	var:--acid	stroke	border-color	:focus	dark	OK	.ctrl-search:focus	-	.ctrl-search:focus{outline:1px solid var(--acid);border-color:var(--acid)}
atlas_pulse_intelligence.html	139	acid	var:--acid	text	color	.active	dark	OK	.day-btn.active	-	.day-btn.active{background:#1c2800;color:var(--acid)}
atlas_pulse_intelligence.html	144	acid	var:--acid	stroke	border-color		dark	OK	.wire-toggle.on	-	.wire-toggle.on{border-color:var(--acid);color:var(--acid);background:#1c2800}
atlas_pulse_intelligence.html	144	acid	var:--acid	text	color		dark	OK	.wire-toggle.on	-	.wire-toggle.on{border-color:var(--acid);color:var(--acid);background:#1c2800}
atlas_pulse_intelligence.html	177	acid	var:--acid	fill	background		unobserved	OK	.sb-hi	-	.sb-hi{background:var(--acid)}
atlas_pulse_intelligence.html	187	acid	var:--acid	text	color		dark	OK	.ls-sub code	-	font-size:11px;color:var(--acid)}
atlas_wire_intelligence.html	29	acid	var:--acid	text	color		dark	OK	.hd-title	-	.hd-title{font-size:12px;font-weight:700;letter-spacing:.12em;text-transform:uppercase;color:var(--acid);white
atlas_wire_intelligence.html	35	acid	var:--acid	text	color		dark	OK	.hd-pill.approved-pill span	-	.hd-pill.approved-pill span{color:var(--acid)}
atlas_wire_intelligence.html	41	acid	var:--acid	fill	background		dark	OK	.btn-export	-	border-radius:var(--r);background:var(--acid);color:#000;font-size:12px;font-weight:700;
atlas_wire_intelligence.html	73	acid	var:--acid	text	color		dark	OK	.load-screen-sub code	-	.load-screen-sub code{background:var(--raised);padding:2px 6px;border-radius:4px;font-size:11px;color:var(--ac
atlas_wire_intelligence.html	75	acid	var:--acid	fill	background		dark	OK	.btn-load-queue	-	border-radius:var(--r);background:var(--acid);color:#000;font-size:13px;font-weight:700;border:none;font-famil
atlas_wire_intelligence.html	84	acid	var:--acid	stroke	border-left		dark	OK	.signal-box	-	.signal-box{background:var(--raised);border:1px solid var(--border);border-left:3px solid var(--acid);
atlas_wire_intelligence.html	118	acid	var:--acid	stroke	border-color	.active	dark	OK	.sort-btn.active	-	.sort-btn.active{border-color:var(--acid);color:var(--acid)}
atlas_wire_intelligence.html	118	acid	var:--acid	text	color	.active	dark	OK	.sort-btn.active	-	.sort-btn.active{border-color:var(--acid);color:var(--acid)}
atlas_wire_intelligence.html	122	acid	var:--acid	other	accent-color		light	OK	.threshold-wrap input[type=range]	-	.threshold-wrap input[type=range]{accent-color:var(--acid);width:70px}
atlas_wire_intelligence.html	123	acid	var:--acid	text	color		dark	OK	#threshold-val	-	#threshold-val{font-size:12px;font-weight:700;color:var(--acid);min-width:18px}
atlas_wire_intelligence.html	128	acid	literal	fill	background		unobserved	OK	.beat-chip	-	border-radius:9999px;background:rgba(206,255,0,.12);border:1px solid var(--acid);
atlas_wire_intelligence.html	130	acid	literal	fill	background	:hover	unobserved	OK	.beat-chip:hover	-	.beat-chip:hover{background:rgba(206,255,0,.2)}
atlas_wire_intelligence.html	150	acid	var:--acid	fill	background		unobserved	OK	.score-badge.high	-	.score-badge.high{background:var(--acid);color:#000;box-shadow:0 0 0 2px rgba(206,255,0,.4)}
atlas_wire_intelligence.html	180	acid	var:--acid	fill	background		unobserved	OK	.btn-approve	-	border-radius:var(--r);font-size:12px;font-weight:700;background:var(--acid);color:#000;transition:opacity .15
atlas_wire_intelligence.html	259	acid	var:--acid	fill	background		unobserved	OK	.bsky-avatar	-	background:linear-gradient(135deg,var(--acid),#00ccff);
atlas_wire_intelligence.html	276	acid	var:--acid	fill	background		unobserved	OK	.btn-approve-detail	-	background:var(--acid);color:#000;font-size:13px;font-weight:700;border:none;cursor:pointer;transition:opacity
atlas_wire_review.html	54	acid	var:--acid	text	color		dark	OK	.header-title	-	color: var(--acid);
atlas_wire_review.html	77	acid	var:--acid	fill	background		dark	OK	.btn-export	-	background: var(--acid); color: #000;
atlas_wire_review.html	83	acid	var:--acid	fill	background		unobserved	OK	.btn-approve	-	.btn-approve { background: var(--acid); color: #000; padding: 5px 10px; font-size: 12px; }
atlas_wire_review.html	103	acid	var:--acid	stroke	outline	:focus	dark	OK	select:focus, input:focus	-	select:focus, input:focus { outline: 1px solid var(--acid); }
atlas_wire_review.html	112	acid	var:--acid	text	color		dark	OK	#threshold-val	-	#threshold-val { font-size: 13px; font-weight: 700; color: var(--acid); min-width: 16px; }
atlas_wire_review.html	160	acid	var:--acid	fill	background		unobserved	OK	.score-badge.high	-	.score-badge.high { background: var(--acid); color: #000; }
atlas_wire_review.html	231	acid	var:--acid	text	color		dark	OK	.empty-state code	-	border-radius: 4px; font-size: 13px; color: var(--acid);
beat-climate.html	24	acid	literal	text	color		dark	OK	.header-eyebrow	-	text-transform: uppercase; color: #ceff00; /* DESIGN-TOKEN FIX: Teal replaced with acid green — teal not in pa
beat-climate.html	34	acid	literal	text	color		dark	OK	.header-stat-num	-	font-size: 36px; font-weight: 800; color: #ceff00; /* DESIGN-TOKEN FIX: Teal replaced with acid green — teal n
beat-climate.html	193	acid	literal	other	style		light	OK	<span.legend-dot> (inline)	-	<span class="legend-item"><span class="legend-dot" style="background:#ceff00"></span>Highest concentration</sp
beat-climate.html	197	acid	literal	other	style		light	OK	<span.pill> (inline)	-	<div class="pill-grid"><span class="pill" style="background:#ceff00;color:#000" title="13 creators">New York, 
beat-finance.html	193	acid	literal	other	style		light	OK	<span.legend-dot> (inline)	-	<span class="legend-item"><span class="legend-dot" style="background:#ceff00"></span>Highest concentration</sp
beat-finance.html	197	acid	literal	other	style		light	OK	<span.pill> (inline)	-	<div class="pill-grid"><span class="pill" style="background:#ceff00;color:#000" title="16 creators">National -
beat-finance.html	198	acid	literal	other	style		light	OK	<span.pill> (inline)	-	<span class="pill" style="background:#ceff00;color:#000" title="13 creators">New York, NY <span class="pill-co
beat-tech.html	193	acid	literal	other	style		light	OK	<span.legend-dot> (inline)	-	<span class="legend-item"><span class="legend-dot" style="background:#ceff00"></span>Highest concentration</sp
beat-tech.html	197	acid	literal	other	style		light	OK	<span.pill> (inline)	-	<div class="pill-grid"><span class="pill" style="background:#ceff00;color:#000" title="29 creators">New York, 
bluesky-creator-intelligence.html	52	lime	literal	fill	background		light	OK	.badge-atlas	-	.badge-atlas { color: var(--olive); border: 1px solid rgba(151,214,0,0.5); background: rgba(151,214,0,0.07); }
bluesky-creator-intelligence.html	56	lime	var:--lime	fill	background		light	OK	.header-cta	-	.header-cta { display: inline-block; background: var(--lime); color: #303036; font-family: 'DM Mono', monospac
bluesky-creator-intelligence.html	124	lime	var:--lime	fill	background		light	OK	.dist-bar-fill	-	.dist-bar-fill { height: 100%; background: var(--lime); opacity: 0.8; border-radius: 2px; transition: width 0.
bluesky-creator-intelligence.html	172	lime	literal	fill	background	.active	light	OK	.sort-btn.active	-	.sort-btn.active { color: var(--olive); border-color: var(--lime); background: rgba(151,214,0,0.08); font-weig
bluesky-creator-intelligence.html	180	lime	var:--lime	fill	background	.active	light	OK	.filter-pill.active	-	.filter-pill.active { background: var(--lime); color: #000; border-color: var(--lime); font-weight: 600; }
bluesky-creator-intelligence.html	199	lime	literal	fill	background		light	OK	.ci-platform.cross	-	.ci-platform.cross { background: rgba(151,214,0,0.1); border-color: rgba(151,214,0,0.4); color: var(--olive); 
bluesky-creator-intelligence.html	240	acid	var:--acid	text	color		dark	OK	.partner-headline	-	.partner-headline { font-size: clamp(22px, 2.8vw, 36px); font-weight: 700; letter-spacing: -0.03em; color: var
bluesky-creator-intelligence.html	485	lime	var:--lime	fill	background		light	OK	<a> (inline)	-	<a href="mailto:justin&#64;journalismatlas.com" style="display: inline-block; background: var(--lime); color: 
chicago-analysis.html	36	acid	literal	fill	background		dark	OK	.header::before	-	.header::before { content: ''; position: absolute; top: 0; left: 0; right: 0; bottom: 0; background: radial-gr
chicago-analysis.html	36	acid	literal	fill	background		dark	OK	.header::before	-	.header::before { content: ''; position: absolute; top: 0; left: 0; right: 0; bottom: 0; background: radial-gr
chicago-analysis.html	38	acid	var:--neon	text	color		dark	OK	.header .brand	-	.header .brand { font-size: 0.75rem; font-weight: 700; letter-spacing: 3px; color: var(--neon); margin-bottom:
chicago-analysis.html	42	acid	var:--neon	fill	background		dark	OK	.header .neon-line	-	.header .neon-line { width: 80px; height: 3px; background: var(--neon); margin: 20px auto 0; border-radius: 2p
chicago-analysis.html	47	acid	var:--neon-dim	fill	background	:hover	mixed	OK	.nav button:hover	-	.nav button:hover { background: var(--neon-dim); color: var(--neon); border-color: rgba(206,255,0,0.3); }
chicago-analysis.html	48	acid	var:--neon	fill	background	.active	mixed	OK	.nav button.active	-	.nav button.active { background: var(--neon); color: var(--black); border-color: var(--neon); font-weight: 800
chicago-analysis.html	60	acid	var:--neon	text	color		dark	OK	h2	-	h2 { font-size: 1.4rem; font-weight: 800; color: var(--neon); margin: 40px 0 16px; padding-bottom: 8px; border
chicago-analysis.html	67	acid	literal	fill	background		dark	OK	.insight	-	.insight { background: rgba(206,255,0,0.08); border-left: 4px solid var(--neon); border-radius: 0 8px 8px 0; p
chicago-analysis.html	67	acid	var:--neon	stroke	border-left		dark	OK	.insight	-	.insight { background: rgba(206,255,0,0.08); border-left: 4px solid var(--neon); border-radius: 0 8px 8px 0; p
chicago-analysis.html	68	acid	var:--neon	text	color		dark	OK	.insight strong	-	.insight strong { color: var(--neon); }
chicago-analysis.html	77	acid	var:--neon	text	color		dark	OK	thead th	-	thead th { background: var(--dark3); color: var(--neon); padding: 12px 16px; text-align: left; font-size: 0.85
chicago-analysis.html	79	acid	var:--neon-dim	fill	background	:hover	dark	OK	tbody tr:hover	-	tbody tr:hover { background: var(--neon-dim); }
chicago-analysis.html	133	acid	literal	text	color	:hover	dark	OK	.atlas-site-nav-links a:hover	-	.atlas-site-nav-links a:hover { color: #ceff00; }
chicago-analysis.html	169	acid	literal	text	color	:hover	dark	OK	.atlas-site-footer-col a:hover	-	.atlas-site-footer-col a:hover { color: #ceff00; }
chicago-analysis.html	224	acid	var:--neon	other	style		dark	OK	<div.stat-value> (inline)	-	<div class="stat-card"><div class="stat-value" style="color:var(--neon)">9</div><div class="stat-label">Respon
chicago-analysis.html	250	acid	var:--neon	other	style		dark	OK	<div.stat-value> (inline)	-	<div class="stat-card"><div class="stat-value" style="color:var(--neon)">29&ndash;48</div><div class="stat-lab
chicago-analysis.html	292	acid	var:--neon	other	style		dark	OK	<div.archetype-card> (inline)	-	<div class="archetype-card" style="border-top: 3px solid var(--neon);">
chicago-analysis.html	293	acid	var:--neon	other	style		dark	OK	<h4> (inline)	-	<h4 style="color:var(--neon)">Video-First Creators</h4>
chicago-analysis.html	344	acid	var:--neon	other	style		dark	OK	<strong> (inline)	-	<tr><td>Clear, fair rate standards</td><td style="text-align:center"><strong style="color:var(--neon)">5</stro
chicago-analysis.html	345	acid	var:--neon	other	style		dark	OK	<strong> (inline)	-	<tr><td>Access to resources (legal, production, etc.)</td><td style="text-align:center"><strong style="color:v
chicago-analysis.html	346	acid	var:--neon	other	style		dark	OK	<strong> (inline)	-	<tr><td>Connection to larger audiences</td><td style="text-align:center"><strong style="color:var(--neon)">3</
chicago-analysis.html	347	acid	var:--neon	other	style		dark	OK	<strong> (inline)	-	<tr><td>Standard contract templates</td><td style="text-align:center"><strong style="color:var(--neon)">3</str
chicago-analysis.html	348	acid	var:--neon	other	style		dark	OK	<strong> (inline)	-	<tr><td>Revenue sharing opportunities</td><td style="text-align:center"><strong style="color:var(--neon)">3</s
chicago-analysis.html	349	acid	var:--neon	other	style		dark	OK	<strong> (inline)	-	<tr><td>Maintained editorial independence</td><td style="text-align:center"><strong style="color:var(--neon)">
chicago-analysis.html	358	acid	var:--neon	other	style		dark	OK	<div.stat-value> (inline)	-	<div class="stat-card"><div class="stat-value" style="color:var(--neon)">8/9</div><div class="stat-label">Will
chicago-analysis.html	371	acid	var:--neon	other	style		dark	OK	<div.stat-value> (inline)	-	<div class="stat-card"><div class="stat-value" style="color:var(--neon)">2</div><div class="stat-label">Journa
chicago-analysis.html	385	acid	var:--neon	other	style		dark	OK	<div.rec-card> (inline)	-	<div class="rec-card" style="border-left-color:var(--neon)">
chicago-analysis.html	386	acid	var:--neon	other	style		dark	OK	<h3> (inline)	-	<h3 style="color:var(--neon)">1. Design for a Spectrum, Not a Type</h3>
chicago-survey.html	35	acid	literal	other			unknown(gradient)	OK	.bg-pattern	-	radial-gradient(ellipse at 20% 50%, rgba(206,255,0,0.06) 0%, transparent 50%),
chicago-survey.html	61	acid	literal	fill	background		dark	OK	.header-badge	-	background: rgba(206,255,0,0.1);
chicago-survey.html	62	acid	literal	stroke	border		dark	OK	.header-badge	-	border: 1px solid rgba(206,255,0,0.25);
chicago-survey.html	69	acid	var:--lime	text	color		dark	OK	.header-badge	-	color: var(--lime);
chicago-survey.html	75	acid	var:--lime	fill	background		dark	OK	.header-badge .dot	-	background: var(--lime);
chicago-survey.html	91	acid	var:--lime	text	color		dark	OK	.logo-text	-	color: var(--lime);
chicago-survey.html	105	acid	var:--lime	text	color		dark	OK	.header h1 .accent	-	color: var(--lime);
chicago-survey.html	149	acid	var:--lime	text	color		dark	OK	.progress-step	-	color: var(--lime);
chicago-survey.html	167	acid	var:--lime	fill	background		dark	OK	.progress-fill	-	background: linear-gradient(90deg, var(--lime), var(--green));
chicago-survey.html	167	lime	var:--green	fill	background		dark	OK	.progress-fill	-	background: linear-gradient(90deg, var(--lime), var(--green));
chicago-survey.html	193	acid	var:--lime	text	color		dark	OK	.section-label	-	color: var(--lime);
chicago-survey.html	204	acid	literal	fill	background		dark	OK	.section-label::after	-	background: rgba(206,255,0,0.15);
chicago-survey.html	222	acid	var:--lime	text	color		dark	OK	.field label .required	-	color: var(--lime);
chicago-survey.html	301	acid	literal	fill	background	:hover	dark	OK	.check-group label:hover	-	background: rgba(206,255,0,0.06);
chicago-survey.html	302	acid	literal	stroke	border-color	:hover	dark	OK	.check-group label:hover	-	border-color: rgba(206,255,0,0.2);
chicago-survey.html	314	acid	var:--lime	fill	background	:checked	dark	OK	.check-group label:has(input:checked)	-	background: var(--lime);
chicago-survey.html	315	acid	var:--lime	stroke	border-color	:checked	dark	OK	.check-group label:has(input:checked)	-	border-color: var(--lime);
chicago-survey.html	347	acid	literal	fill	background	:hover	dark	OK	.radio-group label:hover	-	background: rgba(206,255,0,0.06);
chicago-survey.html	348	acid	literal	stroke	border-color	:hover	dark	OK	.radio-group label:hover	-	border-color: rgba(206,255,0,0.2);
chicago-survey.html	356	acid	literal	fill	background	:checked	dark	OK	.radio-group label:has(input:checked)	-	background: rgba(206,255,0,0.1);
chicago-survey.html	357	acid	var:--lime	stroke	border-color	:checked	dark	OK	.radio-group label:has(input:checked)	-	border-color: var(--lime);
chicago-survey.html	374	acid	var:--lime	stroke	border-color	:checked	dark	OK	.radio-group label:has(input:checked) .radio-dot	-	border-color: var(--lime);
chicago-survey.html	375	acid	var:--lime	fill	background	:checked	dark	OK	.radio-group label:has(input:checked) .radio-dot	-	background: var(--lime);
chicago-survey.html	407	acid	var:--lime	fill	background		dark	OK	.btn-primary	-	background: var(--lime);
chicago-survey.html	412	lime	var:--green	fill	background	:hover	dark	OK	.btn-primary:hover	-	background: var(--green);
chicago-survey.html	414	acid	literal	stroke	box-shadow	:hover	dark	OK	.btn-primary:hover	-	box-shadow: 0 4px 20px rgba(206,255,0,0.25);
chicago-survey.html	444	acid	var:--lime	fill	background		dark	OK	.completion-icon	-	background: var(--lime);
chicago-survey.html	480	acid	literal	fill	background		dark	OK	.code-card	-	background: rgba(206,255,0,0.06);
chicago-survey.html	481	acid	var:--lime	stroke	border		dark	OK	.code-card	-	border: 2px solid var(--lime);
chicago-survey.html	493	acid	var:--lime	text	color		dark	OK	.code-label	-	color: var(--lime);
chicago-survey.html	501	acid	var:--lime	text	color		dark	OK	.code-value	-	color: var(--lime);
chicago-survey.html	543	acid	var:--lime	text	color		dark	OK	.redeem-card .highlight	-	color: var(--lime);
chicago-survey.html	566	acid	literal	fill	background		unobserved	OK	.redeem-steps .step-num	-	background: rgba(206,255,0,0.15);
chicago-survey.html	627	acid	literal	fill	background		unknown(gradient)	OK	.intro-screen .incentive-banner	-	background: linear-gradient(135deg, rgba(206,255,0,0.12), rgba(0,229,255,0.08));
chicago-survey.html	628	acid	literal	stroke	border		unknown(gradient)	OK	.intro-screen .incentive-banner	-	border: 1px solid rgba(206,255,0,0.2);
chicago-survey.html	638	acid	var:--lime	text	color		unknown(gradient)	OK	.incentive-banner .gift-amount	-	color: var(--lime);
chicago-survey.html	702	acid	literal	text	color	:hover	dark	OK	.atlas-site-nav-links a:hover	-	.atlas-site-nav-links a:hover { color: #ceff00; }
chicago-survey.html	745	acid	literal	text	color	:hover	dark	OK	.atlas-site-footer-col a:hover	-	.atlas-site-footer-col a:hover { color: #ceff00; }
city-lab-chicago.html	34	acid	literal	text	color		dark	OK	.hero-eyebrow	-	.hero-eyebrow { font-size: 11px; font-weight: 700; letter-spacing: 0.15em; text-transform: uppercase; color: #
city-lab-chicago.html	38	acid	literal	text	color		dark	OK	.hero-cta-link	-	.hero-cta-link { color: #ceff00; text-decoration: none; font-weight: 600; }
city-lab-chicago.html	41	acid	literal	text	color		dark	OK	.hero-stat-num-large	-	.hero-stat-num-large { font-size: 56px; font-weight: 700; color: #ceff00; line-height: 1; display: block; }
city-lab-chicago.html	49	acid	literal	fill	background	:hover	dark	OK	.hero-stat-child[data-layer]:hover	-	.hero-stat-child[data-layer]:hover { background: rgba(206,255,0,0.08); border-color: rgba(206,255,0,0.35); }
city-lab-chicago.html	49	acid	literal	stroke	border-color	:hover	dark	OK	.hero-stat-child[data-layer]:hover	-	.hero-stat-child[data-layer]:hover { background: rgba(206,255,0,0.08); border-color: rgba(206,255,0,0.35); }
city-lab-chicago.html	50	acid	literal	text	color	:hover	dark	OK	.hero-stat-child[data-layer]:hover .hero-stat-num-child	-	.hero-stat-child[data-layer]:hover .hero-stat-num-child { color: #ceff00; }
city-lab-chicago.html	52	acid	literal	fill	background	:active	dark	OK	.hero-stat-child[data-layer]:active	-	.hero-stat-child[data-layer]:active { background: rgba(206,255,0,0.14); }
city-lab-chicago.html	55	acid	literal	text	color		dark	OK	.hero-stat-245-link	-	.hero-stat-245-link { color: #ceff00; text-decoration: none; cursor: pointer; }
city-lab-chicago.html	65	lime	literal	fill	background	.active	light	OK	.tab-btn.active	-	.tab-btn.active { color: #000; border-bottom-color: #97d600; background: rgba(151,214,0,0.08); font-weight: 70
city-lab-chicago.html	66	lime	literal	fill	background		light	OK	.tab-btn .tab-badge	-	.tab-btn .tab-badge { display: inline-block; font-size: 9px; font-weight: 700; background: #97d600; color: #00
city-lab-chicago.html	80	acid	literal	text	color		dark	OK	.eco-panel-j .eco-panel-eyebrow	-	.eco-panel-j .eco-panel-eyebrow { color: #ceff00; }
city-lab-chicago.html	89	acid	literal	text	color		dark	OK	.eco-panel-j .eco-ps-num	-	.eco-panel-j .eco-ps-num { color: #ceff00; }
city-lab-chicago.html	103	acid	literal	fill	background		dark	OK	.eco-pill-j-strong	-	.eco-pill-j-strong { background: #ceff00; color: #000; }
city-lab-chicago.html	156	lime	literal	fill	background	.active	light	OK	.beat-chip.active, .plat-chip.active	-	.beat-chip.active, .plat-chip.active { background: #97d600; border-color: #5d7400; }
city-lab-chicago.html	384	acid	literal	other	style		light	OK	<span.legend-dot> (inline)	-	<span class="legend-item"><span class="legend-dot" style="background:#ceff00"></span>Strong (5+)</span>
city-lab-chicago.html	390	acid	literal	other	style		light	OK	<span.pill> (inline)	-	<span class="pill" data-beat="City Hall &amp; Politics" style="background:#ceff00;color:#000">City Hall &amp; 
city-lab-chicago.html	391	acid	literal	other	style		light	OK	<span.pill> (inline)	-	<span class="pill" data-beat="Black Chicago" style="background:#ceff00;color:#000">Black Chicago <span class="
city-lab-chicago.html	421	lime	literal	fill	background		unobserved	OK	<a.context-toggle> (inline)	-	<a href="https://journalismatlas.com/contact" target="_blank" rel="noopener" style="flex-shrink:0;display:inli
city-lab-dc-v3.html	96	acid	var:--acid	fill	background		dark	OK	.hero::before	-	background: var(--acid);
city-lab-dc-v3.html	107	acid	var:--acid	text	color		dark	OK	.hero-eyebrow	-	color: var(--acid);
city-lab-dc-v3.html	118	acid	var:--acid	text	color		dark	OK	.hero-title span	-	.hero-title span { color: var(--acid); }
city-lab-dc-v3.html	130	acid	var:--acid	stroke	border-left		dark	OK	.hero-stat-block	-	border-left: 4px solid var(--acid);
city-lab-dc-v3.html	142	acid	var:--acid	text	color		dark	OK	.hero-stat-label	-	color: var(--acid);
city-lab-dc-v3.html	154	acid	var:--acid	text	color		dark	OK	.hero-stat-row em	-	color: var(--acid);
city-lab-dc-v3.html	172	acid	var:--acid	stroke	border-bottom		dark	OK	.section-nav	-	border-bottom: 2px solid var(--acid);
city-lab-dc-v3.html	197	acid	var:--acid	text	color	:hover	dark	OK	.section-nav a:hover, .section-nav a.active	-	color: var(--acid);
city-lab-dc-v3.html	198	acid	var:--acid	stroke	border-bottom-color	:hover	dark	OK	.section-nav a:hover, .section-nav a.active	-	border-bottom-color: var(--acid);
city-lab-dc-v3.html	205	acid	var:--acid	text	color		dark	OK	.collapse-bg .section-label	-	.collapse-bg .section-label { color: var(--acid); }
city-lab-dc-v3.html	227	acid	var:--acid	fill	background		dark	OK	.timeline-item::before	-	background: var(--acid);
city-lab-dc-v3.html	236	acid	var:--acid	text	color		dark	OK	.timeline-date	-	color: var(--acid);
city-lab-dc-v3.html	271	acid	var:--acid	text	color		dark	OK	.stat-card .num	-	color: var(--acid);
city-lab-dc-v3.html	309	acid	var:--acid	text	color	.active	dark	OK	.pill.active	-	.pill.active { background: var(--dark); color: var(--acid); border-color: var(--dark); }
city-lab-dc-v3.html	602	acid	var:--acid	text	color		dark	OK	.show-more-btn	-	color: var(--acid);
city-lab-dc-v3.html	706	acid	var:--acid	stroke	border-left		dark	OK	.opp-card	-	border-left: 4px solid var(--acid);
city-lab-dc-v3.html	714	acid	var:--acid	text	color		dark	OK	.opp-num	-	color: var(--acid);
city-lab-dc-v3.html	735	acid	var:--acid	fill	background		dark	OK	.atlas-callout	-	background: var(--acid);
city-lab-dc-v3.html	777	acid	var:--acid	text	color		dark	OK	.footer-brand	-	color: var(--acid);
city-lab-dc-v3.html	782	acid	var:--acid	text	color	:hover	dark	OK	.footer-links a:hover	-	.footer-links a:hover { color: var(--acid); }
city-lab-dc-v3.html	885	acid	var:--acid	stroke	border-left		dark	OK	<div.atlas-callout> (inline)	-	<div class="atlas-callout" style="margin-bottom:40px; margin-top:0; text-align:left; display:flex; align-items
city-lab-dc-v3.html	923	acid	var:--acid	text	color		dark	OK	<em> (inline)	-	<em style="font-style:normal;color:var(--acid);">200</em> reporters (2003) → <em style="font-style:normal;colo
city-lab-dc-v3.html	1004	acid	var:--acid	other	style		mixed	OK	<div.section-label> (inline)	-	<div class="section-label" style="color:var(--acid);">Investment Theses</div>
contact.html	71	acid	literal	text	color		dark	OK	.contact-sub a	-	color: #ceff00;
contact.html	77	acid	literal	fill	background		dark	OK	.contact-email-btn	-	background: #ceff00;
for-brands.html	65	lime	var:--color-lime-green	fill	background	:hover	dark	OK	.btn-primary:hover	-	.btn-primary:hover { background: var(--color-lime-green); }
for-brands.html	81	acid	literal	text	color		dark	OK	.hero-eyebrow-pill	-	color: #ceff00; background: rgba(206,255,0,0.07);
for-brands.html	81	acid	literal	fill	background		dark	OK	.hero-eyebrow-pill	-	color: #ceff00; background: rgba(206,255,0,0.07);
for-brands.html	82	acid	literal	stroke	border		dark	OK	.hero-eyebrow-pill	-	border: 1px solid rgba(206,255,0,0.3); border-radius: 100px;
for-brands.html	104	acid	literal	fill	background		dark	OK	.landscape-strip-dot	-	.landscape-strip-dot { width: 3px; height: 3px; border-radius: 50%; background: rgba(206,255,0,0.3); flex-shri
for-brands.html	164	acid	literal	stroke	border-color	:hover	dark	OK	.way-card:hover	-	.way-card:hover { border-color: rgba(206,255,0,0.2); background: rgba(206,255,0,0.03); }
for-brands.html	164	acid	literal	fill	background	:hover	dark	OK	.way-card:hover	-	.way-card:hover { border-color: rgba(206,255,0,0.2); background: rgba(206,255,0,0.03); }
for-brands.html	166	acid	literal	text	color		dark	OK	.way-card-icon	-	color: #ceff00; font-size: 32px; margin-bottom: 16px;
for-brands.html	168	acid	literal	fill	background		dark	OK	.way-card-icon	-	width: 48px; height: 48px; background: rgba(206,255,0,0.08); border-radius: 100px;
for-brands.html	192	lime	literal	fill	background		light	OK	.good-news-headline::after	-	.good-news-headline::after { content: ''; display: block; height: 4px; width: 48px; background: #97d600; borde
for-brands.html	206	acid	literal	text	color		dark	OK	.intel-cta-link	-	.intel-cta-link { display: inline-flex; align-items: center; gap: 8px; font-family: 'DM Mono', monospace; font
for-brands.html	208	acid	literal	text	color		dark	OK	.intel-cta-link--anchor	-	.intel-cta-link--anchor { color: rgba(206,255,0,0.7); }
for-brands.html	222	acid	literal	stroke	border-color	:hover	dark	OK	.gallery-card:hover	-	.gallery-card:hover { border-color: rgba(206,255,0,0.3); background: rgba(206,255,0,0.03); }
for-brands.html	222	acid	literal	fill	background	:hover	dark	OK	.gallery-card:hover	-	.gallery-card:hover { border-color: rgba(206,255,0,0.3); background: rgba(206,255,0,0.03); }
for-brands.html	232	acid	literal	text	color		dark	OK	.gallery-card-link	-	color: #ceff00; letter-spacing: 0.08em; text-transform: uppercase;
for-brands.html	240	acid	literal	fill	background		dark	OK	.gmp-bar	-	.gmp-bar { width: 100%; background: #ceff00; border-radius: 2px 2px 0 0; opacity: 0.6; min-height: 4px; }
for-brands.html	250	acid	literal	fill	background		dark	OK	.gms-avatar	-	.gms-avatar { width: 20px; height: 20px; border-radius: 100px; background: rgba(206,255,0,0.15); font-size: 7p
for-brands.html	250	acid	literal	text	color		dark	OK	.gms-avatar	-	.gms-avatar { width: 20px; height: 20px; border-radius: 100px; background: rgba(206,255,0,0.15); font-size: 7p
for-brands.html	323	acid	literal	stroke	border-color	:focus	dark	OK	.bf-select:focus, .bf-input:focus	-	border-color: #ceff00; box-shadow: 0 0 0 2px rgba(206,255,0,0.1);
for-brands.html	323	acid	literal	stroke	box-shadow	:focus	dark	OK	.bf-select:focus, .bf-input:focus	-	border-color: #ceff00; box-shadow: 0 0 0 2px rgba(206,255,0,0.1);
for-brands.html	333	acid	literal	other	accent-color		dark	OK	.bf-check-item input, .bf-radio-item input	-	accent-color: #ceff00; width: 16px; height: 16px; cursor: pointer; flex-shrink: 0;
for-brands.html	343	lime	var:--color-lime-green	fill	background	:hover	dark	OK	.bf-submit:hover	-	.bf-submit:hover { background: var(--color-lime-green); }
for-brands.html	348	acid	literal	fill	background		dark	OK	.brief-confirm	-	background: rgba(206,255,0,0.06); border: 1px solid rgba(206,255,0,0.2);
for-brands.html	348	acid	literal	stroke	border		dark	OK	.brief-confirm	-	background: rgba(206,255,0,0.06); border: 1px solid rgba(206,255,0,0.2);
for-brands.html	351	acid	literal	text	color		dark	OK	.brief-confirm-headline	-	.brief-confirm-headline { font-size: 20px; font-weight: 700; color: #ceff00; margin: 0 0 12px; }
for-brands.html	354	acid	literal	fill	background		dark	OK	.brief-section .eyebrow::before	-	.brief-section .eyebrow::before { content: ''; display: inline-block; width: 16px; height: 2px; background: #c
for-brands.html	373	acid	literal	text	color		dark	OK	.pulse-intel-cta	-	.pulse-intel-cta { font-family: 'DM Mono', monospace; font-size: 9px; color: #ceff00; border: 1px solid rgba(2
for-brands.html	373	acid	literal	stroke	border		dark	OK	.pulse-intel-cta	-	.pulse-intel-cta { font-family: 'DM Mono', monospace; font-size: 9px; color: #ceff00; border: 1px solid rgba(2
for-brands.html	374	acid	literal	fill	background	:hover	dark	OK	.pulse-intel-cta:hover	-	.pulse-intel-cta:hover { background: rgba(206,255,0,0.06); }
for-brands.html	380	acid	literal	text	color		dark	OK	.pi-beat-name	-	.pi-beat-name { font-family: 'DM Mono', monospace; font-size: 9px; color: #ceff00; text-transform: uppercase; 
for-brands.html	384	acid	literal	fill	background		dark	OK	.pi-beat-bar-fill	-	.pi-beat-bar-fill { height: 100%; background: #ceff00; border-radius: 4px; opacity: 0.85; transition: width 0.
for-brands.html	390	acid	literal	fill	background		dark	OK	.pulse-dot-acid	-	background: #ceff00;
for-brands.html	404	acid	literal	text	color	:hover	dark	OK	.pi-post-title:hover	-	.pi-post-title:hover { color: #ceff00; }
for-brands.html	406	acid	literal	text	color		dark	OK	.pi-beat-more	-	.pi-beat-more { display: block; font-family: 'DM Mono', monospace; font-size: 8px; color: rgba(206,255,0,0.5);
for-brands.html	407	acid	literal	text	color	:hover	dark	OK	.pi-beat-more:hover	-	.pi-beat-more:hover { color: #ceff00; }
for-brands.html	409	acid	literal	text	color		dark	OK	.pulse-intel-footer a	-	.pulse-intel-footer a { color: rgba(206,255,0,0.5); text-decoration: none; }
for-brands.html	410	acid	literal	text	color	:hover	dark	OK	.pulse-intel-footer a:hover	-	.pulse-intel-footer a:hover { color: #ceff00; }
for-brands.html	420	acid	literal	text	color		dark	OK	.hero-ticker-item-beat	-	.hero-ticker-item-beat { font-family: 'DM Mono', monospace; font-size: 9px; color: rgba(206,255,0,0.3); text-t
for-brands.html	449	acid	literal	stroke	border-color	:hover	dark	OK	.bx-creator-card:hover	-	.bx-creator-card:hover { border-color: rgba(206,255,0,0.2); }
for-brands.html	450	acid	literal	fill	background		dark	OK	.bx-creator-avatar	-	.bx-creator-avatar { width: 36px; height: 36px; border-radius: 100px; flex-shrink: 0; background: rgba(206,255
for-brands.html	450	acid	literal	text	color		dark	OK	.bx-creator-avatar	-	.bx-creator-avatar { width: 36px; height: 36px; border-radius: 100px; flex-shrink: 0; background: rgba(206,255
for-brands.html	456	acid	literal	text	color		dark	OK	.bx-search-cta	-	.bx-search-cta { display: inline-flex; align-items: center; gap: 8px; font-size: 14px; font-weight: 700; color
for-brands.html	466	acid	literal	text	color		dark	OK	.pricing-col-list .material-symbols-outlined	-	.pricing-col-list .material-symbols-outlined { font-size: 20px; color: #ceff00; flex-shrink: 0; margin-top: 2p
for-brands.html	469	acid	literal	stroke	border-left		dark	OK	.live-window-editorial	-	.live-window-editorial { font-size: 18px; color: #e0e0e0; line-height: 1.8; max-width: 680px; margin: 0 0 40px
for-brands.html	757	acid	literal	text	color		dark	OK	<span.material-symbols-outlined> (inline)	-	<span class="material-symbols-outlined" style="font-size:16px;color:rgba(206,255,0,0.5);">info</span>
for-brands.html	762	acid	literal	text	color		dark	OK	<span.material-symbols-outlined> (inline)	-	<span class="material-symbols-outlined" style="font-size:16px;color:rgba(206,255,0,0.5);">lock_open</span>
for-brands.html	811	acid	literal	other	style		mixed	OK	<div.eyebrow> (inline)	-	<div class="eyebrow eyebrow--dark" style="color:rgba(206,255,0,0.5);">Paid engagement</div>
for-brands.html	986	acid	literal	text	color		dark	OK	<span.material-symbols-outlined> (inline)	-	<span class="material-symbols-outlined" style="font-size:40px;color:#ceff00;">task_alt</span>
index.html	42	acid	literal	fill	background		dark	OK	.btn-acid	-	background: #ceff00; color: #000;
index.html	47	lime	var:--color-lime-green	fill	background	:hover	dark	OK	.btn-acid:hover	-	.btn-acid:hover { background: var(--color-lime-green); }
index.html	69	acid	literal	text	color		dark	OK	.hero-eyebrow-pill	-	font-family: 'JetBrains Mono', monospace; font-size: 9px; color: #ceff00;
index.html	70	acid	literal	stroke	border		dark	OK	.hero-eyebrow-pill	-	border: 1px solid rgba(206,255,0,0.35); padding: 4px 12px; border-radius: 100px;
index.html	72	acid	literal	fill	background		dark	OK	.hero-eyebrow-pill	-	background: rgba(206,255,0,0.06);
index.html	75	acid	literal	text	color		dark	OK	.hero-headline em	-	.hero-headline em { font-style: normal; color: #ceff00; }
index.html	126	acid	literal	stroke	box-shadow		dark	OK	#creator-card	-	box-shadow: 0 16px 48px rgba(0,0,0,0.6), 0 0 0 1px rgba(206,255,0,0.08);
index.html	139	acid	literal	text	color		dark	OK	.hero-stat-badge-num	-	.hero-stat-badge-num { font-family: 'JetBrains Mono', monospace; font-size: 22px; font-weight: 700; color: #ce
index.html	144	lime	literal	fill	background		light	OK	.btn-lime	-	background: #97d600; color: #303036;
index.html	151	lime	literal	fill	background		light	OK	.btn-lime-lg	-	background: #97d600; color: #303036; font-weight: 700; font-size: 14px;
index.html	182	acid	literal	text	color		dark	OK	.featured-view-all	-	.featured-view-all { font-family: 'JetBrains Mono', monospace; font-size: 10px; color: #ceff00; letter-spacing
index.html	192	acid	literal	fill	background	.active	dark	OK	.featured-progress-dot.active	-	.featured-progress-dot.active { background: #ceff00; }
index.html	199	acid	literal	text	color		dark	OK	.featured-beat	-	.featured-beat { font-family: 'JetBrains Mono', monospace; font-size: 13px; color: #ceff00; background: rgba(2
index.html	199	acid	literal	fill	background		dark	OK	.featured-beat	-	.featured-beat { font-family: 'JetBrains Mono', monospace; font-size: 13px; color: #ceff00; background: rgba(2
index.html	199	acid	literal	stroke	border		dark	OK	.featured-beat	-	.featured-beat { font-family: 'JetBrains Mono', monospace; font-size: 13px; color: #ceff00; background: rgba(2
index.html	203	acid	literal	text	color	:hover	dark	OK	.featured-link:hover	-	.featured-link:hover { color: #ceff00; }
index.html	233	acid	literal	text	color		dark	OK	.credentials-link	-	color: #ceff00;
index.html	308	lime	literal	fill	background		light	OK	.research-badge	-	.research-badge { font-family: 'JetBrains Mono', monospace; font-size: 9px; color: #5d7400; background: rgba(1
index.html	327	acid	literal	fill	background		light	OK	.research-card-source-pill	-	.research-card-source-pill { font-family: 'JetBrains Mono', monospace; font-size: 9px; color: #000; background
index.html	431	acid	literal	text	color		dark	OK	#cluster-drawer-atlas-link	-	color: #ceff00; text-decoration: none; letter-spacing: 0.06em;
index.html	496	acid	literal	text	color		dark	OK	#cluster-drawer-full-link	-	color: #ceff00; text-decoration: none; letter-spacing: 0.06em;
index.html	2192	acid	literal	fill	background		unobserved	OK	(JS/other)	-	<a href="/search?search=${encodeURIComponent(node.name)}" style="display:block;font-family:'JetBrains Mono',mo
latin-america-lab.html	88	acid	var:--page-accent	text	color	:hover	dark	OK	.nav-breadcrumb a:hover	-	.nav-breadcrumb a:hover { color: var(--page-accent); }
latin-america-lab.html	97	acid	var:--page-accent	stroke	border-bottom		dark	OK	.hero	-	border-bottom: 3px solid var(--page-accent);
latin-america-lab.html	110	acid	var:--page-accent	text	color		dark	OK	.hero-label	-	color: var(--page-accent);
latin-america-lab.html	147	acid	var:--page-accent	text	color		dark	OK	.hero-stat-num	-	color: var(--page-accent);
latin-america-lab.html	226	acid	var:--page-accent	text	color		dark	OK	.lab-eyebrow	-	color: var(--page-accent);
latin-america-lab.html	265	acid	var:--page-accent	fill	background	.active	mixed	OK	.filter-pill.active	-	background: var(--page-accent);
latin-america-lab.html	278	acid	var:--page-accent	text	color		dark	OK	.count-bar span	-	.count-bar span { color: var(--page-accent); }
latin-america-lab.html	297	acid	literal	stroke	border-color	:hover	dark	OK	.creator-card:hover	-	.creator-card:hover { border-color: rgba(206, 255, 0, 0.25); } /* TODO-JAMES: alpha acid keyline vs. solid tok
latin-america-lab.html	342	acid	literal	text	color		dark	OK	.featured-badge	-	color: rgba(206,255,0,0.7);
latin-america-lab.html	348	acid	var:--page-accent	fill	background		dark	OK	.featured-dot	-	background: var(--page-accent);
latin-america-lab.html	357	acid	literal	fill	background		dark	OK	.icfj-badge	-	background: rgba(206,255,0,0.08);
latin-america-lab.html	358	acid	literal	stroke	border		dark	OK	.icfj-badge	-	border: 1px solid rgba(206,255,0,0.2);
latin-america-lab.html	362	acid	var:--page-accent	text	color		dark	OK	.icfj-badge	-	color: var(--page-accent);
latin-america-lab.html	368	acid	var:--page-accent	text	color		dark	OK	.card-country	-	color: var(--page-accent);
latin-america-lab.html	383	acid	var:--page-accent	text	color		dark	OK	.card-channel	-	color: var(--page-accent);
latin-america-lab.html	428	acid	var:--page-accent	text	color	:hover	dark	OK	.card-link:hover	-	.card-link:hover { color: var(--page-accent); }
latin-america-lab.html	443	acid	var:--page-accent	text	color		dark	OK	.spotlight-eyebrow	-	color: var(--page-accent);
latin-america-lab.html	476	acid	literal	stroke	border-left		dark	OK	.spotlight-quote	-	border-left: 2px solid rgba(206,255,0,0.5);
latin-america-lab.html	508	acid	var:--page-accent	text	color		dark	OK	.spotlight-cta	-	color: var(--page-accent);
latin-america-lab.html	511	acid	literal	text	color	:hover	dark	OK	.spotlight-cta:hover	-	.spotlight-cta:hover { color: rgba(206,255,0,0.85); }
latin-america-lab.html	614	acid	var:--page-accent	fill	background		dark	OK	.btn-primary	-	background: var(--page-accent);
latin-america-lab.html	620	lime	var:--color-accent-dark-hover	fill	background	:hover	dark	OK	.btn-primary:hover	-	.btn-primary:hover { background: var(--color-accent-dark-hover); opacity: 1; }
latin-america-lab.html	636	acid	var:--page-accent	text	color	:hover	dark	OK	.btn-ghost:hover	-	.btn-ghost:hover { color: var(--page-accent); border-color: rgba(206,255,0,0.3); }
latin-america-lab.html	636	acid	literal	stroke	border-color	:hover	dark	OK	.btn-ghost:hover	-	.btn-ghost:hover { color: var(--page-accent); border-color: rgba(206,255,0,0.3); }
latin-america-lab.html	650	acid	literal	stroke	outline	:focus	dark	OK	-visible, .btn-ghost:focus-visible, .card-link:focus-visible, .spotlight-cta:focus-visible	-	outline: 2px solid #ceff00; /* acid green — dark surface focus ring */
lists.html	64	acid	literal	other			unknown(gradient)	OK	.hero	-	radial-gradient(circle at 15% 60%, rgba(206,255,0,0.10) 0%, transparent 50%),
lists.html	65	acid	literal	other			unknown(gradient)	OK	.hero	-	radial-gradient(circle at 85% 30%, rgba(206,255,0,0.07) 0%, transparent 50%);
lists.html	72	acid	var:--acid-green	fill	background-color		unknown(gradient)	OK	.hero-label	-	background-color: var(--acid-green);
lists.html	113	acid	var:--acid-green	text	color		unknown(gradient)	OK	.hero-stat strong	-	color: var(--acid-green);
lists.html	225	acid	var:--acid-green	fill	background-color		light	OK	.card-count-dot	-	background-color: var(--acid-green);
lists.html	290	acid	var:--acid-green	fill	background-color		light	OK	.share-btn	-	background-color: var(--acid-green);
lists.html	396	acid	var:--acid-green	text	color		dark	OK	.view-in-atlas	-	color: var(--acid-green);
lists.html	426	acid	literal	fill	background		light	OK	.teaser-section::before	-	background: radial-gradient(circle, rgba(206,255,0,0.15) 0%, transparent 70%);
lists.html	431	acid	literal	fill	background-color		dark	OK	.teaser-label	-	background-color: rgba(206,255,0,0.15);
lists.html	432	acid	var:--acid-green	text	color		dark	OK	.teaser-label	-	color: var(--acid-green);
lists.html	478	acid	var:--acid-green	fill	background-color		dark	OK	.teaser-cta	-	background-color: var(--acid-green);
mobile.html	212	acid	var:--acid-green	text	color		dark	OK	.creator-count span	-	color: var(--acid-green);
mobile.html	265	acid	var:--acid-green	text	color	.active	dark	OK	.breadcrumb-item.active	-	color: var(--acid-green);
mobile.html	370	acid	var:--acid-green	fill	background		unobserved	OK	.creator-tag	-	background: var(--acid-green);
mobile.html	615	acid	var:--acid-green	other	filter	:active	light	OK	.sunburst-path:active	-	filter: drop-shadow(0 0 10px var(--acid-green));
partners/_reviewjames.html	15	acid	var:--acid	text	color		dark	OK	.flag	-	.flag{display:inline-block;font-size:11px;font-weight:700;letter-spacing:0.1em;text-transform:uppercase;backgr
partners/_reviewjames.html	30	lime	literal	fill	background		light	OK	.pill-confirmed	-	.pill-confirmed{background:rgba(151,214,0,0.18);color:var(--olive);}
partners/_reviewjames.html	32	acid	var:--acid	text	color		dark	OK	.pill-new	-	.pill-new{background:#000;color:var(--acid);}
partners/_shell.html	65	acid	var:--acid	text	color		dark	OK	.hero-eyebrow	-	.hero-eyebrow { font-size: 12px; font-weight: 500; letter-spacing: 0.1em; text-transform: uppercase; color: va
partners/_shell.html	79	acid	var:--acid	text	color		dark	OK	.hero-stat-num	-	.hero-stat-num { font-size: 36px; font-weight: 700; line-height: 1; color: var(--acid); margin-bottom: 6px; }
partners/_shell.html	133	lime	literal	fill	background	:hover	light	OK	.pill.platform:hover	-	background: #97d600;
partners/_shell.html	150	lime	var:--lime	fill	background	:hover	light	OK	.card-link:hover	-	.card-link:hover { color: #303036; background: var(--lime); }
partners/_shell.html	202	acid	var:--acid	fill	background		dark	OK	.atlas-footer-btn	-	background: var(--acid); color: #000;
partners/ahp.html	43	acid	var:--acid	text	color		dark	OK	.hero-eyebrow	-	.hero-eyebrow { font-size: 11px; font-weight: 400; letter-spacing: 0.1em; text-transform: uppercase; color: va
partners/ahp.html	83	acid	var:--acid	text	color	:hover	dark	OK	.curator-strip-url:hover	-	.curator-strip-url:hover { color: var(--acid); }
partners/ahp.html	115	lime	var:--lime	fill	background	.active	light	OK	.chip.active	-	.chip.active { background: var(--lime); border-color: var(--olive); color: #303036; }
partners/ahp.html	173	lime	literal	fill	background	:hover	light	OK	.pill.platform:hover	-	background: #97d600;
partners/ahp.html	190	lime	var:--lime	fill	background	:hover	light	OK	.card-link:hover	-	.card-link:hover { color: #303036; background: var(--lime); }
partners/ahp.html	210	acid	var:--acid	text	color		dark	OK	.atlas-attribution-badge	-	background: #000; color: var(--acid);
partners/ahp.html	240	acid	var:--acid	fill	background		dark	OK	.atlas-footer-btn	-	background: var(--acid); color: #000;
partners/cillizza.html	43	acid	var:--acid	text	color		dark	OK	.hero-eyebrow	-	.hero-eyebrow { font-size: 11px; font-weight: 400; letter-spacing: 0.1em; text-transform: uppercase; color: va
partners/cillizza.html	83	acid	var:--acid	text	color	:hover	dark	OK	.curator-strip-url:hover	-	.curator-strip-url:hover { color: var(--acid); }
partners/cillizza.html	111	lime	var:--lime	fill	background	.active	light	OK	.chip.active	-	.chip.active { background: var(--lime); border-color: var(--olive); color: #303036; }
partners/cillizza.html	164	lime	literal	fill	background	:hover	light	OK	.pill.platform:hover	-	.pill.platform:hover { background: #97d600; border-color: #97d600; color: #303036; }
partners/cillizza.html	178	lime	var:--lime	fill	background	:hover	light	OK	.card-link:hover	-	.card-link:hover { color: #303036; background: var(--lime); }
partners/cillizza.html	202	acid	var:--acid	text	color		dark	OK	.atlas-attribution-badge	-	background: #000; color: var(--acid);
partners/cillizza.html	232	acid	var:--acid	fill	background		dark	OK	.atlas-footer-btn	-	background: var(--acid); color: #000;
partners/emily-atkin.html	43	acid	var:--acid	text	color		dark	OK	.hero-eyebrow	-	.hero-eyebrow { font-size: 11px; font-weight: 400; letter-spacing: 0.1em; text-transform: uppercase; color: va
partners/emily-atkin.html	77	acid	var:--acid	text	color	:hover	dark	OK	.curator-strip-url:hover	-	.curator-strip-url:hover { color: var(--acid); }
partners/emily-atkin.html	97	lime	var:--lime	fill	background	.active	unobserved	OK	.chip.active	-	.chip.active { background: var(--lime); border-color: var(--olive); color: #303036; }
partners/emily-atkin.html	132	lime	literal	fill	background	:hover	light	OK	.pill.platform:hover	-	.pill.platform:hover { background: #97d600; border-color: #97d600; color: #303036; }
partners/emily-atkin.html	142	lime	var:--lime	fill	background	:hover	light	OK	.card-link:hover	-	.card-link:hover { color: #303036; background: var(--lime); }
partners/emily-atkin.html	154	acid	var:--acid	text	color		dark	OK	.atlas-attribution-badge	-	background: #000; color: var(--acid);
partners/emily-atkin.html	182	acid	var:--acid	fill	background		dark	OK	.atlas-footer-btn	-	background: var(--acid); color: #000; font-family: 'Inter', sans-serif;
partners/icfj.html	42	acid	var:--acid	text	color		dark	OK	.hero-eyebrow	-	.hero-eyebrow { font-size: 11px; font-weight: 400; letter-spacing: 0.1em; text-transform: uppercase; color: va
partners/icfj.html	59	acid	var:--acid	text	color	:hover	dark	OK	.curator-strip-url:hover	-	.curator-strip-url:hover { color: var(--acid); }
partners/icfj.html	69	lime	var:--lime	fill	background	.active	light	OK	.chip.active	-	.chip.active { background: var(--lime); border-color: var(--olive); color: #303036; }
partners/icfj.html	89	lime	literal	fill	background	:hover	light	OK	.pill.platform:hover	-	.pill.platform:hover { background: #97d600; border-color: #97d600; color: #303036; }
partners/icfj.html	93	lime	var:--lime	fill	background	:hover	light	OK	.card-link:hover	-	.card-link:hover { color: #303036; background: var(--lime); }
partners/icfj.html	99	acid	var:--acid	text	color		dark	OK	.atlas-attribution-badge	-	.atlas-attribution-badge { display: inline-flex; align-items: center; padding: 4px 10px; border-radius: 100px;
partners/icfj.html	122	acid	var:--acid	fill	background		dark	OK	.atlas-footer-btn	-	.atlas-footer-btn { display: inline-flex; align-items: center; padding: 12px 24px; background: var(--acid); co
partners/iij.html	42	acid	var:--acid	text	color		dark	OK	.hero-eyebrow	-	.hero-eyebrow { font-size: 11px; font-weight: 400; letter-spacing: 0.1em; text-transform: uppercase; color: va
partners/iij.html	64	lime	var:--lime	fill	background	.active	light	OK	.chip.active	-	.chip.active { background: var(--lime); border-color: var(--olive); color: #303036; }
partners/iij.html	84	lime	var:--lime	fill	background	:hover	light	OK	.card-link:hover	-	.card-link:hover { color: #303036; background: var(--lime); }
partners/iij.html	92	acid	var:--acid	text	color		dark	OK	.atlas-attribution-badge	-	.atlas-attribution-badge { display: inline-flex; align-items: center; padding: 4px 10px; border-radius: 100px;
partners/iij.html	113	acid	var:--acid	fill	background		dark	OK	.atlas-footer-btn	-	.atlas-footer-btn { display: inline-flex; align-items: center; padding: 12px 24px; background: var(--acid); co
partners/index.html	77	acid	literal	text	color		dark	OK	.partners-cta	-	color: #ceff00;
partners/jessica-stahl.html	34	acid	var:--acid	text	color		dark	OK	.hero-eyebrow	-	.hero-eyebrow { font-size: 11px; font-weight: 400; letter-spacing: 0.1em; text-transform: uppercase; color: va
partners/jessica-stahl.html	48	acid	var:--acid	text	color	:hover	dark	OK	.curator-strip-url:hover	-	.curator-strip-url:hover { color: var(--acid); }
partners/jessica-stahl.html	58	lime	var:--lime	fill	background	.active	light	OK	.chip.active	-	.chip.active { background: var(--lime); border-color: var(--olive); color: #303036; }
partners/jessica-stahl.html	77	lime	literal	fill	background	:hover	light	OK	.pill.platform:hover	-	.pill.platform:hover { background: #97d600; border-color: #97d600; color: #303036; }
partners/jessica-stahl.html	81	lime	var:--lime	fill	background	:hover	light	OK	.card-link:hover	-	.card-link:hover { color: #303036; background: var(--lime); }
partners/jessica-stahl.html	86	acid	var:--acid	text	color		dark	OK	.atlas-attribution-badge	-	.atlas-attribution-badge { display: inline-flex; align-items: center; padding: 4px 10px; border-radius: 100px;
partners/jessica-stahl.html	107	acid	var:--acid	fill	background		dark	OK	.atlas-footer-btn	-	.atlas-footer-btn { display: inline-flex; align-items: center; padding: 12px 24px; background: var(--acid); co
partners/joon-lee.html	24	acid	var:--acid	text	color		dark	OK	.hero-eyebrow	-	.hero-eyebrow{font-size:11px;font-weight:400;letter-spacing:0.1em;text-transform:uppercase;color:var(--acid);m
partners/joon-lee.html	34	acid	var:--acid	text	color	:hover	dark	OK	.curator-strip-url:hover	-	.curator-strip-url:hover{color:var(--acid);}
partners/joon-lee.html	51	lime	literal	fill	background	:hover	light	OK	.pill.platform:hover	-	.pill.platform:hover{background:#97d600;border-color:#97d600;color:#303036;}
partners/joon-lee.html	55	lime	var:--lime	fill	background	:hover	light	OK	.card-link:hover	-	.card-link:hover{color:#303036;background:var(--lime);}
partners/joon-lee.html	57	acid	var:--acid	text	color		dark	OK	.atlas-attribution-badge	-	.atlas-attribution-badge{display:inline-flex;align-items:center;padding:4px 10px;border-radius:100px;backgroun
partners/joon-lee.html	75	acid	var:--acid	fill	background		dark	OK	.atlas-footer-btn	-	.atlas-footer-btn{display:inline-flex;align-items:center;padding:12px 24px;background:var(--acid);color:#000;f
partners/karen-attiah.html	23	acid	var:--acid	text	color		dark	OK	.hero-eyebrow	-	.hero-eyebrow{font-size:11px;font-weight:400;letter-spacing:0.1em;text-transform:uppercase;color:var(--acid);m
partners/karen-attiah.html	33	acid	var:--acid	text	color	:hover	dark	OK	.curator-strip-url:hover	-	.curator-strip-url:hover{color:var(--acid);}
partners/karen-attiah.html	50	lime	literal	fill	background	:hover	light	OK	.pill.platform:hover	-	.pill.platform:hover{background:#97d600;border-color:#97d600;color:#303036;}
partners/karen-attiah.html	54	lime	var:--lime	fill	background	:hover	light	OK	.card-link:hover	-	.card-link:hover{color:#303036;background:var(--lime);}
partners/karen-attiah.html	56	acid	var:--acid	text	color		dark	OK	.atlas-attribution-badge	-	.atlas-attribution-badge{display:inline-flex;align-items:center;padding:4px 10px;border-radius:100px;backgroun
partners/karen-attiah.html	71	acid	var:--acid	fill	background		dark	OK	.atlas-footer-btn	-	.atlas-footer-btn{display:inline-flex;align-items:center;padding:12px 24px;background:var(--acid);color:#000;f
partners/knowledge-creators.html	23	acid	var:--acid	text	color		dark	OK	.hero-eyebrow	-	.hero-eyebrow{font-size:11px;font-weight:400;letter-spacing:0.1em;text-transform:uppercase;color:var(--acid);m
partners/knowledge-creators.html	33	acid	var:--acid	text	color	:hover	dark	OK	.curator-strip-url:hover	-	.curator-strip-url:hover{color:var(--acid);}
partners/knowledge-creators.html	42	lime	var:--lime	fill	background	.active	light	OK	.chip.active	-	.chip.active{background:var(--lime);border-color:var(--olive);color:#303036;}
partners/knowledge-creators.html	59	lime	literal	fill	background	:hover	light	OK	.pill.platform:hover	-	.pill.platform:hover{background:#97d600;border-color:#97d600;color:#303036;}
partners/knowledge-creators.html	65	lime	var:--lime	fill	background	:hover	light	OK	.card-link:hover	-	.card-link:hover{color:#303036;background:var(--lime);}
partners/knowledge-creators.html	68	acid	var:--acid	text	color		dark	OK	.atlas-attribution-badge	-	.atlas-attribution-badge{display:inline-flex;align-items:center;padding:4px 10px;border-radius:100px;backgroun
partners/knowledge-creators.html	83	acid	var:--acid	fill	background		dark	OK	.atlas-footer-btn	-	.atlas-footer-btn{display:inline-flex;align-items:center;padding:12px 24px;background:var(--acid);color:#000;f
partners/natgeo.html	23	acid	var:--acid	text	color		dark	OK	.hero-eyebrow	-	.hero-eyebrow{font-size:11px;font-weight:400;letter-spacing:0.1em;text-transform:uppercase;color:var(--acid);m
partners/natgeo.html	33	acid	var:--acid	text	color	:hover	dark	OK	.curator-strip-url:hover	-	.curator-strip-url:hover{color:var(--acid);}
partners/natgeo.html	50	lime	literal	fill	background	:hover	light	OK	.pill.platform:hover	-	.pill.platform:hover{background:#97d600;border-color:#97d600;color:#303036;}
partners/natgeo.html	54	lime	var:--lime	fill	background	:hover	light	OK	.card-link:hover	-	.card-link:hover{color:#303036;background:var(--lime);}
partners/natgeo.html	56	acid	var:--acid	text	color		dark	OK	.atlas-attribution-badge	-	.atlas-attribution-badge{display:inline-flex;align-items:center;padding:4px 10px;border-radius:100px;backgroun
partners/natgeo.html	73	acid	var:--acid	fill	background		dark	OK	.atlas-footer-btn	-	.atlas-footer-btn{display:inline-flex;align-items:center;padding:12px 24px;background:var(--acid);color:#000;f
partners/news-creator-corps.html	36	acid	var:--acid	text	color		dark	OK	.hero-eyebrow	-	.hero-eyebrow { font-size: 11px; font-weight: 400; letter-spacing: 0.1em; text-transform: uppercase; color: va
partners/news-creator-corps.html	50	acid	var:--acid	text	color	:hover	dark	OK	.curator-strip-url:hover	-	.curator-strip-url:hover { color: var(--acid); }
partners/news-creator-corps.html	65	lime	var:--lime	fill	background	.active	light	OK	.chip.active	-	.chip.active { background: var(--lime); border-color: var(--olive); color: #303036; }
partners/news-creator-corps.html	88	lime	literal	fill	background	:hover	light	OK	.pill.platform:hover	-	.pill.platform:hover { background: #97d600; border-color: #97d600; color: #303036; }
partners/news-creator-corps.html	92	lime	var:--lime	fill	background	:hover	light	OK	.card-link:hover	-	.card-link:hover { color: #303036; background: var(--lime); }
partners/news-creator-corps.html	100	acid	var:--acid	text	color		dark	OK	.atlas-attribution-badge	-	.atlas-attribution-badge { display: inline-flex; align-items: center; padding: 4px 10px; border-radius: 100px;
partners/news-creator-corps.html	122	acid	var:--acid	fill	background		dark	OK	.atlas-footer-btn	-	.atlas-footer-btn { display: inline-flex; align-items: center; padding: 12px 24px; background: var(--acid); co
partners/nj-lab.html	58	acid	literal	text	color		dark	OK	.hero-eyebrow	-	text-transform: uppercase; color: #ceff00; margin-bottom: 16px;
partners/nj-lab.html	76	acid	literal	text	color		dark	OK	.hero-stat-num	-	color: #ceff00; letter-spacing: -0.02em;
partners/nj-lab.html	149	lime	literal	fill	background	.active	light	OK	.filter-chip.active	-	background: #97d600; border-color: #5d7400; color: #303036;
partners/nj-lab.html	198	lime	literal	fill	background		light	OK	.badge-verified	-	background: #97d600; color: #303036;
partners/nj-lab.html	254	acid	literal	fill	background		dark	OK	.bar-fill.primary	-	.bar-fill.primary { background: #ceff00; }
partners/nj-lab.html	259	acid	literal	text	color		dark	OK	.bar-pct.primary	-	.bar-pct.primary { color: #ceff00; }
partners/nj-lab.html	273	acid	literal	fill	background		dark	OK	.stacked-seg.joy	-	.stacked-seg.joy          { background: #ceff00; color: #303036; }
partners/nj-lab.html	288	acid	literal	fill	background		dark	OK	.swatch-joy	-	.swatch-joy          { background: #ceff00; }
partners/nj-lab.html	331	acid	literal	text	color		dark	OK	.pull-quote-text	-	font-size: 28px; font-weight: 700; color: #ceff00;
partners/nj-lab.html	353	acid	literal	fill	background		mixed	OK	.cta-primary	-	background: #ceff00; color: #303036; border: 1.5px solid #ceff00;
partners/nj-lab.html	355	lime	var:--color-lime-green	fill	background	:hover	dark	OK	.cta-primary:hover	-	.cta-primary:hover { background: var(--color-lime-green); border-color: var(--color-lime-green); }
partners/nj-lab.html	357	acid	literal	text	color		dark	OK	.cta-ghost	-	background: transparent; color: #ceff00;
partners/nj-lab.html	358	acid	literal	stroke	border		dark	OK	.cta-ghost	-	border: 1.5px solid #ceff00;
partners/nj-lab.html	360	acid	literal	fill	background	:hover	dark	OK	.cta-ghost:hover	-	.cta-ghost:hover { background: rgba(206,255,0,0.08); }
partners/njlab.html	58	acid	literal	text	color		dark	OK	.hero-eyebrow	-	text-transform: uppercase; color: #ceff00; margin-bottom: 16px;
partners/njlab.html	76	acid	literal	text	color		dark	OK	.hero-stat-num	-	color: #ceff00; letter-spacing: -0.02em;
partners/njlab.html	149	lime	literal	fill	background	.active	light	OK	.filter-chip.active	-	background: #97d600; border-color: #5d7400; color: #303036;
partners/njlab.html	198	lime	literal	fill	background		light	OK	.badge-verified	-	background: #97d600; color: #303036;
partners/njlab.html	254	acid	literal	fill	background		dark	OK	.bar-fill.primary	-	.bar-fill.primary { background: #ceff00; }
partners/njlab.html	259	acid	literal	text	color		dark	OK	.bar-pct.primary	-	.bar-pct.primary { color: #ceff00; }
partners/njlab.html	273	acid	literal	fill	background		dark	OK	.stacked-seg.joy	-	.stacked-seg.joy          { background: #ceff00; color: #303036; }
partners/njlab.html	288	acid	literal	fill	background		dark	OK	.swatch-joy	-	.swatch-joy          { background: #ceff00; }
partners/njlab.html	331	acid	literal	text	color		dark	OK	.pull-quote-text	-	font-size: 28px; font-weight: 700; color: #ceff00;
partners/njlab.html	353	acid	literal	fill	background		mixed	OK	.cta-primary	-	background: #ceff00; color: #303036; border: 1.5px solid #ceff00;
partners/njlab.html	355	lime	var:--color-lime-green	fill	background	:hover	dark	OK	.cta-primary:hover	-	.cta-primary:hover { background: var(--color-lime-green); border-color: var(--color-lime-green); }
partners/njlab.html	357	acid	literal	text	color		dark	OK	.cta-ghost	-	background: transparent; color: #ceff00;
partners/njlab.html	358	acid	literal	stroke	border		dark	OK	.cta-ghost	-	border: 1.5px solid #ceff00;
partners/njlab.html	360	acid	literal	fill	background	:hover	dark	OK	.cta-ghost:hover	-	.cta-ghost:hover { background: rgba(206,255,0,0.08); }
partners/noah-smith.html	36	acid	var:--acid	text	color		dark	OK	.hero-eyebrow	-	.hero-eyebrow { font-size: 11px; font-weight: 400; letter-spacing: 0.1em; text-transform: uppercase; color: va
partners/noah-smith.html	48	acid	var:--acid	text	color	:hover	dark	OK	.curator-strip-url:hover	-	.curator-strip-url:hover { color: var(--acid); }
partners/noah-smith.html	71	lime	literal	fill	background	:hover	light	OK	.pill.platform:hover	-	.pill.platform:hover { background: #97d600; border-color: #97d600; color: #303036; }
partners/noah-smith.html	75	lime	var:--lime	fill	background	:hover	light	OK	.card-link:hover	-	.card-link:hover { color: #303036; background: var(--lime); }
partners/noah-smith.html	80	acid	var:--acid	text	color		dark	OK	.atlas-attribution-badge	-	.atlas-attribution-badge { display: inline-flex; align-items: center; padding: 4px 10px; border-radius: 100px;
partners/noah-smith.html	105	acid	var:--acid	fill	background		dark	OK	.atlas-footer-btn	-	.atlas-footer-btn { display: inline-flex; align-items: center; padding: 12px 24px; background: var(--acid); co
partners/rahim-jessani.html	36	acid	var:--acid	text	color		dark	OK	.hero-eyebrow	-	.hero-eyebrow { font-size: 11px; font-weight: 400; letter-spacing: 0.1em; text-transform: uppercase; color: va
partners/rahim-jessani.html	48	acid	var:--acid	text	color	:hover	dark	OK	.curator-strip-url:hover	-	.curator-strip-url:hover { color: var(--acid); }
partners/rahim-jessani.html	71	lime	literal	fill	background	:hover	light	OK	.pill.platform:hover	-	.pill.platform:hover { background: #97d600; border-color: #97d600; color: #303036; }
partners/rahim-jessani.html	75	lime	var:--lime	fill	background	:hover	light	OK	.card-link:hover	-	.card-link:hover { color: #303036; background: var(--lime); }
partners/rahim-jessani.html	80	acid	var:--acid	text	color		dark	OK	.atlas-attribution-badge	-	.atlas-attribution-badge { display: inline-flex; align-items: center; padding: 4px 10px; border-radius: 100px;
partners/rahim-jessani.html	104	acid	var:--acid	fill	background		dark	OK	.atlas-footer-btn	-	.atlas-footer-btn { display: inline-flex; align-items: center; padding: 12px 24px; background: var(--acid); co
pulse.html	52	acid	literal	fill	background		unobserved	OK	.live-badge	-	background: rgba(206,255,0,0.1);
pulse.html	60	acid	literal	fill	background		unobserved	OK	.live-dot	-	background: #ceff00; flex-shrink: 0;
pulse.html	85	acid	literal	fill	background		unobserved	OK	.header-intel-eyebrow .live-dot::after	-	background: #ceff00;
pulse.html	127	acid	literal	stroke	border-color	:hover	dark	OK	.signal-card:hover	-	.signal-card:hover { border-color: rgba(206,255,0,0.3); background: rgba(255,255,255,0.07); }
pulse.html	129	acid	literal	text	color		dark	OK	.signal-beat-tag	-	.signal-beat-tag { font-family: 'DM Mono', monospace; font-size: 9px; letter-spacing: 0.08em; text-transform: 
pulse.html	129	acid	literal	fill	background		dark	OK	.signal-beat-tag	-	.signal-beat-tag { font-family: 'DM Mono', monospace; font-size: 9px; letter-spacing: 0.08em; text-transform: 
pulse.html	129	acid	literal	stroke	border		dark	OK	.signal-beat-tag	-	.signal-beat-tag { font-family: 'DM Mono', monospace; font-size: 9px; letter-spacing: 0.08em; text-transform: 
pulse.html	132	acid	literal	text	color	:hover	dark	OK	.signal-card-title a:hover	-	.signal-card-title a:hover { color: #ceff00; }
pulse.html	165	acid	literal	text	color		dark	OK	.lede-creator	-	.lede-creator { color: #ceff00; font-weight: 700; transition: opacity 0.15s ease; }
pulse.html	167	lime	literal	stroke	border-bottom		dark	OK	.lede-beat	-	.lede-beat { color: inherit; border-bottom: 2px solid rgba(151,214,0,0.5); padding-bottom: 2px; transition: bo
pulse.html	168	lime	literal	stroke	border-color	:hover	dark	OK	.lede-beat:hover	-	.lede-beat:hover { border-color: rgba(151,214,0,1); }
pulse.html	179	acid	literal	fill	background	:hover	dark	OK	.story-stack-beat:hover	-	.story-stack-beat:hover { background: rgba(206,255,0,0.12); border-color: rgba(206,255,0,0.3); color: #ceff00;
pulse.html	179	acid	literal	stroke	border-color	:hover	dark	OK	.story-stack-beat:hover	-	.story-stack-beat:hover { background: rgba(206,255,0,0.12); border-color: rgba(206,255,0,0.3); color: #ceff00;
pulse.html	179	acid	literal	text	color	:hover	dark	OK	.story-stack-beat:hover	-	.story-stack-beat:hover { background: rgba(206,255,0,0.12); border-color: rgba(206,255,0,0.3); color: #ceff00;
pulse.html	190	acid	literal	text	color		dark	OK	.corpus-cluster-count	-	.corpus-cluster-count { font-family: 'DM Mono', monospace; font-size: 9px; letter-spacing: 0.08em; text-transf
pulse.html	193	acid	literal	text	color	:hover	dark	OK	.corpus-cluster-names a:hover	-	.corpus-cluster-names a:hover { color: #ceff00; }
pulse.html	203	acid	literal	fill	background		dark	OK	.beat-map-bar-fill	-	.beat-map-bar-fill { height: 100%; background: #ceff00; opacity: 0.3; border-radius: 2px; transition: opacity 
pulse.html	214	acid	literal	text	color		dark	OK	.pulse-ticker-item-beat	-	.pulse-ticker-item-beat { font-family: 'DM Mono', monospace; font-size: 9px; color: rgba(206,255,0,0.35); text
pulse.html	234	acid	literal	stroke	border-color	:hover	dark	OK	.signal-card:hover	-	.signal-card:hover { background: rgba(255,255,255,0.07); border-color: rgba(206,255,0,0.25); }
pulse.html	236	acid	literal	text	color		dark	OK	.signal-beat-tag	-	.signal-beat-tag { font-family: 'DM Mono', monospace; font-size: 9px; letter-spacing: 0.08em; text-transform: 
pulse.html	236	acid	literal	fill	background		dark	OK	.signal-beat-tag	-	.signal-beat-tag { font-family: 'DM Mono', monospace; font-size: 9px; letter-spacing: 0.08em; text-transform: 
pulse.html	236	acid	literal	stroke	border		dark	OK	.signal-beat-tag	-	.signal-beat-tag { font-family: 'DM Mono', monospace; font-size: 9px; letter-spacing: 0.08em; text-transform: 
pulse.html	239	acid	literal	text	color	:hover	dark	OK	.signal-card-title a:hover	-	.signal-card-title a:hover { color: #ceff00; }
pulse.html	240	acid	literal	text	color		dark	OK	.signal-card-creator	-	.signal-card-creator { font-family: 'Inter', sans-serif; font-size: 13px; font-weight: 700; color: #ceff00; }
pulse.html	407	lime	literal	fill	background	.active	light	OK	.beat-pill.active	-	background: #97d600;
pulse.html	917	lime	literal	other			unknown(gradient)	OK	.intel-week-badge	-	rgba(151,214,0,0.07) 0%,
pulse.html	918	lime	literal	other			unknown(gradient)	OK	.intel-week-badge	-	rgba(151,214,0,0.22) 50%,
pulse.html	919	lime	literal	other			unknown(gradient)	OK	.intel-week-badge	-	rgba(151,214,0,0.07) 100%);
pulse.html	922	lime	literal	stroke	border		unknown(gradient)	OK	.intel-week-badge	-	border: 1px solid rgba(151,214,0,0.3);
research.html	237	lime	literal	fill	background		light	OK	.btn-lime	-	background: #97d600;
research.html	312	acid	literal	text	color		dark	OK	.badge-pill	-	color: #ceff00;
research.html	313	acid	literal	fill	background		dark	OK	.badge-pill	-	background: rgba(206,255,0,0.1);
research.html	314	acid	literal	stroke	border		dark	OK	.badge-pill	-	border: 0.5px solid rgba(206,255,0,0.25);
research.html	347	acid	literal	text	color		dark	OK	.stat-item .stat-num	-	color: #ceff00;
research.html	363	acid	literal	text	color		dark	OK	.research-link	-	color: #ceff00;
research.html	581	acid	literal	stroke	border-left-color	:hover	dark	OK	.appearance-card:hover	-	border-left-color: rgba(206,255,0,0.35);
research.html	595	acid	literal	text	color		dark	OK	.appearance-role	-	color: #ceff00;
research.html	679	acid	literal	fill	background		dark	OK	.btn-acid	-	background: #ceff00;
research/nodes-and-networks.html	84	acid	literal	text	color	.active	dark	OK	.section-nav-links a.active	-	.section-nav-links a.active { color: var(--acid, #ceff00); border-bottom-color: var(--acid, #ceff00); }
research/nodes-and-networks.html	84	acid	literal	stroke	border-bottom-color	.active	dark	OK	.section-nav-links a.active	-	.section-nav-links a.active { color: var(--acid, #ceff00); border-bottom-color: var(--acid, #ceff00); }
research/nodes-and-networks.html	108	acid	literal	stroke	border-left	.active	dark	OK	.section-nav-wrap.open .section-nav-links a.active	-	.section-nav-wrap.open .section-nav-links a.active { border-bottom-color: #23231d; border-left: 2px solid var(
search.html	107	acid	literal	fill	background		unobserved	OK	.sbc-chip--active	-	color: #111; background: #ceff00;
search.html	159	acid	literal	fill	background		unobserved	OK	.sfc-chip--active	-	color: #111; background: #ceff00;
search.html	216	acid	literal	text	color	:hover	dark	OK	.search-orientation-action:hover	-	color: #ceff00;
search.html	217	acid	literal	stroke	border-color	:hover	dark	OK	.search-orientation-action:hover	-	border-color: rgba(206,255,0,0.3);
search.html	218	acid	literal	fill	background	:hover	dark	OK	.search-orientation-action:hover	-	background: rgba(206,255,0,0.04);
search.html	238	acid	literal	fill	background		dark	OK	.pulse-dot-sm	-	background: #ceff00;
search.html	256	acid	literal	text	color		dark	OK	.search-pulse-link	-	color: rgba(206,255,0,0.45);
search.html	264	acid	literal	text	color	:hover	dark	OK	.search-pulse-link:hover	-	.search-pulse-link:hover { color: #ceff00; }
search.html	306	acid	literal	fill	background		unobserved	OK	.pulse-dot	-	background: #ceff00;
search.html	378	acid	literal	text	color		dark	OK	.beat-action-cta	-	color: #ceff00;
submit-thanks.html	69	acid	var:--acid-green	fill	background-color		light	OK	.success-icon	-	background-color: var(--acid-green);
submit.html	174	acid	var:--acid-green	fill	background-color		dark	OK	.updates-cta-btn	-	background-color: var(--acid-green);
submit.html	186	lime	var:--lime-green	fill	background-color	:hover	dark	OK	.updates-cta-btn:hover	-	background-color: var(--lime-green);
updates.html	184	acid	var:--acid-green	fill	background-color		light	OK	.submit-btn	-	background-color: var(--acid-green);
updates.html	195	lime	var:--lime-green	fill	background-color	:hover	light	OK	.submit-btn:hover	-	background-color: var(--lime-green);
updates.html	218	acid	var:--acid-green	fill	background-color		light	OK	.success-icon	-	background-color: var(--acid-green);
wire.html	52	acid	var:--color-acid-green	text	color		dark	OK	.wire-eyebrow	-	color: var(--color-acid-green, #ceff00);
wire.html	53	acid	literal	stroke	border		dark	OK	.wire-eyebrow	-	border: 1px solid rgba(206,255,0,0.3);
wire.html	59	acid	var:--color-acid-green	fill	background		dark	OK	.wire-eyebrow .dot	-	background: var(--color-acid-green, #ceff00);
wire.html	71	acid	var:--color-acid-green	text	color		dark	OK	.wire-hero h1 em	-	.wire-hero h1 em { font-style: normal; color: var(--color-acid-green, #ceff00); }
wire.html	78	acid	var:--color-acid-green	text	color		dark	OK	.wire-bsky-link	-	color: var(--color-acid-green, #ceff00);
wire.html	80	acid	literal	stroke	border		dark	OK	.wire-bsky-link	-	border: 1px solid rgba(206,255,0,0.4);
wire.html	84	acid	literal	fill	background	:hover	dark	OK	.wire-bsky-link:hover	-	.wire-bsky-link:hover { background: rgba(206,255,0,0.08); }
about-this-project.html	440	olive	literal	fill	background	:hover	light	OLIVE-FILL (CHANGE)	.btn-lime-about:hover	fill: acid #ceff00 + black text (CTA/active) or lime (hover); v13 forbids an olive fill	.btn-lime-about:hover { background: #5d7400; color: #fff; }
assets/css/header.css	180	olive	literal	fill	background	:hover	mixed	OLIVE-FILL (CHANGE)	.nav-search-btn:hover	fill: acid #ceff00 + black text (CTA/active) or lime (hover); v13 forbids an olive fill	.nav-search-btn:hover { background: #5d7400; color: #fff; }
assets/css/main.css	442	olive	var:--color-dark-olive	fill	background	:hover	light	OLIVE-FILL (CHANGE)	.clear-filters-top:hover	fill: acid #ceff00 + black text (CTA/active) or lime (hover); v13 forbids an olive fill	background: var(--color-dark-olive);   /* Primary button hover — dark olive + white text */
assets/css/main.css	1060	olive	var:--color-dark-olive	fill	background		unobserved	OLIVE-FILL (CHANGE)	.sunburst-creator-avatar	fill: acid #ceff00 + black text (CTA/active) or lime (hover); v13 forbids an olive fill	background: linear-gradient(135deg, var(--lime-green), var(--color-dark-olive));   /* Decorative avatar — ligh
bluesky-creator-intelligence.html	57	olive	var:--olive	fill	background	:hover	light	OLIVE-FILL (CHANGE)	.header-cta:hover	fill: acid #ceff00 + black text (CTA/active) or lime (hover); v13 forbids an olive fill	.header-cta:hover { background: var(--olive); color: #ffffff; }
for-brands.html	287	olive	var:--color-dark-olive	fill	background	:hover	light	OLIVE-FILL (CHANGE)	.form-submit:hover	fill: acid #ceff00 + black text (CTA/active) or lime (hover); v13 forbids an olive fill	.form-submit:hover { background: var(--color-dark-olive); }
index.html	149	olive	literal	fill	background	:hover	light	OLIVE-FILL (CHANGE)	.btn-lime:hover	fill: acid #ceff00 + black text (CTA/active) or lime (hover); v13 forbids an olive fill	.btn-lime:hover { background: #5d7400; color: #fff; }
index.html	156	olive	literal	fill	background	:hover	light	OLIVE-FILL (CHANGE)	.btn-lime-lg:hover	fill: acid #ceff00 + black text (CTA/active) or lime (hover); v13 forbids an olive fill	.btn-lime-lg:hover { background: #5d7400; color: #fff; }
index.html	170	olive	literal	fill	background		light	OLIVE-FILL (CHANGE)	.stat-live-dot	fill: acid #ceff00 + black text (CTA/active) or lime (hover); v13 forbids an olive fill	.stat-live-dot { display: inline-block; width: 6px; height: 6px; border-radius: 50%; background: #5d7400; marg
index.html	243	olive	literal	fill	background		light	OLIVE-FILL (CHANGE)	.pulse-live-badge	fill: acid #ceff00 + black text (CTA/active) or lime (hover); v13 forbids an olive fill	.pulse-live-badge { display: inline-flex; align-items: center; gap: 6px; font-family: 'JetBrains Mono', monosp
index.html	244	olive	literal	fill	background		light	OLIVE-FILL (CHANGE)	.pulse-dot	fill: acid #ceff00 + black text (CTA/active) or lime (hover); v13 forbids an olive fill	.pulse-dot { width: 6px; height: 6px; border-radius: 50%; background: #5d7400; animation: pulseDot 1.8s ease-i
index.html	250	olive	literal	fill	background	:hover	light	OLIVE-FILL (CHANGE)	.pulse-open-btn:hover	fill: acid #ceff00 + black text (CTA/active) or lime (hover); v13 forbids an olive fill	.pulse-open-btn:hover { background: rgba(93,116,0,0.06); }
index.html	259	olive	literal	fill	background		unobserved	OLIVE-FILL (CHANGE)	.pulse-dot-sm	fill: acid #ceff00 + black text (CTA/active) or lime (hover); v13 forbids an olive fill	.pulse-dot-sm { display: inline-block; width: 5px; height: 5px; border-radius: 50%; background: #5d7400; anima
pulse.html	456	olive	literal	fill	background		light	OLIVE-FILL (CHANGE)	.beat-tag	fill: acid #ceff00 + black text (CTA/active) or lime (hover); v13 forbids an olive fill	background: rgba(93,116,0,0.08);
pulse.html	608	olive	literal	fill	background	:hover	light	OLIVE-FILL (CHANGE)	.creator-chip:hover	fill: acid #ceff00 + black text (CTA/active) or lime (hover); v13 forbids an olive fill	background: rgba(93,116,0,0.04);
pulse.html	620	olive	literal	fill	background		light	OLIVE-FILL (CHANGE)	.creator-chip-count	fill: acid #ceff00 + black text (CTA/active) or lime (hover); v13 forbids an olive fill	background: rgba(93,116,0,0.08);
pulse.html	879	olive	literal	fill	background	:hover	light	OLIVE-FILL (CHANGE)	.pulse-brands-cta-btn:hover	fill: acid #ceff00 + black text (CTA/active) or lime (hover); v13 forbids an olive fill	.pulse-brands-cta-btn:hover { background: rgba(93,116,0,0.06); }
about-this-project.html	84	olive	literal	text	color		light	OLIVE-KEEP	.about-eyebrow	var(--color-accent-on-light)	color: #5d7400;
about-this-project.html	109	olive	literal	text	color		light	OLIVE-KEEP	.about-read-more	var(--color-accent-on-light)	color: #5d7400;
about-this-project.html	146	olive	literal	text	color		light	OLIVE-KEEP	.pillar-number	var(--color-accent-on-light)	color: #5d7400;
about-this-project.html	209	olive	literal	text	color		light	OLIVE-KEEP	.team-title	var(--color-accent-on-light)	color: #5d7400;
about-this-project.html	230	olive	literal	stroke	border-color	:hover	light	OLIVE-KEEP	.team-link:hover	var(--color-accent-on-light)	.team-link:hover { border-color: #5d7400; color: #5d7400; }
about-this-project.html	230	olive	literal	text	color	:hover	light	OLIVE-KEEP	.team-link:hover	var(--color-accent-on-light)	.team-link:hover { border-color: #5d7400; color: #5d7400; }
about-this-project.html	346	olive	literal	text	color		light	OLIVE-KEEP	.looking-item::before	var(--color-accent-on-light)	color: #5d7400;
assets/css/main.css	428	olive	var:--color-dark-olive	stroke	border		light	OLIVE-KEEP	.clear-filters-top	var(--color-accent-on-light)	border: 1.5px solid var(--color-dark-olive);
assets/css/main.css	443	olive	var:--color-dark-olive	stroke	border-color	:hover	light	OLIVE-KEEP	.clear-filters-top:hover	var(--color-accent-on-light)	border-color: var(--color-dark-olive);
assets/css/main.css	532	olive	var:--color-dark-olive	stroke	border-color	:hover	light	OLIVE-KEEP	.view-btn:hover:not(.active)	var(--color-accent-on-light)	border-color: var(--color-dark-olive);
atlas-portal/index.html	512	olive	var:--olive-green	text	color		light	OLIVE-KEEP	.message.success	var(--color-accent-on-light)	color: var(--olive-green);
atlas-portal/index.html	605	olive	var:--olive-green	text	color		light	OLIVE-KEEP	.footer-section a	var(--color-accent-on-light)	color: var(--olive-green);
bluesky-creator-intelligence.html	52	olive	var:--olive	text	color		light	OLIVE-KEEP	.badge-atlas	var(--color-accent-on-light)	.badge-atlas { color: var(--olive); border: 1px solid rgba(151,214,0,0.5); background: rgba(151,214,0,0.07); }
bluesky-creator-intelligence.html	56	olive	var:--olive	stroke	border		light	OLIVE-KEEP	.header-cta	var(--color-accent-on-light)	.header-cta { display: inline-block; background: var(--lime); color: #303036; font-family: 'DM Mono', monospac
bluesky-creator-intelligence.html	172	olive	var:--olive	text	color	.active	light	OLIVE-KEEP	.sort-btn.active	var(--color-accent-on-light)	.sort-btn.active { color: var(--olive); border-color: var(--lime); background: rgba(151,214,0,0.08); font-weig
bluesky-creator-intelligence.html	199	olive	var:--olive	text	color		light	OLIVE-KEEP	.ci-platform.cross	var(--color-accent-on-light)	.ci-platform.cross { background: rgba(151,214,0,0.1); border-color: rgba(151,214,0,0.4); color: var(--olive); 
city-lab-chicago.html	54	olive	literal	text	color		light	OLIVE-KEEP	.two-layer-pill	var(--color-accent-on-light)	.two-layer-pill { display: inline-block; font-size: 10px; font-weight: 700; text-transform: uppercase; letter-
city-lab-chicago.html	117	olive	literal	text	color		light	OLIVE-KEEP	.context-toggle	var(--color-accent-on-light)	.context-toggle { background: none; border: none; cursor: pointer; font-family: inherit; font-size: 13px; font
city-lab-chicago.html	143	olive	literal	text	color	.active	light	OLIVE-KEEP	.layer-stat-btn.active .layer-stat-label	var(--color-accent-on-light)	.layer-stat-btn.active .layer-stat-label { color: #5d7400; }
city-lab-chicago.html	156	olive	literal	stroke	border-color	.active	light	OLIVE-KEEP	.beat-chip.active, .plat-chip.active	var(--color-accent-on-light)	.beat-chip.active, .plat-chip.active { background: #97d600; border-color: #5d7400; }
city-lab-chicago.html	173	olive	literal	text	color		light	OLIVE-KEEP	.row-link	var(--color-accent-on-light)	.row-link { font-size: 13px; font-weight: 500; color: #5d7400; text-decoration: none; }
city-lab-chicago.html	187	olive	literal	text	color		unobserved	OLIVE-KEEP	.card-link	var(--color-accent-on-light)	.card-link { font-size: 13px; font-weight: 500; color: #5d7400; text-decoration: none; margin-top: 16px; displ
city-lab-chicago.html	190	olive	literal	text	color		unobserved	OLIVE-KEEP	.empty-state a	var(--color-accent-on-light)	.empty-state a { color: #5d7400; font-weight: 500; cursor: pointer; }
city-lab-chicago.html	200	olive	literal	text	color	:hover	light	OLIVE-KEEP	.feco-name:hover	var(--color-accent-on-light)	.feco-name:hover { color:#5d7400; text-decoration:underline; }
city-lab-chicago.html	220	olive	literal	text	color		light	OLIVE-KEEP	.pulse-badge-text	var(--color-accent-on-light)	.pulse-badge-text { font-size: 11px; font-weight: 700; text-transform: uppercase; letter-spacing: 0.08em; colo
contact.html	116	olive	literal	text	color		light	OLIVE-KEEP	.contribute-intro a	var(--color-accent-on-light)	.contribute-intro a { color: #5d7400; }
for-brands.html	132	olive	literal	stroke	border-bottom		light	OLIVE-KEEP	.compare-th--right	var(--color-accent-on-light)	.compare-th--right { background: #97d600; color: #111111; border-left: 1px solid #7ab000; border-bottom: 3px s
index.html	146	olive	literal	stroke	border		light	OLIVE-KEEP	.btn-lime	var(--color-accent-on-light)	padding: 11px 24px; border-radius: 6px; border: 1.5px solid #5d7400;
index.html	152	olive	literal	stroke	border		light	OLIVE-KEEP	.btn-lime-lg	var(--color-accent-on-light)	padding: 13px 32px; border-radius: 6px; border: 1.5px solid #5d7400;
index.html	164	olive	literal	text	color		light	OLIVE-KEEP	.stat-num .stat-plus	var(--color-accent-on-light)	.stat-num .stat-plus { color: #5d7400; }
index.html	165	olive	literal	text	color		light	OLIVE-KEEP	.stat-num.green	var(--color-accent-on-light)	.stat-num.green { color: #5d7400; }
index.html	168	olive	literal	text	color		light	OLIVE-KEEP	.stat-sub	var(--color-accent-on-light)	.stat-sub { font-family: 'JetBrains Mono', monospace; font-size: 13px; color: #5d7400; font-weight: 400; margi
index.html	173	olive	literal	text	color		light	OLIVE-KEEP	.stat-cell--linked .stat-sub	var(--color-accent-on-light)	.stat-cell--linked .stat-sub { color: #5d7400; }
index.html	243	olive	literal	text	color		light	OLIVE-KEEP	.pulse-live-badge	var(--color-accent-on-light)	.pulse-live-badge { display: inline-flex; align-items: center; gap: 6px; font-family: 'JetBrains Mono', monosp
index.html	243	olive	literal	stroke	border		light	OLIVE-KEEP	.pulse-live-badge	var(--color-accent-on-light)	.pulse-live-badge { display: inline-flex; align-items: center; gap: 6px; font-family: 'JetBrains Mono', monosp
index.html	249	olive	literal	text	color		light	OLIVE-KEEP	.pulse-open-btn	var(--color-accent-on-light)	.pulse-open-btn { font-family: 'JetBrains Mono', monospace; font-size: 9px; color: #5d7400; border: 1px solid 
index.html	249	olive	literal	stroke	border		light	OLIVE-KEEP	.pulse-open-btn	var(--color-accent-on-light)	.pulse-open-btn { font-family: 'JetBrains Mono', monospace; font-size: 9px; color: #5d7400; border: 1px solid 
index.html	257	olive	literal	text	color		light	OLIVE-KEEP	.pulse-beat-name	var(--color-accent-on-light)	.pulse-beat-name { font-family: 'JetBrains Mono', monospace; font-size: 9px; color: #5d7400; text-transform: u
index.html	264	olive	literal	text	color	:hover	light	OLIVE-KEEP	.pulse-item-headline:hover	var(--color-accent-on-light)	.pulse-item-headline:hover { color: #5d7400; }
index.html	265	olive	literal	text	color		light	OLIVE-KEEP	.pulse-col-more	var(--color-accent-on-light)	.pulse-col-more { display: block; font-family: 'JetBrains Mono', monospace; font-size: 9px; color: #5d7400; te
index.html	287	olive	literal	text	color		light	OLIVE-KEEP	.cluster-count-n	var(--color-accent-on-light)	.cluster-count-n { font-family: 'JetBrains Mono', monospace; font-size: 28px; font-weight: 700; letter-spacing
index.html	296	olive	literal	text	color		light	OLIVE-KEEP	.cluster-explore-link	var(--color-accent-on-light)	.cluster-explore-link { display: block; font-family: 'JetBrains Mono', monospace; font-size: 9px; color: #5d74
index.html	299	olive	literal	text	color		light	OLIVE-KEEP	.intel-footer a	var(--color-accent-on-light)	.intel-footer a { color: #5d7400; font-weight: 400; }
index.html	308	olive	literal	text	color		light	OLIVE-KEEP	.research-badge	var(--color-accent-on-light)	.research-badge { font-family: 'JetBrains Mono', monospace; font-size: 9px; color: #5d7400; background: rgba(1
index.html	322	olive	literal	text	color		light	OLIVE-KEEP	.research-card-link	var(--color-accent-on-light)	.research-card-link { font-size: 12px; color: #5d7400; font-weight: 400; }
index.html	345	olive	literal	text	color		unobserved	OLIVE-KEEP	.db-header-note	var(--color-accent-on-light)	.db-header-note { font-family: 'JetBrains Mono', monospace; font-size: 9px; color: #5d7400; text-transform: up
partners/_reviewjames.html	28	olive	var:--olive	text	color		light	OLIVE-KEEP	a.pagelink	var(--color-accent-on-light)	a.pagelink{color:var(--olive);text-decoration:underline;}
partners/_reviewjames.html	30	olive	var:--olive	text	color		light	OLIVE-KEEP	.pill-confirmed	var(--color-accent-on-light)	.pill-confirmed{background:rgba(151,214,0,0.18);color:var(--olive);}
partners/_shell.html	90	olive	var:--olive	text	color		light	OLIVE-KEEP	.partner-url	var(--color-accent-on-light)	.partner-url { font-size: 14px; font-weight: 500; color: var(--olive); transition: color 0.15s; }
partners/_shell.html	114	olive	var:--olive	text	color		light	OLIVE-KEEP	.creator-channel	var(--color-accent-on-light)	.creator-channel { font-size: 14px; font-weight: 500; color: var(--olive); margin-bottom: 12px; }
partners/_shell.html	143	olive	var:--olive	text	color		light	OLIVE-KEEP	.card-link	var(--color-accent-on-light)	font-size: 14px; font-weight: 500; color: var(--olive);
partners/_shell.html	171	olive	var:--olive	text	color		unobserved	OLIVE-KEEP	.region-label	var(--color-accent-on-light)	.region-label { font-size: 13px; font-weight: 500; letter-spacing: 0.08em; text-transform: uppercase; color: v
partners/_shell.html	191	olive	var:--olive	text	color		light	OLIVE-KEEP	.about-link	var(--color-accent-on-light)	.about-link { font-size: 14px; font-weight: 500; color: var(--olive); transition: color 0.15s; }
partners/ahp.html	115	olive	var:--olive	stroke	border-color	.active	light	OLIVE-KEEP	.chip.active	var(--color-accent-on-light)	.chip.active { background: var(--lime); border-color: var(--olive); color: #303036; }
partners/ahp.html	158	olive	var:--olive	text	color		light	OLIVE-KEEP	.creator-channel	var(--color-accent-on-light)	.creator-channel { font-size: 14px; font-weight: 400; color: var(--olive); margin-bottom: 6px; }
partners/ahp.html	183	olive	var:--olive	text	color		light	OLIVE-KEEP	.card-link	var(--color-accent-on-light)	font-size: 14px; font-weight: 400; color: var(--olive);
partners/ahp.html	217	olive	var:--olive	text	color		light	OLIVE-KEEP	.atlas-attribution-body a	var(--color-accent-on-light)	.atlas-attribution-body a { font-weight: 400; color: var(--olive); }
partners/ahp.html	229	olive	var:--olive	text	color		light	OLIVE-KEEP	.about-link	var(--color-accent-on-light)	.about-link { font-size: 14px; font-weight: 400; color: var(--olive); transition: color 0.15s; }
partners/cillizza.html	111	olive	var:--olive	stroke	border-color	.active	light	OLIVE-KEEP	.chip.active	var(--color-accent-on-light)	.chip.active { background: var(--lime); border-color: var(--olive); color: #303036; }
partners/cillizza.html	154	olive	var:--olive	text	color		light	OLIVE-KEEP	.creator-channel	var(--color-accent-on-light)	.creator-channel { font-size: 14px; font-weight: 400; color: var(--olive); margin-bottom: 6px; }
partners/cillizza.html	171	olive	var:--olive	text	color		light	OLIVE-KEEP	.card-link	var(--color-accent-on-light)	font-size: 14px; font-weight: 400; color: var(--olive);
partners/cillizza.html	209	olive	var:--olive	text	color		light	OLIVE-KEEP	.atlas-attribution-body a	var(--color-accent-on-light)	.atlas-attribution-body a { font-weight: 400; color: var(--olive); }
partners/cillizza.html	221	olive	var:--olive	text	color		light	OLIVE-KEEP	.about-link	var(--color-accent-on-light)	.about-link { font-size: 14px; font-weight: 400; color: var(--olive); transition: color 0.15s; }
partners/emily-atkin.html	97	olive	var:--olive	stroke	border-color	.active	unobserved	OLIVE-KEEP	.chip.active	var(--color-accent-on-light)	.chip.active { background: var(--lime); border-color: var(--olive); color: #303036; }
partners/emily-atkin.html	122	olive	var:--olive	text	color		light	OLIVE-KEEP	.creator-channel	var(--color-accent-on-light)	.creator-channel { font-size: 14px; font-weight: 400; color: var(--olive); margin-bottom: 6px; }
partners/emily-atkin.html	136	olive	var:--olive	text	color		light	OLIVE-KEEP	.card-link	var(--color-accent-on-light)	font-size: 14px; font-weight: 400; color: var(--olive); margin-top: auto;
partners/emily-atkin.html	159	olive	var:--olive	text	color		light	OLIVE-KEEP	.atlas-attribution-body a	var(--color-accent-on-light)	.atlas-attribution-body a { font-weight: 400; color: var(--olive); }
partners/emily-atkin.html	170	olive	var:--olive	text	color		light	OLIVE-KEEP	.about-link	var(--color-accent-on-light)	.about-link { font-size: 14px; font-weight: 400; color: var(--olive); transition: color 0.15s; }
partners/icfj.html	69	olive	var:--olive	stroke	border-color	.active	light	OLIVE-KEEP	.chip.active	var(--color-accent-on-light)	.chip.active { background: var(--lime); border-color: var(--olive); color: #303036; }
partners/icfj.html	84	olive	var:--olive	text	color		light	OLIVE-KEEP	.creator-channel	var(--color-accent-on-light)	.creator-channel { font-size: 14px; font-weight: 400; color: var(--olive); margin-bottom: 6px; }
partners/icfj.html	92	olive	var:--olive	text	color		light	OLIVE-KEEP	.card-link	var(--color-accent-on-light)	.card-link { font-size: 14px; font-weight: 400; color: var(--olive); margin-top: auto; display: inline-flex; a
partners/icfj.html	101	olive	var:--olive	text	color		light	OLIVE-KEEP	.atlas-attribution-body a	var(--color-accent-on-light)	.atlas-attribution-body a { font-weight: 400; color: var(--olive); }
partners/icfj.html	115	olive	var:--olive	text	color		light	OLIVE-KEEP	.about-link	var(--color-accent-on-light)	.about-link { font-size: 14px; font-weight: 400; color: var(--olive); transition: color 0.15s; }
partners/iij.html	64	olive	var:--olive	stroke	border-color	.active	light	OLIVE-KEEP	.chip.active	var(--color-accent-on-light)	.chip.active { background: var(--lime); border-color: var(--olive); color: #303036; }
partners/iij.html	79	olive	var:--olive	text	color		light	OLIVE-KEEP	.creator-channel	var(--color-accent-on-light)	.creator-channel { font-size: 14px; font-weight: 400; color: var(--olive); margin-bottom: 10px; }
partners/iij.html	83	olive	var:--olive	text	color		light	OLIVE-KEEP	.card-link	var(--color-accent-on-light)	.card-link { font-size: 14px; font-weight: 400; color: var(--olive); margin-top: auto; display: inline-flex; a
partners/iij.html	94	olive	var:--olive	text	color		light	OLIVE-KEEP	.atlas-attribution-body a	var(--color-accent-on-light)	.atlas-attribution-body a { font-weight: 400; color: var(--olive); }
partners/iij.html	106	olive	var:--olive	text	color		unobserved	OLIVE-KEEP	.about-link	var(--color-accent-on-light)	.about-link { font-size: 14px; font-weight: 400; color: var(--olive); transition: color 0.15s; }
partners/jessica-stahl.html	58	olive	var:--olive	stroke	border-color	.active	light	OLIVE-KEEP	.chip.active	var(--color-accent-on-light)	.chip.active { background: var(--lime); border-color: var(--olive); color: #303036; }
partners/jessica-stahl.html	72	olive	var:--olive	text	color		light	OLIVE-KEEP	.creator-channel	var(--color-accent-on-light)	.creator-channel { font-size: 14px; font-weight: 400; color: var(--olive); margin-bottom: 6px; }
partners/jessica-stahl.html	80	olive	var:--olive	text	color		light	OLIVE-KEEP	.card-link	var(--color-accent-on-light)	.card-link { font-size: 14px; font-weight: 400; color: var(--olive); margin-top: auto; display: inline-flex; a
partners/jessica-stahl.html	88	olive	var:--olive	text	color		light	OLIVE-KEEP	.atlas-attribution-body a	var(--color-accent-on-light)	.atlas-attribution-body a { font-weight: 400; color: var(--olive); }
partners/jessica-stahl.html	100	olive	var:--olive	text	color		light	OLIVE-KEEP	.about-link	var(--color-accent-on-light)	.about-link { font-size: 14px; font-weight: 400; color: var(--olive); transition: color 0.15s; }
partners/joon-lee.html	46	olive	var:--olive	text	color		light	OLIVE-KEEP	.creator-channel	var(--color-accent-on-light)	.creator-channel{font-size:14px;font-weight:400;color:var(--olive);margin-bottom:6px;}
partners/joon-lee.html	54	olive	var:--olive	text	color		light	OLIVE-KEEP	.card-link	var(--color-accent-on-light)	.card-link{font-size:14px;font-weight:400;color:var(--olive);margin-top:auto;display:inline-flex;align-items:c
partners/joon-lee.html	59	olive	var:--olive	text	color		light	OLIVE-KEEP	.atlas-attribution-body a	var(--color-accent-on-light)	.atlas-attribution-body a{font-weight:400;color:var(--olive);}
partners/joon-lee.html	67	olive	var:--olive	text	color		light	OLIVE-KEEP	.about-link	var(--color-accent-on-light)	.about-link{font-size:14px;font-weight:400;color:var(--olive);transition:color 0.15s;}
partners/karen-attiah.html	45	olive	var:--olive	text	color		light	OLIVE-KEEP	.creator-channel	var(--color-accent-on-light)	.creator-channel{font-size:14px;font-weight:400;color:var(--olive);margin-bottom:6px;}
partners/karen-attiah.html	53	olive	var:--olive	text	color		light	OLIVE-KEEP	.card-link	var(--color-accent-on-light)	.card-link{font-size:14px;font-weight:400;color:var(--olive);margin-top:auto;display:inline-flex;align-items:c
partners/karen-attiah.html	58	olive	var:--olive	text	color		light	OLIVE-KEEP	.atlas-attribution-body a	var(--color-accent-on-light)	.atlas-attribution-body a{font-weight:400;color:var(--olive);}
partners/karen-attiah.html	65	olive	var:--olive	text	color		light	OLIVE-KEEP	.about-link	var(--color-accent-on-light)	.about-link{font-size:14px;font-weight:400;color:var(--olive);transition:color 0.15s;}
partners/knowledge-creators.html	42	olive	var:--olive	stroke	border-color	.active	light	OLIVE-KEEP	.chip.active	var(--color-accent-on-light)	.chip.active{background:var(--lime);border-color:var(--olive);color:#303036;}
partners/knowledge-creators.html	54	olive	var:--olive	text	color		light	OLIVE-KEEP	.creator-channel	var(--color-accent-on-light)	.creator-channel{font-size:14px;font-weight:400;color:var(--olive);margin-bottom:6px;}
partners/knowledge-creators.html	62	olive	var:--olive	text	color		light	OLIVE-KEEP	.card-link	var(--color-accent-on-light)	.card-link{font-size:14px;font-weight:400;color:var(--olive);margin-top:auto;display:inline-flex;align-items:c
partners/knowledge-creators.html	70	olive	var:--olive	text	color		light	OLIVE-KEEP	.atlas-attribution-body a	var(--color-accent-on-light)	.atlas-attribution-body a{font-weight:400;color:var(--olive);}
partners/knowledge-creators.html	77	olive	var:--olive	text	color		light	OLIVE-KEEP	.about-link	var(--color-accent-on-light)	.about-link{font-size:14px;font-weight:400;color:var(--olive);transition:color 0.15s;}
partners/natgeo.html	45	olive	var:--olive	text	color		light	OLIVE-KEEP	.creator-channel	var(--color-accent-on-light)	.creator-channel{font-size:14px;font-weight:400;color:var(--olive);margin-bottom:6px;}
partners/natgeo.html	53	olive	var:--olive	text	color		light	OLIVE-KEEP	.card-link	var(--color-accent-on-light)	.card-link{font-size:14px;font-weight:400;color:var(--olive);margin-top:auto;display:inline-flex;align-items:c
partners/natgeo.html	58	olive	var:--olive	text	color		light	OLIVE-KEEP	.atlas-attribution-body a	var(--color-accent-on-light)	.atlas-attribution-body a{font-weight:400;color:var(--olive);}
partners/natgeo.html	65	olive	var:--olive	text	color		light	OLIVE-KEEP	.about-link	var(--color-accent-on-light)	.about-link{font-size:14px;font-weight:400;color:var(--olive);transition:color 0.15s;}
partners/news-creator-corps.html	65	olive	var:--olive	stroke	border-color	.active	light	OLIVE-KEEP	.chip.active	var(--color-accent-on-light)	.chip.active { background: var(--lime); border-color: var(--olive); color: #303036; }
partners/news-creator-corps.html	83	olive	var:--olive	text	color		light	OLIVE-KEEP	.creator-channel	var(--color-accent-on-light)	.creator-channel { font-size: 14px; font-weight: 400; color: var(--olive); margin-bottom: 6px; }
partners/news-creator-corps.html	91	olive	var:--olive	text	color		light	OLIVE-KEEP	.card-link	var(--color-accent-on-light)	.card-link { font-size: 14px; font-weight: 400; color: var(--olive); margin-top: auto; display: inline-flex; a
partners/news-creator-corps.html	102	olive	var:--olive	text	color		light	OLIVE-KEEP	.atlas-attribution-body a	var(--color-accent-on-light)	.atlas-attribution-body a { font-weight: 400; color: var(--olive); }
partners/news-creator-corps.html	114	olive	var:--olive	text	color		light	OLIVE-KEEP	.about-link	var(--color-accent-on-light)	.about-link { font-size: 14px; font-weight: 400; color: var(--olive); transition: color 0.15s; }
partners/nj-lab.html	102	olive	literal	text	color		light	OLIVE-KEEP	.rc-attribution a	var(--color-accent-on-light)	color: #5d7400; text-decoration: underline;
partners/nj-lab.html	149	olive	literal	stroke	border-color	.active	light	OLIVE-KEEP	.filter-chip.active	var(--color-accent-on-light)	background: #97d600; border-color: #5d7400; color: #303036;
partners/nj-lab.html	318	olive	literal	text	color		light	OLIVE-KEEP	.partner-col-link	var(--color-accent-on-light)	font-size: 14px; font-weight: 700; color: #5d7400;
partners/njlab.html	102	olive	literal	text	color		light	OLIVE-KEEP	.rc-attribution a	var(--color-accent-on-light)	color: #5d7400; text-decoration: underline;
partners/njlab.html	149	olive	literal	stroke	border-color	.active	light	OLIVE-KEEP	.filter-chip.active	var(--color-accent-on-light)	background: #97d600; border-color: #5d7400; color: #303036;
partners/njlab.html	318	olive	literal	text	color		light	OLIVE-KEEP	.partner-col-link	var(--color-accent-on-light)	font-size: 14px; font-weight: 700; color: #5d7400;
partners/noah-smith.html	66	olive	var:--olive	text	color		light	OLIVE-KEEP	.creator-channel	var(--color-accent-on-light)	.creator-channel { font-size: 14px; font-weight: 400; color: var(--olive); margin-bottom: 6px; }
partners/noah-smith.html	74	olive	var:--olive	text	color		light	OLIVE-KEEP	.card-link	var(--color-accent-on-light)	.card-link { font-size: 14px; font-weight: 400; color: var(--olive); margin-top: auto; display: inline-flex; a
partners/noah-smith.html	82	olive	var:--olive	text	color		light	OLIVE-KEEP	.atlas-attribution-body a	var(--color-accent-on-light)	.atlas-attribution-body a { font-weight: 400; color: var(--olive); }
partners/noah-smith.html	97	olive	var:--olive	text	color		light	OLIVE-KEEP	.about-link	var(--color-accent-on-light)	.about-link { font-size: 14px; font-weight: 400; color: var(--olive); transition: color 0.15s; }
partners/rahim-jessani.html	66	olive	var:--olive	text	color		light	OLIVE-KEEP	.creator-channel	var(--color-accent-on-light)	.creator-channel { font-size: 14px; font-weight: 400; color: var(--olive); margin-bottom: 6px; }
partners/rahim-jessani.html	74	olive	var:--olive	text	color		light	OLIVE-KEEP	.card-link	var(--color-accent-on-light)	.card-link { font-size: 14px; font-weight: 400; color: var(--olive); margin-top: auto; display: inline-flex; a
partners/rahim-jessani.html	82	olive	var:--olive	text	color		light	OLIVE-KEEP	.atlas-attribution-body a	var(--color-accent-on-light)	.atlas-attribution-body a { font-weight: 400; color: var(--olive); }
partners/rahim-jessani.html	92	olive	var:--olive	text	color		light	OLIVE-KEEP	.about-link	var(--color-accent-on-light)	.about-link { font-size: 14px; font-weight: 400; color: var(--olive); transition: color 0.15s; }
pulse.html	146	olive	literal	text	color		light	OLIVE-KEEP	.audience-bridge-link	var(--color-accent-on-light)	.audience-bridge-link { font-family: 'Inter', sans-serif; font-size: 16px; font-weight: 700; color: #5d7400; t
pulse.html	153	olive	literal	text	color		light	OLIVE-KEEP	.trend-up	var(--color-accent-on-light)	.trend-up { color: #5d7400; }
pulse.html	249	olive	literal	text	color		light	OLIVE-KEEP	.archive-method a	var(--color-accent-on-light)	.archive-method a { color: #5d7400; text-decoration: none; }
pulse.html	455	olive	literal	text	color		light	OLIVE-KEEP	.beat-tag	var(--color-accent-on-light)	color: #5d7400;
pulse.html	607	olive	literal	stroke	border-color	:hover	light	OLIVE-KEEP	.creator-chip:hover	var(--color-accent-on-light)	border-color: #5d7400;
pulse.html	619	olive	literal	text	color		light	OLIVE-KEEP	.creator-chip-count	var(--color-accent-on-light)	color: #5d7400;
pulse.html	713	olive	literal	text	color	.active	light	OLIVE-KEEP	.analysis-tab.active	var(--color-accent-on-light)	.analysis-tab.active { color: #5d7400; border-bottom-color: #97d600; }
pulse.html	806	olive	literal	text	color	:hover	light	OLIVE-KEEP	.beat-more-btn:hover	var(--color-accent-on-light)	.beat-more-btn:hover { color: #5d7400; border-color: #97d600; }
pulse.html	870	olive	literal	text	color		light	OLIVE-KEEP	.pulse-brands-cta-btn	var(--color-accent-on-light)	color: #5d7400;
pulse.html	871	olive	literal	stroke	border		light	OLIVE-KEEP	.pulse-brands-cta-btn	var(--color-accent-on-light)	border: 1px solid rgba(93,116,0,0.35);
pulse.html	915	olive	literal	text	color		unknown(gradient)	OLIVE-KEEP	.intel-week-badge	var(--color-accent-on-light)	color: #5d7400;
pulse.html	962	olive	literal	text	color	:hover	light	OLIVE-KEEP	a.intel-post-link:hover	var(--color-accent-on-light)	a.intel-post-link:hover { color: #5d7400; text-decoration-color: #97d600; }
pulse.html	1044	olive	literal	text	color		light	OLIVE-KEEP	.city-spotlight-eyebrow	var(--color-accent-on-light)	.city-spotlight-eyebrow { font-size: 11px; font-weight: 700; letter-spacing: 0.12em; text-transform: uppercase
pulse.html	1047	olive	literal	text	color		light	OLIVE-KEEP	.city-spotlight-cta	var(--color-accent-on-light)	.city-spotlight-cta { display: inline-block; font-size: 13px; font-weight: 700; color: #5d7400; text-decoratio
research.html	124	olive	literal	text	color		light	OLIVE-KEEP	.ticker-header .eyebrow	var(--color-accent-on-light)	color: #5d7400;
research.html	194	olive	literal	text	color		light	OLIVE-KEEP	.ticker-card-byline	var(--color-accent-on-light)	color: #5d7400;
research.html	219	olive	literal	text	color		light	OLIVE-KEEP	.ticker-card-link	var(--color-accent-on-light)	color: #5d7400;
research.html	239	olive	literal	stroke	border		light	OLIVE-KEEP	.btn-lime	var(--color-accent-on-light)	border: 1px solid #5d7400;
research.html	384	olive	literal	text	color		light	OLIVE-KEEP	.publications-section .eyebrow	var(--color-accent-on-light)	color: #5d7400;
research.html	460	olive	literal	text	color		light	OLIVE-KEEP	.pub-arrow	var(--color-accent-on-light)	color: #5d7400;
research.html	467	olive	literal	text	color	:hover	light	OLIVE-KEEP	.pub-card:hover .pub-headline-text	var(--color-accent-on-light)	color: #5d7400;
research.html	497	olive	literal	text	color		light	OLIVE-KEEP	.press-section .eyebrow	var(--color-accent-on-light)	color: #5d7400;
wire.html	185	olive	var:--color-accent-hover	text	color		unobserved	OLIVE-KEEP	.wire-text a	var(--color-accent-on-light)	.wire-text a { color: var(--color-accent-hover, #5d7400); }
wire.html	247	olive	var:--color-accent-hover	text	color		light	OLIVE-KEEP	.wire-footer-band a	var(--color-accent-on-light)	.wire-footer-band a { color: var(--color-accent-hover, #5d7400); }
pulse.html	565	olive	literal	fill	background		dark	OLIVE-ON-DARK	.pulse-dot-inline	acid #ceff00 (active/CTA) or lime #97d600 (hover/focus); olive is 4.0:1 on black	background: #5d7400;
about-this-project.html	528	olive	literal	other	style		unobserved	OLIVE-REVIEW	<a.about-section> (inline)	review	<p>An RSS and API-powered intelligence system that monitors creators across platforms, analyzes posts to ident
city-lab-chicago.html	372	olive	literal	other	style		unobserved	OLIVE-REVIEW	<a.tab-pane> (inline)	review	<div class="context-card"><h3>Methodology &amp; Sourcing</h3><p>The 245-outlet count is sourced from Northwest
city-lab-chicago.html	453	olive	literal	other	style		unobserved	OLIVE-REVIEW	<a.missing-cta> (inline)	review	<div class="institutions-note" id="institutions-note" style="display:none"><span style="color:#b0b0b8;font-siz
city-lab-chicago.html	455	olive	literal	other	style		unobserved	OLIVE-REVIEW	<a.creators-view-toggle> (inline)	review	<span style="font-size:12px;color:#b0b0b8">Think we&rsquo;re missing someone? <a href="mailto:hello@journalism
city-lab-chicago.html	944	olive	literal	js			unobserved	OLIVE-REVIEW	(JS/other)	review	function renderScatter(){const svgEl=document.getElementById('scatter-svg');const legEl=document.getElementByI
city-lab-chicago.html	1129	olive	literal	js	style		unobserved	OLIVE-REVIEW	(JS/other)	review	lo.innerHTML='<div style="text-align:center;padding:48px 24px"><span class="material-symbols-outlined" style="
index.html	1032	olive	literal	other	style		mixed	OLIVE-REVIEW	<a> (inline)	review	<a href="pulse.html" style="color:#5d7400; font-size:13px;">Explore the full digest →</a>
advisory.html	161	acid	var:--acid-green	text	color		unobserved	U surface undetermined	.board-section li:before	review: if on a light surface, apply V1/V2 fix	color: var(--acid-green);
assets/css/main.css	240	acid	var:--acid-green	text	color	:hover	unobserved	U surface undetermined	.hero-link:hover	review: if on a light surface, apply V1/V2 fix	color: var(--acid-green);
assets/css/main.css	241	acid	var:--acid-green	stroke	border-bottom-color	:hover	unobserved	U surface undetermined	.hero-link:hover	review: if on a light surface, apply V1/V2 fix	border-bottom-color: var(--acid-green);
assets/css/main.css	727	acid	var:--acid-green	text	color		unobserved	U surface undetermined	.creators-table th.sort-asc .sort-icon::after	review: if on a light surface, apply V1/V2 fix	color: var(--acid-green);
assets/css/main.css	732	acid	var:--acid-green	text	color		unobserved	U surface undetermined	.creators-table th.sort-desc .sort-icon::after	review: if on a light surface, apply V1/V2 fix	color: var(--acid-green);
assets/css/main.css	1052	lime	var:--lime-green	stroke	border-color	:hover	unobserved	U surface undetermined	.sunburst-creator-card:hover	review: if on a light surface, apply V1/V2 fix	border-color: var(--lime-green);   /* Light surface — lime only */
assets/css/main.css	1146	lime	var:--lime-green	text	color	:hover	unobserved	U surface undetermined	.viz-creators-table a:hover	review: if on a light surface, apply V1/V2 fix	color: var(--lime-green);   /* Light surface — lime only */
assets/css/main.css	1881	acid	var:--acid-green	text	color		unobserved	U surface undetermined	.share-view-btn.copied	review: if on a light surface, apply V1/V2 fix	.share-view-btn.copied { color: var(--acid-green); }
assets/css/main.css	2089	lime	var:--lime-green	stroke	border	.selected	unobserved	U surface undetermined	.atlas-drawer-card.selectable.selected	review: if on a light surface, apply V1/V2 fix	border: 1.5px solid var(--lime-green); /* Light surface — lime only */
assets/css/main.css	2095	acid	var:--acid-green	text	color	.selected	unobserved	U surface undetermined	.atlas-drawer-card.selectable.selected::after	review: if on a light surface, apply V1/V2 fix	color: var(--acid-green);   /* Dark bg (black circle) — acid green correct */
atlas-signal-brief.html	47	acid	literal	text	color		unobserved	U surface undetermined	.stat-accent	review: if on a light surface, apply V1/V2 fix	.stat-accent { color: #ceff00; background: #000; }
atlas_pulse_intelligence.html	49	acid	var:--acid	text	color		unobserved	U surface undetermined	.stat-pill.wire-pill b	review: if on a light surface, apply V1/V2 fix	.stat-pill.wire-pill b{color:var(--acid)}
atlas_pulse_intelligence.html	58	acid	literal	stroke	border-color		unobserved	U surface undetermined	.btn-load.loaded	review: if on a light surface, apply V1/V2 fix	.btn-load.loaded{border-color:rgba(206,255,0,.5);color:var(--acid)}
atlas_pulse_intelligence.html	58	acid	var:--acid	text	color		unobserved	U surface undetermined	.btn-load.loaded	review: if on a light surface, apply V1/V2 fix	.btn-load.loaded{border-color:rgba(206,255,0,.5);color:var(--acid)}
atlas_pulse_intelligence.html	85	acid	var:--acid	stroke	border-left		unobserved	U surface undetermined	.signal-box	review: if on a light surface, apply V1/V2 fix	border-left:3px solid var(--acid);border-radius:var(--r);
atlas_pulse_intelligence.html	87	acid	var:--acid	text	color		unobserved	U surface undetermined	.signal-box em	review: if on a light surface, apply V1/V2 fix	.signal-box em{font-style:normal;color:var(--acid);font-weight:700}
atlas_pulse_intelligence.html	92	acid	literal	stroke	outline	.active	unobserved	U surface undetermined	.beat-row.active	review: if on a light surface, apply V1/V2 fix	.beat-row.active{background:#1c2800;outline:1px solid rgba(206,255,0,.2);outline-offset:-1px}
atlas_pulse_intelligence.html	103	acid	var:--acid	text	color		unobserved	U surface undetermined	.theme-name	review: if on a light surface, apply V1/V2 fix	.theme-name{font-size:12px;font-weight:700;color:var(--acid);margin-bottom:2px}
atlas_pulse_intelligence.html	159	acid	var:--acid	text	color		unobserved	U surface undetermined	table.ptbl thead th.sort-on	review: if on a light surface, apply V1/V2 fix	table.ptbl thead th.sort-on{color:var(--acid)}
atlas_pulse_intelligence.html	163	acid	var:--acid	stroke	border-left		unobserved	U surface undetermined	table.ptbl tbody tr.sel	review: if on a light surface, apply V1/V2 fix	table.ptbl tbody tr.sel{background:#1a2200;border-left:2px solid var(--acid)}
atlas_pulse_intelligence.html	217	acid	var:--acid	text	color		unobserved	U surface undetermined	.det-link	review: if on a light surface, apply V1/V2 fix	.det-link{color:var(--acid);font-size:12px;display:inline-flex;
atlas_pulse_intelligence.html	228	acid	literal	stroke	border		unobserved	U surface undetermined	.wire-box	review: if on a light surface, apply V1/V2 fix	.wire-box{background:#0d1400;border:1px solid rgba(206,255,0,.18);
atlas_pulse_intelligence.html	230	acid	var:--acid	text	color		unobserved	U surface undetermined	.wire-score-lg	review: if on a light surface, apply V1/V2 fix	.wire-score-lg{font-size:26px;font-weight:700;color:var(--acid);line-height:1}
atlas_pulse_intelligence.html	237	acid	var:--acid	stroke	border-left		unobserved	U surface undetermined	.wire-copy	review: if on a light surface, apply V1/V2 fix	.wire-copy{background:var(--raised);border-left:2px solid var(--acid);
atlas_wire_intelligence.html	86	acid	var:--acid	text	color		unobserved	U surface undetermined	.signal-box em	review: if on a light surface, apply V1/V2 fix	.signal-box em{font-style:normal;color:var(--acid);font-weight:700}
atlas_wire_intelligence.html	91	acid	literal	stroke	outline	.active	unobserved	U surface undetermined	.beat-row.active	review: if on a light surface, apply V1/V2 fix	.beat-row.active{background:#1c2800;outline:1px solid rgba(206,255,0,.2);outline-offset:-1px}
atlas_wire_intelligence.html	128	acid	var:--acid	stroke	border		unobserved	U surface undetermined	.beat-chip	review: if on a light surface, apply V1/V2 fix	border-radius:9999px;background:rgba(206,255,0,.12);border:1px solid var(--acid);
atlas_wire_intelligence.html	129	acid	var:--acid	text	color		unobserved	U surface undetermined	.beat-chip	review: if on a light surface, apply V1/V2 fix	color:var(--acid);font-size:11px;font-weight:700;cursor:pointer}
atlas_wire_intelligence.html	141	acid	var:--acid	stroke	border-color	.selected	unobserved	U surface undetermined	.q-card.selected	review: if on a light surface, apply V1/V2 fix	.q-card.selected{border-color:var(--acid);box-shadow:0 0 0 1px var(--acid)}
atlas_wire_intelligence.html	141	acid	var:--acid	stroke	box-shadow	.selected	unobserved	U surface undetermined	.q-card.selected	review: if on a light surface, apply V1/V2 fix	.q-card.selected{border-color:var(--acid);box-shadow:0 0 0 1px var(--acid)}
atlas_wire_intelligence.html	142	acid	var:--acid	stroke	border-left		unobserved	U surface undetermined	.q-card.approved	review: if on a light surface, apply V1/V2 fix	.q-card.approved{border-left:3px solid var(--acid)}
atlas_wire_intelligence.html	143	acid	var:--acid	stroke	box-shadow		unobserved	U surface undetermined	.q-card.approved .score-badge.high	review: if on a light surface, apply V1/V2 fix	.q-card.approved .score-badge.high{box-shadow:0 0 0 2px var(--acid)}
atlas_wire_intelligence.html	150	acid	literal	stroke	box-shadow		unobserved	U surface undetermined	.score-badge.high	review: if on a light surface, apply V1/V2 fix	.score-badge.high{background:var(--acid);color:#000;box-shadow:0 0 0 2px rgba(206,255,0,.4)}
atlas_wire_intelligence.html	159	acid	var:--acid	text	color	:hover	unobserved	U surface undetermined	.creator-link:hover	review: if on a light surface, apply V1/V2 fix	.creator-link:hover{color:var(--acid)}
atlas_wire_intelligence.html	165	acid	var:--acid	stroke	border-color		unobserved	U surface undetermined	.q-wire[contenteditable=true]	review: if on a light surface, apply V1/V2 fix	.q-wire[contenteditable=true]{border-color:var(--acid);color:var(--text);outline:none;
atlas_wire_intelligence.html	182	acid	var:--acid	stroke	border		unobserved	U surface undetermined	.btn-approve.is-approved	review: if on a light surface, apply V1/V2 fix	.btn-approve.is-approved{background:transparent;border:1px solid var(--acid);color:var(--acid)}
atlas_wire_intelligence.html	182	acid	var:--acid	text	color		unobserved	U surface undetermined	.btn-approve.is-approved	review: if on a light surface, apply V1/V2 fix	.btn-approve.is-approved{background:transparent;border:1px solid var(--acid);color:var(--acid)}
atlas_wire_intelligence.html	241	acid	var:--acid	stroke	outline	:focus	unobserved	U surface undetermined	.wire-edit:focus	review: if on a light surface, apply V1/V2 fix	.wire-edit:focus{outline:1px solid var(--acid);border-color:var(--acid)}
atlas_wire_intelligence.html	241	acid	var:--acid	stroke	border-color	:focus	unobserved	U surface undetermined	.wire-edit:focus	review: if on a light surface, apply V1/V2 fix	.wire-edit:focus{outline:1px solid var(--acid);border-color:var(--acid)}
atlas_wire_intelligence.html	278	acid	var:--acid	stroke	border		unobserved	U surface undetermined	.btn-approve-detail.is-approved	review: if on a light surface, apply V1/V2 fix	.btn-approve-detail.is-approved{background:transparent;border:1px solid var(--acid);color:var(--acid)}
atlas_wire_intelligence.html	278	acid	var:--acid	text	color		unobserved	U surface undetermined	.btn-approve-detail.is-approved	review: if on a light surface, apply V1/V2 fix	.btn-approve-detail.is-approved{background:transparent;border:1px solid var(--acid);color:var(--acid)}
atlas_wire_intelligence.html	582	acid	var:--acid	text	color		unobserved	U surface undetermined	(JS/other)	review: if on a light surface, apply V1/V2 fix	{label:'9+',  min:9,  max:11, color:'var(--acid)'},
atlas_wire_review.html	63	acid	var:--acid	text	color		unobserved	U surface undetermined	.header-meta .count-green	review: if on a light surface, apply V1/V2 fix	.header-meta .count-green { color: var(--acid); font-weight: 700; }
atlas_wire_review.html	144	acid	var:--acid	stroke	border-left		unobserved	U surface undetermined	.card.approved	review: if on a light surface, apply V1/V2 fix	.card.approved { border-left: 3px solid var(--acid); }
atlas_wire_review.html	146	acid	var:--acid	stroke	border		unobserved	U surface undetermined	.card.editing	review: if on a light surface, apply V1/V2 fix	.card.editing  { border: 1px solid var(--acid); }
atlas_wire_review.html	161	acid	var:--acid	text	color		unobserved	U surface undetermined	.score-badge.mid	review: if on a light surface, apply V1/V2 fix	.score-badge.mid  { background: #333300; color: var(--acid); }
atlas_wire_review.html	170	acid	var:--acid	text	color	:hover	unobserved	U surface undetermined	.card-creator a:hover	review: if on a light surface, apply V1/V2 fix	.card-creator a:hover { color: var(--acid); }
atlas_wire_review.html	197	acid	var:--acid	stroke	border		unobserved	U surface undetermined	.wire-frame-edit	review: if on a light surface, apply V1/V2 fix	border: 1px solid var(--acid); border-radius: var(--radius);
bluesky-creator-intelligence.html	160	lime	var:--lime	stroke	border-color		unobserved	U surface undetermined	.search-input.arrival	review: if on a light surface, apply V1/V2 fix	border-color: var(--lime);
bluesky-creator-intelligence.html	161	lime	literal	stroke	box-shadow		unobserved	U surface undetermined	.search-input.arrival	review: if on a light surface, apply V1/V2 fix	box-shadow: 0 0 0 3px rgba(151, 214, 0, 0.25);
bluesky-creator-intelligence.html	211	lime	literal	stroke	box-shadow		unobserved	U surface undetermined	0%	review: if on a light surface, apply V1/V2 fix	0%   { box-shadow: inset 0 0 0 2px rgba(151,214,0,0); }
bluesky-creator-intelligence.html	212	lime	literal	stroke	box-shadow		unobserved	U surface undetermined	30%	review: if on a light surface, apply V1/V2 fix	30%  { box-shadow: inset 0 0 0 2px rgba(151,214,0,0.35); }
bluesky-creator-intelligence.html	213	lime	literal	stroke	box-shadow		unobserved	U surface undetermined	100%	review: if on a light surface, apply V1/V2 fix	100% { box-shadow: inset 0 0 0 2px rgba(151,214,0,0); }
chicago-analysis.html	350	acid	var:--neon	other	style		unobserved	U surface undetermined	<strong.stats-grid> (inline)	review: if on a light surface, apply V1/V2 fix	<tr><td>Proper credit/bylines</td><td style="text-align:center"><strong style="color:var(--neon)">2</strong></
chicago-survey.html	567	acid	var:--lime	text	color		unobserved	U surface undetermined	.redeem-steps .step-num	review: if on a light surface, apply V1/V2 fix	color: var(--lime);
chicago-survey.html	840	acid	literal	other	style		unobserved	U surface undetermined	<span.error-msg> (inline)	review: if on a light surface, apply V1/V2 fix	<label>Email address<span class="required">*</span> — <span style="color: #ceff00; font-weight: 600;">required
city-lab-chicago.html	129	lime	literal	stroke	border-color	:hover	unobserved	U surface undetermined	.beats-toggle-btn:hover	review: if on a light surface, apply V1/V2 fix	.beats-toggle-btn:hover { border-color: #97d600; color: #000; }
city-lab-dc-v3.html	923	acid	var:--acid	text	color		unobserved	U surface undetermined	<em.timeline> (inline)	review: if on a light surface, apply V1/V2 fix	<em style="font-style:normal;color:var(--acid);">200</em> reporters (2003) → <em style="font-style:normal;colo
city-lab-dc-v3.html	923	acid	var:--acid	text	color		unobserved	U surface undetermined	<em.timeline> (inline)	review: if on a light surface, apply V1/V2 fix	<em style="font-style:normal;color:var(--acid);">200</em> reporters (2003) → <em style="font-style:normal;colo
for-brands.html	366	acid	literal	text	color		unobserved	U surface undetermined	.atlas-card-link	review: if on a light surface, apply V1/V2 fix	.atlas-card-link { display: inline-block; font-family: 'DM Mono', monospace; font-size: 9px; color: rgba(206,2
for-brands.html	367	acid	literal	text	color	:hover	unobserved	U surface undetermined	.atlas-card-link:hover	review: if on a light surface, apply V1/V2 fix	.atlas-card-link:hover { color: #ceff00; }
for-brands.html	759	acid	literal	other	style		unobserved	U surface undetermined	<a.pulse-intel-footer> (inline)	review: if on a light surface, apply V1/V2 fix	<a href="index.html" style="color:rgba(206,255,0,0.7);">Search the full Atlas →</a>
for-brands.html	995	acid	literal	other	style		unobserved	U surface undetermined	<a.bf-secondary-path> (inline)	review: if on a light surface, apply V1/V2 fix	<a href="pulse.html" style="color:#ceff00;">Atlas Pulse →</a>
how-we-did-this.html	143	acid	var:--acid-green	stroke	border-left		unobserved	U surface undetermined	.highlight-box	review: if on a light surface, apply V1/V2 fix	border-left: 4px solid var(--acid-green);
index.html	1533	acid	literal	text	color		unobserved	U surface undetermined	(JS/other)	review: if on a light surface, apply V1/V2 fix	'Climate & Science': { color: '#ceff00', cx: 0.90, cy: 0.58 },
index.html	1535	lime	literal	text	color		unobserved	U surface undetermined	(JS/other)	review: if on a light surface, apply V1/V2 fix	'Local News':        { color: '#97d600', cx: 0.42, cy: 0.90 },
index.html	1739	acid	literal	text	color		unobserved	U surface undetermined	(JS/other)	review: if on a light surface, apply V1/V2 fix	<span style="font-size:18px;color:#ceff00;font-weight:700;letter-spacing:-0.03em;">${s.count}</span>
index.html	2097	acid	literal	text	color		unobserved	U surface undetermined	(JS/other)	review: if on a light surface, apply V1/V2 fix	<a href="/search?search=${encodeURIComponent(nearest.name)}" style="display:block;font-family:'JetBrains Mono'
mobile.html	620	acid	var:--acid-green	other	filter		unobserved	U surface undetermined	.sunburst-path.glow	review: if on a light surface, apply V1/V2 fix	filter: drop-shadow(0 0 10px var(--acid-green));
partners/_shell.html	165	lime	var:--lime	stroke	border-bottom-color	.active	unobserved	U surface undetermined	.region-nav-link.active	review: if on a light surface, apply V1/V2 fix	.region-nav-link.active { color: #000; border-bottom-color: var(--lime); }
partners/ahp.html	51	acid	var:--acid	text	color		unobserved	U surface undetermined	.pull-quote-mark	review: if on a light surface, apply V1/V2 fix	color: var(--acid); display: block; font-family: Georgia, serif;
partners/cillizza.html	51	acid	var:--acid	text	color		unobserved	U surface undetermined	.pull-quote-mark	review: if on a light surface, apply V1/V2 fix	color: var(--acid); display: block; font-family: Georgia, serif;
partners/emily-atkin.html	50	acid	var:--acid	text	color		unobserved	U surface undetermined	.pull-quote-mark	review: if on a light surface, apply V1/V2 fix	color: var(--acid); display: block; font-family: Georgia, serif;
partners/emily-atkin.html	98	lime	var:--lime	stroke	outline	:focus	unobserved	U surface undetermined	.chip:focus-visible	review: if on a light surface, apply V1/V2 fix	.chip:focus-visible { outline: 2px solid var(--lime); outline-offset: 2px; }
partners/icfj.html	47	acid	var:--acid	text	color		unobserved	U surface undetermined	.pull-quote-mark	review: if on a light surface, apply V1/V2 fix	.pull-quote-mark { font-size: 40px; font-weight: 700; line-height: 1; color: var(--acid); display: block; font
partners/jessica-stahl.html	38	acid	var:--acid	text	color		unobserved	U surface undetermined	.pull-quote-mark	review: if on a light surface, apply V1/V2 fix	.pull-quote-mark { font-size: 40px; font-weight: 700; line-height: 1; color: var(--acid); display: block; font
pulse.html	51	acid	literal	text	color		unobserved	U surface undetermined	.live-badge	review: if on a light surface, apply V1/V2 fix	color: #ceff00;
pulse.html	53	acid	literal	stroke	border		unobserved	U surface undetermined	.live-badge	review: if on a light surface, apply V1/V2 fix	border: 1px solid rgba(206,255,0,0.25);
pulse.html	123	acid	literal	text	color		unobserved	U surface undetermined	.signal-band-eyebrow	review: if on a light surface, apply V1/V2 fix	.signal-band-eyebrow { font-family: 'DM Mono', monospace; font-size: 9px; letter-spacing: 0.14em; text-transfo
pulse.html	136	lime	literal	text	color		unobserved	U surface undetermined	.field-summary-eyebrow	review: if on a light surface, apply V1/V2 fix	.field-summary-eyebrow { font-family: 'DM Mono', monospace; font-size: 9px; letter-spacing: 0.12em; text-trans
pulse.html	173	acid	literal	text	color		unobserved	U surface undetermined	.story-stack-creator	review: if on a light surface, apply V1/V2 fix	.story-stack-creator { color: #ceff00; font-weight: 700; text-decoration: none; flex-shrink: 0; transition: op
pulse.html	177	acid	literal	stroke	text-decoration-color	:hover	unobserved	U surface undetermined	.story-stack-title:hover	review: if on a light surface, apply V1/V2 fix	.story-stack-title:hover { text-decoration: underline; text-decoration-color: rgba(206,255,0,0.4); }
pulse.html	182	acid	literal	stroke	border-left		unobserved	U surface undetermined	.story-cluster	review: if on a light surface, apply V1/V2 fix	.story-cluster { display: flex; flex-direction: column; gap: 6px; padding-left: 12px; border-left: 2px solid r
pulse.html	184	acid	literal	text	color		unobserved	U surface undetermined	.story-cluster-voice-count	review: if on a light surface, apply V1/V2 fix	.story-cluster-voice-count { font-family: 'DM Mono', monospace; font-size: 9px; letter-spacing: 0.08em; text-t
pulse.html	1025	acid	literal	text	color		unobserved	U surface undetermined	.header-intel-cta	review: if on a light surface, apply V1/V2 fix	color: #ceff00;
search.html	71	acid	literal	text	color		unobserved	U surface undetermined	.search-orientation-link	review: if on a light surface, apply V1/V2 fix	font-size: 13px; font-weight: 500; color: #ceff00;
search.html	108	acid	literal	stroke	border-color		unobserved	U surface undetermined	.sbc-chip--active	review: if on a light surface, apply V1/V2 fix	border-color: #ceff00; font-weight: 700;
search.html	160	acid	literal	stroke	border-color		unobserved	U surface undetermined	.sfc-chip--active	review: if on a light surface, apply V1/V2 fix	border-color: #ceff00; font-weight: 700;
search.html	273	acid	literal	stroke	border-bottom		unobserved	U surface undetermined	.pulse-strip	review: if on a light surface, apply V1/V2 fix	border-bottom: 1px solid rgba(206,255,0,0.12);
search.html	297	acid	literal	text	color		unobserved	U surface undetermined	.pulse-strip-live	review: if on a light surface, apply V1/V2 fix	color: #ceff00;
search.html	334	acid	literal	text	color		unobserved	U surface undetermined	.pulse-strip-cta	review: if on a light surface, apply V1/V2 fix	color: rgba(206,255,0,0.6);
search.html	342	acid	literal	text	color	:hover	unobserved	U surface undetermined	.pulse-strip-cta:hover	review: if on a light surface, apply V1/V2 fix	.pulse-strip-cta:hover { color: #ceff00; }
search.html	468	acid	literal	text	color		unobserved	U surface undetermined	.field-tooltip-beat	review: if on a light surface, apply V1/V2 fix	color: #ceff00;
who-we-are.html	135	acid	var:--acid-green	text	color		unobserved	U surface undetermined	.mission-content li:before	review: if on a light surface, apply V1/V2 fix	color: var(--acid-green);
who-we-are.html	144	acid	var:--acid-green	stroke	border-left		unobserved	U surface undetermined	.highlight-box	review: if on a light surface, apply V1/V2 fix	border-left: 4px solid var(--acid-green);
wire.html	168	lime	var:--color-accent	text	color	:hover	unobserved	U surface undetermined	.card-creator a:hover	review: if on a light surface, apply V1/V2 fix	.card-creator a:hover { color: var(--color-accent, #97d600); }
about-this-project.html	68	lime	literal	stroke	border-bottom-color		light	V1 text/icon/stroke on light	.about-subnav-link--active	var(--color-accent-on-light) (olive #5d7400) (underline/border: same)	border-bottom-color: #97d600;
about-this-project.html	112	lime	literal	stroke	border-bottom		light	V1 text/icon/stroke on light	.about-read-more	var(--color-accent-on-light) (olive #5d7400) (underline/border: same)	border-bottom: 1px solid #97d600;
about-this-project.html	140	lime	literal	stroke	border-top		light	V1 text/icon/stroke on light	.pillar-card	var(--color-accent-on-light) (olive #5d7400) (underline/border: same)	border-top: 3px solid #97d600;
about-this-project.html	263	lime	literal	stroke	border-left		light	V1 text/icon/stroke on light	.funding-box	var(--color-accent-on-light) (olive #5d7400) (underline/border: same)	border-left: 4px solid #97d600;
about-this-project.html	371	lime	literal	stroke	border-bottom		light	V1 text/icon/stroke on light	.board-title	var(--color-accent-on-light) (olive #5d7400) (underline/border: same)	border-bottom: 2px solid #97d600;
advisory.html	251	lime	literal	stroke	border-bottom-color		light	V1 text/icon/stroke on light	.about-subnav-link--active	var(--color-accent-on-light) (olive #5d7400) (underline/border: same)	border-bottom-color: #97d600;
assets/css/header.css	315	lime	var:--lime-green	stroke	border-left-color	:hover	mixed	V1 text/icon/stroke on light	.mobile-menu-link:hover, .mobile-menu-link:active	var(--color-accent-on-light) (olive #5d7400) (underline/border: same)	border-left-color: var(--lime-green);
assets/css/main.css	559	lime	var:--color-accent	stroke	border	.selected	mixed	V1 text/icon/stroke on light	.creator-card.selected	var(--color-accent-on-light) (olive #5d7400) (underline/border: same)	border: 1.5px solid var(--color-accent);
assets/css/main.css	833	lime	var:--lime-green	stroke	border-bottom-color	.active	light	V1 text/icon/stroke on light	.bubble-mode-btn.active	var(--color-accent-on-light) (olive #5d7400) (underline/border: same)	border-bottom-color: var(--lime-green);   /* Light surface — lime only */
assets/css/main.css	1225	lime	var:--lime-green	stroke	border-color	:hover	light	V1 text/icon/stroke on light	.legend-item:hover	var(--color-accent-on-light) (olive #5d7400) (underline/border: same)	border-color: var(--lime-green);   /* Light surface — lime only */
assets/css/main.css	1327	lime	var:--lime-green	stroke	border-top-color		light	V1 text/icon/stroke on light	.loading-spinner	var(--color-accent-on-light) (olive #5d7400) (underline/border: same)	border-top-color: var(--lime-green);   /* Loading spinner — light surface */
assets/css/main.css	1430	lime	var:--lime-green	stroke	border-left-color	:hover	mixed	V1 text/icon/stroke on light	.mobile-menu-link:hover, .mobile-menu-link:active	var(--color-accent-on-light) (olive #5d7400) (underline/border: same)	border-left-color: var(--lime-green);   /* Light surface — lime only */
atlas-portal/index.html	258	lime	var:--lime-green	stroke	border-color	:hover	light	V1 text/icon/stroke on light	.radio-option:hover	var(--color-accent-on-light) (olive #5d7400) (underline/border: same)	border-color: var(--lime-green);
atlas-portal/index.html	270	acid	var:--acid-green	stroke	border-color	.selected	light	V1 text/icon/stroke on light	.radio-option.selected	var(--color-accent-on-light) (olive #5d7400) (underline/border: same)	border-color: var(--acid-green);
atlas-portal/index.html	335	lime	var:--lime-green	stroke	border-color	:hover	light	V1 text/icon/stroke on light	.text-color-option:hover	var(--color-accent-on-light) (olive #5d7400) (underline/border: same)	border-color: var(--lime-green);
atlas-portal/index.html	339	acid	var:--acid-green	stroke	border-color	.selected	light	V1 text/icon/stroke on light	.text-color-option.selected	var(--color-accent-on-light) (olive #5d7400) (underline/border: same)	border-color: var(--acid-green);
atlas-portal/index.html	369	acid	var:--acid-green	stroke	border		light	V1 text/icon/stroke on light	.image-preview	var(--color-accent-on-light) (olive #5d7400) (underline/border: same)	border: 3px solid var(--acid-green);
atlas-portal/index.html	403	acid	literal	stroke	box-shadow	:hover	light	V1 text/icon/stroke on light	.btn:hover	var(--color-accent-on-light) (olive #5d7400) (underline/border: same)	box-shadow: 0 4px 12px rgba(206, 255, 0, 0.3);
atlas-portal/index.html	460	acid	var:--acid-green	stroke	border-left		light	V1 text/icon/stroke on light	.disclosure-box	var(--color-accent-on-light) (olive #5d7400) (underline/border: same)	border-left: 4px solid var(--acid-green);
atlas-portal/index.html	511	lime	var:--lime-green	stroke	border		light	V1 text/icon/stroke on light	.message.success	var(--color-accent-on-light) (olive #5d7400) (underline/border: same)	border: 2px solid var(--lime-green);
atlas-portal/index.html	562	lime	var:--lime-green	stroke	border-color	:hover	light	V1 text/icon/stroke on light	.caption-box:hover	var(--color-accent-on-light) (olive #5d7400) (underline/border: same)	border-color: var(--lime-green);
atlas-portal/index.html	608	acid	var:--acid-green	stroke	border-bottom		light	V1 text/icon/stroke on light	.footer-section a	var(--color-accent-on-light) (olive #5d7400) (underline/border: same)	border-bottom: 2px solid var(--acid-green);
atlas-portal/index.html	614	lime	var:--lime-green	stroke	border-bottom-color	:hover	light	V1 text/icon/stroke on light	.footer-section a:hover	var(--color-accent-on-light) (olive #5d7400) (underline/border: same)	border-bottom-color: var(--lime-green);
atlas-signal-brief.html	27	acid	literal	stroke	border-bottom-color	.active	light	V1 text/icon/stroke on light	.tab-btn.active	var(--color-accent-on-light) (olive #5d7400) (underline/border: same)	.tab-btn.active { color: #000; border-bottom-color: #ceff00; }
atlas-signal-brief.html	97	lime	literal	stroke	border-color	:hover	light	V1 text/icon/stroke on light	.vel-card:hover	var(--color-accent-on-light) (olive #5d7400) (underline/border: same)	/* DESIGN-TOKEN FIX: Acid green hover border replaced with lime green — hover states must use #97d600 */ .vel-
atlas-signal-brief.html	109	acid	literal	stroke	border-left		light	V1 text/icon/stroke on light	.callout-box	var(--color-accent-on-light) (olive #5d7400) (underline/border: same)	.callout-box { background: #f9f9f9; border: 1px solid #e0e0e0; border-left: 4px solid #ceff00; border-radius: 
atlas-signal-brief.html	161	lime	literal	stroke	border-color	:hover	light	V1 text/icon/stroke on light	.poly-card:hover	var(--color-accent-on-light) (olive #5d7400) (underline/border: same)	.poly-card:hover { border-color: #97d600; }
beat-climate.html	88	lime	literal	stroke	border-color	:hover	light	V1 text/icon/stroke on light	.story-card:hover	var(--color-accent-on-light) (olive #5d7400) (underline/border: same)	/* DESIGN-TOKEN FIX: Teal hover border replaced with lime green — teal not in palette, hover states use #97d60
bluesky-creator-intelligence.html	52	lime	literal	stroke	border		light	V1 text/icon/stroke on light	.badge-atlas	var(--color-accent-on-light) (olive #5d7400) (underline/border: same)	.badge-atlas { color: var(--olive); border: 1px solid rgba(151,214,0,0.5); background: rgba(151,214,0,0.07); }
bluesky-creator-intelligence.html	64	lime	var:--lime	text	color		light	V1 text/icon/stroke on light	.hero-title .accent	var(--color-accent-on-light) (olive #5d7400)	.hero-title .accent { color: var(--lime); }
bluesky-creator-intelligence.html	84	lime	var:--lime	text	color		light	V1 text/icon/stroke on light	.stat-num	var(--color-accent-on-light) (olive #5d7400)	.stat-num { font-size: 40px; font-weight: 900; letter-spacing: -0.05em; line-height: 1; color: var(--lime); ma
bluesky-creator-intelligence.html	104	lime	var:--lime	stroke	border-color	.active	light	V1 text/icon/stroke on light	.cluster-card.active	var(--color-accent-on-light) (olive #5d7400) (underline/border: same)	.cluster-card.active { border-color: var(--lime); box-shadow: 0 0 0 2px rgba(151,214,0,0.25); }
bluesky-creator-intelligence.html	104	lime	literal	stroke	box-shadow	.active	light	V1 text/icon/stroke on light	.cluster-card.active	var(--color-accent-on-light) (olive #5d7400) (underline/border: same)	.cluster-card.active { border-color: var(--lime); box-shadow: 0 0 0 2px rgba(151,214,0,0.25); }
bluesky-creator-intelligence.html	108	lime	var:--lime	text	color		light	V1 text/icon/stroke on light	.cluster-count .n	var(--color-accent-on-light) (olive #5d7400)	.cluster-count .n { color: var(--lime); }
bluesky-creator-intelligence.html	172	lime	var:--lime	stroke	border-color	.active	light	V1 text/icon/stroke on light	.sort-btn.active	var(--color-accent-on-light) (olive #5d7400) (underline/border: same)	.sort-btn.active { color: var(--olive); border-color: var(--lime); background: rgba(151,214,0,0.08); font-weig
bluesky-creator-intelligence.html	179	lime	var:--lime	stroke	border-color	:hover	light	V1 text/icon/stroke on light	.filter-pill:hover	var(--color-accent-on-light) (olive #5d7400) (underline/border: same)	.filter-pill:hover { border-color: var(--lime); color: var(--text-primary); }
bluesky-creator-intelligence.html	180	lime	var:--lime	stroke	border-color	.active	light	V1 text/icon/stroke on light	.filter-pill.active	var(--color-accent-on-light) (olive #5d7400) (underline/border: same)	.filter-pill.active { background: var(--lime); color: #000; border-color: var(--lime); font-weight: 600; }
bluesky-creator-intelligence.html	199	lime	literal	stroke	border-color		light	V1 text/icon/stroke on light	.ci-platform.cross	var(--color-accent-on-light) (olive #5d7400) (underline/border: same)	.ci-platform.cross { background: rgba(151,214,0,0.1); border-color: rgba(151,214,0,0.4); color: var(--olive); 
bluesky-creator-intelligence.html	201	lime	var:--lime	text	color		light	V1 text/icon/stroke on light	.ci-followers	var(--color-accent-on-light) (olive #5d7400)	.ci-followers { font-family: 'DM Mono', monospace; font-size: 11px; color: var(--lime); font-weight: 700; lett
chicago-analysis.html	47	acid	var:--neon	text	color	:hover	mixed	V1 text/icon/stroke on light	.nav button:hover	var(--color-accent-on-light) (olive #5d7400)	.nav button:hover { background: var(--neon-dim); color: var(--neon); border-color: rgba(206,255,0,0.3); }
chicago-analysis.html	47	acid	literal	stroke	border-color	:hover	mixed	V1 text/icon/stroke on light	.nav button:hover	var(--color-accent-on-light) (olive #5d7400) (underline/border: same)	.nav button:hover { background: var(--neon-dim); color: var(--neon); border-color: rgba(206,255,0,0.3); }
chicago-analysis.html	48	acid	var:--neon	stroke	border-color	.active	mixed	V1 text/icon/stroke on light	.nav button.active	var(--color-accent-on-light) (olive #5d7400) (underline/border: same)	.nav button.active { background: var(--neon); color: var(--black); border-color: var(--neon); font-weight: 800
city-lab-chicago.html	53	lime	literal	stroke	border-left		light	V1 text/icon/stroke on light	.two-layer-note	var(--color-accent-on-light) (olive #5d7400) (underline/border: same)	.two-layer-note { font-size: 13px; color: #606068; line-height: 1.7; padding: 16px 20px; background: #f8f8f6; 
city-lab-chicago.html	65	lime	literal	stroke	border-bottom-color	.active	light	V1 text/icon/stroke on light	.tab-btn.active	var(--color-accent-on-light) (olive #5d7400) (underline/border: same)	.tab-btn.active { color: #000; border-bottom-color: #97d600; background: rgba(151,214,0,0.08); font-weight: 70
city-lab-chicago.html	169	lime	literal	stroke	border-left		light	V1 text/icon/stroke on light	.creator-row-body	var(--color-accent-on-light) (olive #5d7400) (underline/border: same)	.creator-row-body { display: none; padding: 8px 14px 16px; background: #fafafa; border-left: 3px solid #97d600
city-lab-chicago.html	172	lime	literal	text	color		light	V1 text/icon/stroke on light	.row-pulse	var(--color-accent-on-light) (olive #5d7400)	.row-pulse { color: #97d600; }
city-lab-chicago.html	219	lime	literal	text	color		light	V1 text/icon/stroke on light	.pulse-badge-dot	var(--color-accent-on-light) (olive #5d7400)	.pulse-badge-dot { color: #97d600; font-size: 12px; }
city-lab-chicago.html	223	lime	literal	stroke	border-color	:hover	light	V1 text/icon/stroke on light	.beat-headline-card:hover	var(--color-accent-on-light) (olive #5d7400) (underline/border: same)	.beat-headline-card:hover { border-color: #97d600; }
city-lab-chicago.html	415	lime	literal	stroke	border-left		mixed	V1 text/icon/stroke on light	<div> (inline)	var(--color-accent-on-light) (olive #5d7400) (underline/border: same)	<div style="margin:0 0 24px;padding:20px 24px;background:#f8f8f6;border-radius:8px;border-left:3px solid #97d6
city-lab-chicago.html	571	acid	literal	text	color		mixed	V1 text/icon/stroke on light	<a> (inline)	var(--color-accent-on-light) (olive #5d7400)	<div style="background:#111;border-top:1px solid rgba(255,255,255,0.06);padding:10px 40px;text-align:right;"><
city-lab-dc-v3.html	887	acid	var:--acid	text	color		mixed	V1 text/icon/stroke on light	<div> (inline)	var(--color-accent-on-light) (olive #5d7400)	<div style="font-family:var(--ff-head);font-size:clamp(40px,8vw,72px);font-weight:900;color:var(--acid);line-h
city-lab-dc-v3.html	920	acid	var:--acid	stroke	border-left		mixed	V1 text/icon/stroke on light	<div> (inline)	var(--color-accent-on-light) (olive #5d7400) (underline/border: same)	<div style="margin-bottom:32px; background:rgba(255,255,255,0.05); border:1px solid rgba(255,255,255,0.1); bor
city-lab-dc-v3.html	921	acid	var:--acid	text	color		mixed	V1 text/icon/stroke on light	<div> (inline)	var(--color-accent-on-light) (olive #5d7400)	<div style="font-family:var(--ff-head);font-size:11px;font-weight:700;letter-spacing:0.1em;text-transform:uppe
city-lab-dc-v3.html	1410	acid	literal	text	color		mixed	V1 text/icon/stroke on light	<a> (inline)	var(--color-accent-on-light) (olive #5d7400)	<span style="font-family:'DM Mono',monospace;font-size:9px;letter-spacing:0.12em;text-transform:uppercase;colo
for-brands.html	193	lime	literal	text	color		light	V1 text/icon/stroke on light	.trust-cite-view-all	var(--color-accent-on-light) (olive #5d7400)	.trust-cite-view-all { font-family: 'DM Mono', monospace; font-size: 9px; font-weight: 500; color: #97d600; le
for-brands.html	436	lime	literal	text	color		light	V1 text/icon/stroke on light	.compare-headline-emphasis.is-visible	var(--color-accent-on-light) (olive #5d7400)	.compare-headline-emphasis.is-visible { color: #97d600; }
for-brands.html	445	acid	literal	stroke	border-color		mixed	V1 text/icon/stroke on light	.bx-chip--active	var(--color-accent-on-light) (olive #5d7400) (underline/border: same)	.bx-chip--active { color: #111; background: #ceff00; border-color: #ceff00; font-weight: 700; box-shadow: 0 0 
for-brands.html	445	acid	literal	stroke	box-shadow		mixed	V1 text/icon/stroke on light	.bx-chip--active	var(--color-accent-on-light) (olive #5d7400) (underline/border: same)	.bx-chip--active { color: #111; background: #ceff00; border-color: #ceff00; font-weight: 700; box-shadow: 0 0 
for-brands.html	875	acid	literal	text	color		mixed	V1 text/icon/stroke on light	<a> (inline)	var(--color-accent-on-light) (olive #5d7400)	<a href="#build-brief" style="font-family:'DM Mono',monospace;font-size:10px;font-weight:500;color:rgba(206,25
for-brands.html	875	acid	literal	text	color		mixed	V1 text/icon/stroke on light	<a> (inline)	var(--color-accent-on-light) (olive #5d7400)	<a href="#build-brief" style="font-family:'DM Mono',monospace;font-size:10px;font-weight:500;color:rgba(206,25
for-brands.html	875	acid	literal	text	color		mixed	V1 text/icon/stroke on light	<a> (inline)	var(--color-accent-on-light) (olive #5d7400)	<a href="#build-brief" style="font-family:'DM Mono',monospace;font-size:10px;font-weight:500;color:rgba(206,25
how-we-did-this.html	134	acid	var:--acid-green	text	color		light	V1 text/icon/stroke on light	.content-section li:before	var(--color-accent-on-light) (olive #5d7400)	color: var(--acid-green);
how-we-did-this.html	184	lime	literal	stroke	border-bottom-color		light	V1 text/icon/stroke on light	.about-subnav-link--active	var(--color-accent-on-light) (olive #5d7400) (underline/border: same)	border-bottom-color: #97d600;
index.html	308	lime	literal	stroke	border		light	V1 text/icon/stroke on light	.research-badge	var(--color-accent-on-light) (olive #5d7400) (underline/border: same)	.research-badge { font-family: 'JetBrains Mono', monospace; font-size: 9px; color: #5d7400; background: rgba(1
latin-america-lab.html	267	acid	var:--page-accent	stroke	border-color	.active	mixed	V1 text/icon/stroke on light	.filter-pill.active	var(--color-accent-on-light) (olive #5d7400) (underline/border: same)	border-color: var(--page-accent);
latin-america-lab.html	896	acid	literal	text	color		mixed	V1 text/icon/stroke on light	<a> (inline)	var(--color-accent-on-light) (olive #5d7400)	<span style="font-family:'DM Mono',monospace;font-size:9px;letter-spacing:0.12em;text-transform:uppercase;colo
lists.html	57	acid	var:--acid-green	text	color	:hover	light	V1 text/icon/stroke on light	.nav-link:hover, .nav-link.active	var(--color-accent-on-light) (olive #5d7400)	color: var(--acid-green);
mobile.html	73	acid	literal	stroke	border		light	V1 text/icon/stroke on light	.spinner	var(--color-accent-on-light) (olive #5d7400) (underline/border: same)	border: 3px solid rgba(206, 255, 0, 0.3);
mobile.html	74	acid	var:--acid-green	stroke	border-top-color		light	V1 text/icon/stroke on light	.spinner	var(--color-accent-on-light) (olive #5d7400) (underline/border: same)	border-top-color: var(--acid-green);
partners/_shell.html	112	lime	var:--lime	stroke	border-color	:hover	light	V1 text/icon/stroke on light	.creator-card:hover	var(--color-accent-on-light) (olive #5d7400) (underline/border: same)	.creator-card:hover { border-color: var(--lime); }
partners/_shell.html	134	lime	literal	stroke	border-color	:hover	light	V1 text/icon/stroke on light	.pill.platform:hover	var(--color-accent-on-light) (olive #5d7400) (underline/border: same)	border-color: #97d600;
partners/ahp.html	131	lime	var:--lime	text	color		light	V1 text/icon/stroke on light	.act-label	var(--color-accent-on-light) (olive #5d7400)	text-transform: uppercase; color: var(--lime); white-space: nowrap;
partners/ahp.html	174	lime	literal	stroke	border-color	:hover	light	V1 text/icon/stroke on light	.pill.platform:hover	var(--color-accent-on-light) (olive #5d7400) (underline/border: same)	border-color: #97d600;
partners/cillizza.html	127	lime	var:--lime	text	color		light	V1 text/icon/stroke on light	.act-label	var(--color-accent-on-light) (olive #5d7400)	text-transform: uppercase; color: var(--lime); white-space: nowrap;
partners/cillizza.html	164	lime	literal	stroke	border-color	:hover	light	V1 text/icon/stroke on light	.pill.platform:hover	var(--color-accent-on-light) (olive #5d7400) (underline/border: same)	.pill.platform:hover { background: #97d600; border-color: #97d600; color: #303036; }
partners/emily-atkin.html	102	lime	var:--lime	text	color		light	V1 text/icon/stroke on light	.act-label	var(--color-accent-on-light) (olive #5d7400)	.act-label { font-size: 11px; font-weight: 700; letter-spacing: 0.15em; text-transform: uppercase; color: var(
partners/emily-atkin.html	132	lime	literal	stroke	border-color	:hover	light	V1 text/icon/stroke on light	.pill.platform:hover	var(--color-accent-on-light) (olive #5d7400) (underline/border: same)	.pill.platform:hover { background: #97d600; border-color: #97d600; color: #303036; }
partners/icfj.html	74	lime	var:--lime	text	color		light	V1 text/icon/stroke on light	.act-label	var(--color-accent-on-light) (olive #5d7400)	.act-label { font-size: 11px; font-weight: 700; letter-spacing: 0.15em; text-transform: uppercase; color: var(
partners/icfj.html	89	lime	literal	stroke	border-color	:hover	light	V1 text/icon/stroke on light	.pill.platform:hover	var(--color-accent-on-light) (olive #5d7400) (underline/border: same)	.pill.platform:hover { background: #97d600; border-color: #97d600; color: #303036; }
partners/iij.html	69	lime	var:--lime	text	color		light	V1 text/icon/stroke on light	.act-label	var(--color-accent-on-light) (olive #5d7400)	.act-label { font-size: 11px; font-weight: 700; letter-spacing: 0.15em; text-transform: uppercase; color: var(
partners/jessica-stahl.html	63	lime	var:--lime	text	color		light	V1 text/icon/stroke on light	.act-label	var(--color-accent-on-light) (olive #5d7400)	.act-label { font-size: 11px; font-weight: 700; letter-spacing: 0.15em; text-transform: uppercase; color: var(
partners/jessica-stahl.html	77	lime	literal	stroke	border-color	:hover	light	V1 text/icon/stroke on light	.pill.platform:hover	var(--color-accent-on-light) (olive #5d7400) (underline/border: same)	.pill.platform:hover { background: #97d600; border-color: #97d600; color: #303036; }
partners/joon-lee.html	38	lime	var:--lime	text	color		light	V1 text/icon/stroke on light	.act-label	var(--color-accent-on-light) (olive #5d7400)	.act-label{font-size:11px;font-weight:700;letter-spacing:0.15em;text-transform:uppercase;color:var(--lime);whi
partners/joon-lee.html	51	lime	literal	stroke	border-color	:hover	light	V1 text/icon/stroke on light	.pill.platform:hover	var(--color-accent-on-light) (olive #5d7400) (underline/border: same)	.pill.platform:hover{background:#97d600;border-color:#97d600;color:#303036;}
partners/karen-attiah.html	37	lime	var:--lime	text	color		light	V1 text/icon/stroke on light	.act-label	var(--color-accent-on-light) (olive #5d7400)	.act-label{font-size:11px;font-weight:700;letter-spacing:0.15em;text-transform:uppercase;color:var(--lime);whi
partners/karen-attiah.html	50	lime	literal	stroke	border-color	:hover	light	V1 text/icon/stroke on light	.pill.platform:hover	var(--color-accent-on-light) (olive #5d7400) (underline/border: same)	.pill.platform:hover{background:#97d600;border-color:#97d600;color:#303036;}
partners/knowledge-creators.html	46	lime	var:--lime	text	color		light	V1 text/icon/stroke on light	.act-label	var(--color-accent-on-light) (olive #5d7400)	.act-label{font-size:11px;font-weight:700;letter-spacing:0.15em;text-transform:uppercase;color:var(--lime);whi
partners/knowledge-creators.html	59	lime	literal	stroke	border-color	:hover	light	V1 text/icon/stroke on light	.pill.platform:hover	var(--color-accent-on-light) (olive #5d7400) (underline/border: same)	.pill.platform:hover{background:#97d600;border-color:#97d600;color:#303036;}
partners/natgeo.html	37	lime	var:--lime	text	color		light	V1 text/icon/stroke on light	.act-label	var(--color-accent-on-light) (olive #5d7400)	.act-label{font-size:11px;font-weight:700;letter-spacing:0.15em;text-transform:uppercase;color:var(--lime);whi
partners/natgeo.html	50	lime	literal	stroke	border-color	:hover	light	V1 text/icon/stroke on light	.pill.platform:hover	var(--color-accent-on-light) (olive #5d7400) (underline/border: same)	.pill.platform:hover{background:#97d600;border-color:#97d600;color:#303036;}
partners/news-creator-corps.html	71	lime	var:--lime	text	color		light	V1 text/icon/stroke on light	.act-label	var(--color-accent-on-light) (olive #5d7400)	.act-label { font-size: 11px; font-weight: 700; letter-spacing: 0.15em; text-transform: uppercase; color: var(
partners/news-creator-corps.html	88	lime	literal	stroke	border-color	:hover	light	V1 text/icon/stroke on light	.pill.platform:hover	var(--color-accent-on-light) (olive #5d7400) (underline/border: same)	.pill.platform:hover { background: #97d600; border-color: #97d600; color: #303036; }
partners/nj-lab.html	353	acid	literal	stroke	border		mixed	V1 text/icon/stroke on light	.cta-primary	var(--color-accent-on-light) (olive #5d7400) (underline/border: same)	background: #ceff00; color: #303036; border: 1.5px solid #ceff00;
partners/nj-lab.html	355	lime	var:--color-lime-green	stroke	border-color	:hover	light	V1 text/icon/stroke on light	.cta-primary:hover	var(--color-accent-on-light) (olive #5d7400) (underline/border: same)	.cta-primary:hover { background: var(--color-lime-green); border-color: var(--color-lime-green); }
partners/nj-lab.html	642	acid	literal	text	color		mixed	V1 text/icon/stroke on light	<a> (inline)	var(--color-accent-on-light) (olive #5d7400)	<span style="font-family:'DM Mono',monospace;font-size:9px;letter-spacing:0.12em;text-transform:uppercase;colo
partners/njlab.html	353	acid	literal	stroke	border		mixed	V1 text/icon/stroke on light	.cta-primary	var(--color-accent-on-light) (olive #5d7400) (underline/border: same)	background: #ceff00; color: #303036; border: 1.5px solid #ceff00;
partners/njlab.html	355	lime	var:--color-lime-green	stroke	border-color	:hover	light	V1 text/icon/stroke on light	.cta-primary:hover	var(--color-accent-on-light) (olive #5d7400) (underline/border: same)	.cta-primary:hover { background: var(--color-lime-green); border-color: var(--color-lime-green); }
partners/njlab.html	643	acid	literal	text	color		mixed	V1 text/icon/stroke on light	<a> (inline)	var(--color-accent-on-light) (olive #5d7400)	<span style="font-family:'DM Mono',monospace;font-size:9px;letter-spacing:0.12em;text-transform:uppercase;colo
partners/noah-smith.html	54	lime	var:--lime	text	color		light	V1 text/icon/stroke on light	.act-label	var(--color-accent-on-light) (olive #5d7400)	.act-label { font-size: 11px; font-weight: 700; letter-spacing: 0.15em; text-transform: uppercase; color: var(
partners/noah-smith.html	71	lime	literal	stroke	border-color	:hover	light	V1 text/icon/stroke on light	.pill.platform:hover	var(--color-accent-on-light) (olive #5d7400) (underline/border: same)	.pill.platform:hover { background: #97d600; border-color: #97d600; color: #303036; }
partners/rahim-jessani.html	54	lime	var:--lime	text	color		light	V1 text/icon/stroke on light	.act-label	var(--color-accent-on-light) (olive #5d7400)	.act-label { font-size: 11px; font-weight: 700; letter-spacing: 0.15em; text-transform: uppercase; color: var(
partners/rahim-jessani.html	71	lime	literal	stroke	border-color	:hover	light	V1 text/icon/stroke on light	.pill.platform:hover	var(--color-accent-on-light) (olive #5d7400) (underline/border: same)	.pill.platform:hover { background: #97d600; border-color: #97d600; color: #303036; }
pulse.html	147	lime	literal	text	color	:hover	light	V1 text/icon/stroke on light	.audience-bridge-link:hover	var(--color-accent-on-light) (olive #5d7400)	.audience-bridge-link:hover { color: #97d600; }
pulse.html	227	acid	literal	stroke	border-color	.active	mixed	V1 text/icon/stroke on light	.signal-tab.active	var(--color-accent-on-light) (olive #5d7400) (underline/border: same)	.signal-tab.active { color: #111111; background: #ceff00; border-color: #ceff00; }
pulse.html	244	acid	literal	stroke	border-top		light	V1 text/icon/stroke on light	.archive-header	var(--color-accent-on-light) (olive #5d7400) (underline/border: same)	.archive-header { background: #ffffff; border-top: 3px solid #ceff00; border-bottom: 1px solid #d4d4d8; paddin
pulse.html	250	lime	literal	text	color	:hover	light	V1 text/icon/stroke on light	.archive-method a:hover	var(--color-accent-on-light) (olive #5d7400)	.archive-method a:hover { color: #97d600; }
pulse.html	409	lime	literal	stroke	border-color	.active	light	V1 text/icon/stroke on light	.beat-pill.active	var(--color-accent-on-light) (olive #5d7400) (underline/border: same)	border-color: #97d600;
pulse.html	713	lime	literal	stroke	border-bottom-color	.active	light	V1 text/icon/stroke on light	.analysis-tab.active	var(--color-accent-on-light) (olive #5d7400) (underline/border: same)	.analysis-tab.active { color: #5d7400; border-bottom-color: #97d600; }
pulse.html	806	lime	literal	stroke	border-color	:hover	light	V1 text/icon/stroke on light	.beat-more-btn:hover	var(--color-accent-on-light) (olive #5d7400) (underline/border: same)	.beat-more-btn:hover { color: #5d7400; border-color: #97d600; }
pulse.html	962	lime	literal	stroke	text-decoration-color	:hover	light	V1 text/icon/stroke on light	a.intel-post-link:hover	var(--color-accent-on-light) (olive #5d7400) (underline/border: same)	a.intel-post-link:hover { color: #5d7400; text-decoration-color: #97d600; }
pulse.html	983	lime	literal	text	color		light	V1 text/icon/stroke on light	.intel-bullet::before	var(--color-accent-on-light) (olive #5d7400)	color: #97d600;
pulse.html	1043	lime	literal	stroke	border-left		light	V1 text/icon/stroke on light	.city-spotlight-card	var(--color-accent-on-light) (olive #5d7400) (underline/border: same)	.city-spotlight-card { background: #f4f4f6; border: 1px solid #e0e0e0; border-left: 4px solid #97d600; border-
research.html	423	lime	literal	stroke	border-color	:hover	light	V1 text/icon/stroke on light	.pub-card:hover	var(--color-accent-on-light) (olive #5d7400) (underline/border: same)	border-color: #97d600;
research.html	528	lime	literal	stroke	border-color	:hover	light	V1 text/icon/stroke on light	.press-chip:hover	var(--color-accent-on-light) (olive #5d7400) (underline/border: same)	border-color: #97d600;
research.html	681	lime	literal	stroke	border		light	V1 text/icon/stroke on light	.btn-acid	var(--color-accent-on-light) (olive #5d7400) (underline/border: same)	border: 1px solid #97d600;
search.html	495	acid	literal	stroke	border-color	.active	light	V1 text/icon/stroke on light	.field-dim-btn.active	var(--color-accent-on-light) (olive #5d7400) (underline/border: same)	color: #111; background: #ceff00; border-color: #ceff00;
submit-thanks.html	134	acid	var:--acid-green	text	color		light	V1 text/icon/stroke on light	.next-steps li:before	var(--color-accent-on-light) (olive #5d7400)	color: var(--acid-green);
updates.html	113	acid	var:--acid-green	text	color		light	V1 text/icon/stroke on light	.benefits-list li:before	var(--color-accent-on-light) (olive #5d7400)	color: var(--acid-green);
who-we-are.html	201	lime	literal	stroke	border-bottom-color		light	V1 text/icon/stroke on light	.about-subnav-link--active	var(--color-accent-on-light) (olive #5d7400) (underline/border: same)	border-bottom-color: #97d600;
assets/css/header.css	139	lime	var:--focus-ring-light	stroke	outline	:focus	light	V2 focus ring on light	.nav-search:focus	var(--color-focus-on-light) (olive #5d7400)	outline: var(--focus-ring-light);
assets/css/header.css	141	lime	var:--lime-green	stroke	border-color	:focus	light	V2 focus ring on light	.nav-search:focus	var(--color-focus-on-light) (olive #5d7400)	border-color: var(--lime-green);
assets/css/header.css	142	lime	literal	stroke	box-shadow	:focus	light	V2 focus ring on light	.nav-search:focus	var(--color-focus-on-light) (olive #5d7400)	box-shadow: 0 0 0 3px rgba(151, 214, 0, 0.15);
assets/css/main.css	94	lime	var:--focus-ring-light	stroke	outline	:focus	light	V2 focus ring on light	.nav-search:focus	var(--color-focus-on-light) (olive #5d7400)	outline: var(--focus-ring-light);    /* DESIGN-TOKENS-v13.md § Focus State */
assets/css/main.css	96	lime	var:--lime-green	stroke	border-color	:focus	light	V2 focus ring on light	.nav-search:focus	var(--color-focus-on-light) (olive #5d7400)	border-color: var(--lime-green);     /* Light surface — lime only. DESIGN-TOKENS-v13.md § Semantic Color Assig
assets/css/main.css	97	lime	literal	stroke	box-shadow	:focus	light	V2 focus ring on light	.nav-search:focus	var(--color-focus-on-light) (olive #5d7400)	box-shadow: 0 0 0 3px rgba(151, 214, 0, 0.15);
assets/css/main.css	369	lime	var:--focus-ring-light	stroke	outline	:focus	light	V2 focus ring on light	.filter-search:focus	var(--color-focus-on-light) (olive #5d7400)	outline: var(--focus-ring-light);
assets/css/main.css	371	lime	var:--lime-green	stroke	border-color	:focus	light	V2 focus ring on light	.filter-search:focus	var(--color-focus-on-light) (olive #5d7400)	border-color: var(--lime-green);   /* Light surface — lime only */
assets/css/main.css	1972	lime	var:--focus-ring-light	stroke	outline	:focus	light	V2 focus ring on light	.pack-name-input:focus	var(--color-focus-on-light) (olive #5d7400)	outline: var(--focus-ring-light);
assets/css/main.css	1974	lime	var:--lime-green	stroke	border-color	:focus	light	V2 focus ring on light	.pack-name-input:focus	var(--color-focus-on-light) (olive #5d7400)	border-color: var(--lime-green);   /* Light surface — lime only */
atlas-portal/index.html	226	acid	var:--acid-green	stroke	border-color	:focus	light	V2 focus ring on light	ut[type="file"]:focus, input[type="text"]:focus, input[type="email"]:focus, textarea:focus	var(--color-focus-on-light) (olive #5d7400)	border-color: var(--acid-green);
atlas-portal/index.html	227	acid	literal	stroke	box-shadow	:focus	light	V2 focus ring on light	ut[type="file"]:focus, input[type="text"]:focus, input[type="email"]:focus, textarea:focus	var(--color-focus-on-light) (olive #5d7400)	box-shadow: 0 0 0 3px rgba(206, 255, 0, 0.1);
bluesky-creator-intelligence.html	158	lime	var:--lime	stroke	border-color	:focus	light	V2 focus ring on light	.search-input:focus	var(--color-focus-on-light) (olive #5d7400)	.search-input:focus { border-color: var(--lime); }
chicago-survey.html	250	acid	var:--lime	stroke	border-color	:focus	mixed	V2 focus ring on light	input:focus, textarea:focus, select:focus	var(--color-focus-on-light) (olive #5d7400)	border-color: var(--lime);
chicago-survey.html	251	acid	literal	fill	background	:focus	mixed	V2 focus ring on light	input:focus, textarea:focus, select:focus	var(--color-focus-on-light) (olive #5d7400)	background: rgba(206,255,0,0.04);
chicago-survey.html	252	acid	literal	stroke	box-shadow	:focus	mixed	V2 focus ring on light	input:focus, textarea:focus, select:focus	var(--color-focus-on-light) (olive #5d7400)	box-shadow: 0 0 0 3px rgba(206,255,0,0.08);
city-lab-chicago.html	234	lime	literal	stroke	outline	:focus	light	V2 focus ring on light	-visible, .plat-chip:focus-visible, .layer-stat-btn:focus-visible, .view-btn:focus-visible	var(--color-focus-on-light) (olive #5d7400)	.tab-btn:focus-visible, .beats-toggle-btn:focus-visible, .beat-chip:focus-visible, .plat-chip:focus-visible, .
for-brands.html	277	lime	literal	stroke	border-color	:focus	light	V2 focus ring on light	.form-input:focus, .form-textarea:focus	var(--color-focus-on-light) (olive #5d7400)	border-color: #97d600;
for-brands.html	278	lime	literal	stroke	box-shadow	:focus	light	V2 focus ring on light	.form-input:focus, .form-textarea:focus	var(--color-focus-on-light) (olive #5d7400)	box-shadow: 0 0 0 2px rgba(151,214,0,0.15);
index.html	349	lime	literal	stroke	border-color	:focus	light	V2 focus ring on light	.db-filter-input:focus	var(--color-focus-on-light) (olive #5d7400)	.db-filter-input:focus { border-color: #97d600; }
partners/_shell.html	59	lime	var:--lime	stroke	outline	:focus	light	V2 focus ring on light	.site-nav-link:focus-visible	var(--color-focus-on-light) (olive #5d7400)	.site-nav-link:focus-visible { outline: 2px solid var(--lime); outline-offset: 2px; }
partners/_shell.html	151	lime	var:--lime	stroke	outline	:focus	light	V2 focus ring on light	.card-link:focus-visible	var(--color-focus-on-light) (olive #5d7400)	.card-link:focus-visible { outline: 2px solid var(--lime); outline-offset: 2px; }
partners/_shell.html	208	lime	var:--lime	stroke	outline	:focus	light	V2 focus ring on light	.atlas-footer-btn:focus-visible	var(--color-focus-on-light) (olive #5d7400)	.atlas-footer-btn:focus-visible { outline: 2px solid var(--lime); outline-offset: 2px; }
partners/ahp.html	116	lime	var:--lime	stroke	outline	:focus	light	V2 focus ring on light	.chip:focus-visible	var(--color-focus-on-light) (olive #5d7400)	.chip:focus-visible { outline: 2px solid var(--lime); outline-offset: 2px; }
partners/ahp.html	191	lime	var:--lime	stroke	outline	:focus	light	V2 focus ring on light	.card-link:focus-visible	var(--color-focus-on-light) (olive #5d7400)	.card-link:focus-visible { outline: 2px solid var(--lime); outline-offset: 2px; }
partners/ahp.html	246	lime	var:--lime	stroke	outline	:focus	light	V2 focus ring on light	.atlas-footer-btn:focus-visible	var(--color-focus-on-light) (olive #5d7400)	.atlas-footer-btn:focus-visible { outline: 2px solid var(--lime); outline-offset: 2px; }
partners/cillizza.html	112	lime	var:--lime	stroke	outline	:focus	light	V2 focus ring on light	.chip:focus-visible	var(--color-focus-on-light) (olive #5d7400)	.chip:focus-visible { outline: 2px solid var(--lime); outline-offset: 2px; }
partners/cillizza.html	179	lime	var:--lime	stroke	outline	:focus	light	V2 focus ring on light	.card-link:focus-visible	var(--color-focus-on-light) (olive #5d7400)	.card-link:focus-visible { outline: 2px solid var(--lime); outline-offset: 2px; }
partners/cillizza.html	238	lime	var:--lime	stroke	outline	:focus	light	V2 focus ring on light	.atlas-footer-btn:focus-visible	var(--color-focus-on-light) (olive #5d7400)	.atlas-footer-btn:focus-visible { outline: 2px solid var(--lime); outline-offset: 2px; }
partners/emily-atkin.html	143	lime	var:--lime	stroke	outline	:focus	light	V2 focus ring on light	.card-link:focus-visible	var(--color-focus-on-light) (olive #5d7400)	.card-link:focus-visible { outline: 2px solid var(--lime); outline-offset: 2px; }
partners/emily-atkin.html	186	lime	var:--lime	stroke	outline	:focus	light	V2 focus ring on light	.atlas-footer-btn:focus-visible	var(--color-focus-on-light) (olive #5d7400)	.atlas-footer-btn:focus-visible { outline: 2px solid var(--lime); outline-offset: 2px; }
partners/icfj.html	70	lime	var:--lime	stroke	outline	:focus	light	V2 focus ring on light	.chip:focus-visible	var(--color-focus-on-light) (olive #5d7400)	.chip:focus-visible { outline: 2px solid var(--lime); outline-offset: 2px; }
partners/icfj.html	94	lime	var:--lime	stroke	outline	:focus	light	V2 focus ring on light	.card-link:focus-visible	var(--color-focus-on-light) (olive #5d7400)	.card-link:focus-visible { outline: 2px solid var(--lime); outline-offset: 2px; }
partners/icfj.html	124	lime	var:--lime	stroke	outline	:focus	light	V2 focus ring on light	.atlas-footer-btn:focus-visible	var(--color-focus-on-light) (olive #5d7400)	.atlas-footer-btn:focus-visible { outline: 2px solid var(--lime); outline-offset: 2px; }
partners/iij.html	65	lime	var:--lime	stroke	outline	:focus	light	V2 focus ring on light	.chip:focus-visible	var(--color-focus-on-light) (olive #5d7400)	.chip:focus-visible { outline: 2px solid var(--lime); outline-offset: 2px; }
partners/iij.html	85	lime	var:--lime	stroke	outline	:focus	light	V2 focus ring on light	.card-link:focus-visible	var(--color-focus-on-light) (olive #5d7400)	.card-link:focus-visible { outline: 2px solid var(--lime); outline-offset: 2px; }
partners/iij.html	115	lime	var:--lime	stroke	outline	:focus	light	V2 focus ring on light	.atlas-footer-btn:focus-visible	var(--color-focus-on-light) (olive #5d7400)	.atlas-footer-btn:focus-visible { outline: 2px solid var(--lime); outline-offset: 2px; }
partners/jessica-stahl.html	59	lime	var:--lime	stroke	outline	:focus	light	V2 focus ring on light	.chip:focus-visible	var(--color-focus-on-light) (olive #5d7400)	.chip:focus-visible { outline: 2px solid var(--lime); outline-offset: 2px; }
partners/jessica-stahl.html	82	lime	var:--lime	stroke	outline	:focus	light	V2 focus ring on light	.card-link:focus-visible	var(--color-focus-on-light) (olive #5d7400)	.card-link:focus-visible { outline: 2px solid var(--lime); outline-offset: 2px; }
partners/jessica-stahl.html	109	lime	var:--lime	stroke	outline	:focus	light	V2 focus ring on light	.atlas-footer-btn:focus-visible	var(--color-focus-on-light) (olive #5d7400)	.atlas-footer-btn:focus-visible { outline: 2px solid var(--lime); outline-offset: 2px; }
partners/knowledge-creators.html	43	lime	var:--lime	stroke	outline	:focus	light	V2 focus ring on light	.chip:focus-visible	var(--color-focus-on-light) (olive #5d7400)	.chip:focus-visible{outline:2px solid var(--lime);outline-offset:2px;}
partners/news-creator-corps.html	66	lime	var:--lime	stroke	outline	:focus	light	V2 focus ring on light	.chip:focus-visible	var(--color-focus-on-light) (olive #5d7400)	.chip:focus-visible { outline: 2px solid var(--lime); outline-offset: 2px; }
partners/news-creator-corps.html	93	lime	var:--lime	stroke	outline	:focus	light	V2 focus ring on light	.card-link:focus-visible	var(--color-focus-on-light) (olive #5d7400)	.card-link:focus-visible { outline: 2px solid var(--lime); outline-offset: 2px; }
partners/news-creator-corps.html	124	lime	var:--lime	stroke	outline	:focus	light	V2 focus ring on light	.atlas-footer-btn:focus-visible	var(--color-focus-on-light) (olive #5d7400)	.atlas-footer-btn:focus-visible { outline: 2px solid var(--lime); outline-offset: 2px; }
partners/nj-lab.html	365	lime	literal	stroke	outline	:focus	light	V2 focus ring on light	.filter-chip:focus-visible, .cta-btn:focus-visible	var(--color-focus-on-light) (olive #5d7400)	outline: 2px solid #97d600;
partners/njlab.html	365	lime	literal	stroke	outline	:focus	light	V2 focus ring on light	.filter-chip:focus-visible, .cta-btn:focus-visible	var(--color-focus-on-light) (olive #5d7400)	outline: 2px solid #97d600;
partners/noah-smith.html	76	lime	var:--lime	stroke	outline	:focus	light	V2 focus ring on light	.card-link:focus-visible	var(--color-focus-on-light) (olive #5d7400)	.card-link:focus-visible { outline: 2px solid var(--lime); outline-offset: 2px; }
partners/noah-smith.html	107	lime	var:--lime	stroke	outline	:focus	light	V2 focus ring on light	.atlas-footer-btn:focus-visible	var(--color-focus-on-light) (olive #5d7400)	.atlas-footer-btn:focus-visible { outline: 2px solid var(--lime); outline-offset: 2px; }
partners/rahim-jessani.html	76	lime	var:--lime	stroke	outline	:focus	light	V2 focus ring on light	.card-link:focus-visible	var(--color-focus-on-light) (olive #5d7400)	.card-link:focus-visible { outline: 2px solid var(--lime); outline-offset: 2px; }
partners/rahim-jessani.html	106	lime	var:--lime	stroke	outline	:focus	light	V2 focus ring on light	.atlas-footer-btn:focus-visible	var(--color-focus-on-light) (olive #5d7400)	.atlas-footer-btn:focus-visible { outline: 2px solid var(--lime); outline-offset: 2px; }
for-brands.html	60	acid	literal	fill	background		dark	V3 fill with non-black/step-6 text	.btn-primary	set text to #000 or var(--gray-cool-6)	display: inline-block; background: #ceff00; color: #111111;
for-brands.html	132	lime	literal	fill	background		light	V3 fill with non-black/step-6 text	.compare-th--right	set text to #000 or var(--gray-cool-6)	.compare-th--right { background: #97d600; color: #111111; border-left: 1px solid #7ab000; border-bottom: 3px s
for-brands.html	282	lime	literal	fill	background		light	V3 fill with non-black/step-6 text	.form-submit	set text to #000 or var(--gray-cool-6)	background: #97d600; color: #111111;
for-brands.html	338	acid	literal	fill	background		dark	V3 fill with non-black/step-6 text	.bf-submit	set text to #000 or var(--gray-cool-6)	background: #ceff00; color: #111111;
for-brands.html	445	acid	literal	fill	background		mixed	V3 fill with non-black/step-6 text	.bx-chip--active	set text to #000 or var(--gray-cool-6)	.bx-chip--active { color: #111; background: #ceff00; border-color: #ceff00; font-weight: 700; box-shadow: 0 0 
pulse.html	227	acid	literal	fill	background	.active	mixed	V3 fill with non-black/step-6 text	.signal-tab.active	set text to #000 or var(--gray-cool-6)	.signal-tab.active { color: #111111; background: #ceff00; border-color: #ceff00; }
search.html	495	acid	literal	fill	background	.active	light	V3 fill with non-black/step-6 text	.field-dim-btn.active	set text to #000 or var(--gray-cool-6)	color: #111; background: #ceff00; border-color: #ceff00;
