slug,creator_name,creator_channel,platform_primary,topic,tier,bsky_handle,bsky_display_name,bsky_followers,bsky_description,match_score,match_confidence,bsky_profile_url,reviewer_decision,notes
Amber McDaniel,Amber McDaniel,Sustainable Jungle,Website,Climate/Environment,1,amber-mcdaniel.bsky.social,Amber McDaniel,0,,6,HIGH,https://bsky.app/profile/amber-mcdaniel.bsky.social,,
amy-westervelt,Amy Westervelt,Drilled,Newsletter - Ghost,"Climate/Environment, Energy",1,amywestervelt.bsky.social,Amy Westervelt,0,"Investigative climate reporter. Ida Tarbell stan. Run Drilled.media, contrib lots of places. Writing a book on corporate",8,HIGH,https://bsky.app/profile/amywestervelt.bsky.social,,
andrew-sage,Andrew Sage,Andrewism,Video - YouTube,Politics,1,andrewsage.bsky.social,Andrew Sage (Andrewism),0,🇹🇹・solarpunk Ⓐ🏴・youtuber・artist・writer・he/him,6,HIGH,https://bsky.app/profile/andrewsage.bsky.social,,
angela-denker,Angela Denker,I'm Listening,Newsletter - Substack,Faith/Religion,1,angeladenker.bsky.social,Rev. Angela Denker,0,author of DISCIPLES OF WHITE JESUS March '25 | RED STATE CHRISTIANS '22 + '19 | https://angeladenker.substack.com | mom ,6,HIGH,https://bsky.app/profile/angeladenker.bsky.social,,
anna-fifield,Anna Fifield,Anna Fifield NZ,Newsletter - Substack,World,1,annafifield.bsky.social,Anna Fifield,0,Independent New Zealand journalist and foreign affairs analyst.,7,HIGH,https://bsky.app/profile/annafifield.bsky.social,,
betsy-ladyzhets,Betsy Ladyzhets,The Sick Times,Website,Health/Wellness,1,betsyladyzhets.bsky.social,betsy ladyzhets 😷,0,"editor/co-founder @thesicktimes.org | journalist covering Long COVID & related crises | she/her/🏳️‍🌈

email: betsy@thesi",6,HIGH,https://bsky.app/profile/betsyladyzhets.bsky.social,,
bill-mckibben,Bill McKibben,The Crucial Years,Newsletter - Substack,"Climate/Environment, Politics, Government Accountability, Activism",1,billmckibben.bsky.social,Bill McKibben,0,"Founder 350.org and Third Act, author The Crucial Years on substack https://billmckibben.substack.com/
Author of 21 book",6,HIGH,https://bsky.app/profile/billmckibben.bsky.social,,
brian-merchant,Brian Merchant,Blood in the Machine,Newsletter - Substack,Tech,1,bcmerchant.bsky.social,Brian Merchant,0,"author of Blood in the Machine, tech writer, luddite

newsletter: https://www.bloodinthemachine.com/

books: https://www",6,HIGH,https://bsky.app/profile/bcmerchant.bsky.social,,
bridget-todd,Bridget Todd,Bridget Todd,Social - Instagram,Tech,1,bridgettodd.bsky.social,Bridget Todd,0,"I make podcasts about tech, identity, and the internet.

Creator: There Are No Girls on the Internet podcast on iHeartRa",7,HIGH,https://bsky.app/profile/bridgettodd.bsky.social,,
britt-wray,Britt Wray,Unthinkable,Newsletter - Substack,Climate/Environment,1,brittwray.bsky.social,Britt Wray,0,"Researching the rise of climate distress and how to channel it for action and resilience.
Director of CIRCLE at Stanford",7,HIGH,https://bsky.app/profile/brittwray.bsky.social,,
david-zipper,David Zipper,Paved with Good Intentions,Newsletter - Other,Transportation,1,davidzipper.bsky.social,David Zipper,0,"Thinking, writing, and speaking about transport, cities, and tech. Contributing Writer @ Bloomberg and cohost @ Look Bot",7,HIGH,https://bsky.app/profile/davidzipper.bsky.social,,
dean-baker,Dean Baker,Beat the Press,Patreon,Finance/Economics,1,deanbaker13.bsky.social,Dean Baker,0,Economist at the Center for Economic Research. Father to two dogs. ,6,HIGH,https://bsky.app/profile/deanbaker13.bsky.social,,
derek-lowe,Derek Lowe,In the Pipeline,Website,Science,1,dereklowe.bsky.social,Derek Lowe,0,"Medicinal chemist / chemical biologist, author of “In the Pipeline” at http://science.org/blogs/pipeline. derekb.lowe@gm",7,HIGH,https://bsky.app/profile/dereklowe.bsky.social,,
devory-darkins,DeVory Darkins,DeVory Darkins,Podcast,Politics,1,devorydarkins.bsky.social,DeVory Darkins,0,"God, Family, and Country First. Common Sense Commentary for Uncommon Times. Host of The DeVory Darkins Show. Husband, Fa",6,HIGH,https://bsky.app/profile/devorydarkins.bsky.social,,
ed-yong,Ed Yong,Ed Yong,Newsletter - Buttondown,Science,1,edyong209.bsky.social,Ed Yong,0,"Writer, journalist. Science, health. Pandemics, animals. Birder, photographer. Many words, some awards. AN IMMENSE WORLD",8,HIGH,https://bsky.app/profile/edyong209.bsky.social,,
elisabeth-bik,Elisabeth Bik,Science Integrity Digest,Website,Science,1,elisabethbik.bsky.social,Elisabeth Bik,0,"Science integrity consultant and crowdfunded volunteer, PhD.
Ex-Stanford University. Maddox Prize/Einstein F Award winne",7,HIGH,https://bsky.app/profile/elisabethbik.bsky.social,,
emily-atkin,Emily Atkin,Heated,Newsletter - Substack,Climate/Environment,1,emorwee.bsky.social,Emily Atkin,0,"I run HEATED, a weekly newsletter and podcast devoted to climate accountability reporting and opinion. Philly-based. She",6,HIGH,https://bsky.app/profile/emorwee.bsky.social,,
garth-greenwell,Garth Greenwell,To a Green Thought,Newsletter - Substack,Books/Writing,1,garthgreenwell.bsky.social,Garth Greenwell,0,"What Belongs to You, Cleanness, & Small Rain | 2025 PEN/Faulkner Award | Eeyore at the gay club | https://garthgreenwell",6,HIGH,https://bsky.app/profile/garthgreenwell.bsky.social,,
jack-murphy,Jack Murphy,The High Side,Newsletter - Substack,Foreign Policy,1,jackmurphyrgr.bsky.social,Jack Murphy,0,"National security journalist: https://thehighside.substack.com

Host on @theteamhouse.bsky.social‬

Military Thriller, T",7,HIGH,https://bsky.app/profile/jackmurphyrgr.bsky.social,,
james-carr,James Carr,East Atlanta Anthem,Newsletter - Other,Local,1,james-carr.org,James Carr,0,"Hard of hearing, technologist, advisor and heir to the Carr’s Cracker fortune.",6,HIGH,https://bsky.app/profile/james-carr.org,,
james-carr,James Carr,East Atlanta Anthem,Newsletter - Other,Local,1,james-carr.bsky.social,James Carr,0,"Associate Professor in Sociology, University of Limerick. Researching anti-Muslim Racism in Ireland. PI: SALAAM Project ",6,HIGH,https://bsky.app/profile/james-carr.bsky.social,,
jane-friedman,Jane Friedman,Jane Friedman,Newsletter - Other,"Books/Writing, Media/Power",1,janefriedman.com,Jane Friedman,0,"I report on the publishing industry through my paid newsletter, The Bottom Line, and educate writers on the business of ",7,HIGH,https://bsky.app/profile/janefriedman.com,,
jemar-tisby,Jemar Tisby,Footnotes,Newsletter - Substack,Faith/Religion,1,jemartisby.skystack.xyz,Footnotes by Jemar Tisby,0,"Offering historically informed perspectives on race, faith, and social issues to help you become a lifelong advocate for",6,HIGH,https://bsky.app/profile/jemartisby.skystack.xyz,,
jessica-huseman,Jessica Huseman,Votebeat,Website,Politics,1,jessicahuseman.bsky.social,Jessica Huseman,0,"Editorial director at Votebeat, managing special projects and newsroom enthusiasm. Finding joy everywhere. Prev: ProPubl",7,HIGH,https://bsky.app/profile/jessicahuseman.bsky.social,,
john-russell,John Russell,The Holler,Social - Instagram,Local,1,johnrussell40.bsky.social,John Russell,0,"A Yorkshireman in Devon, growing trees. Retired filmmaker. GS heat pump, solar thermal, PV, MVHR and EV user. Prioritisi",6,HIGH,https://bsky.app/profile/johnrussell40.bsky.social,,
jordan-chariton,Jordan Chariton,Status Coup,Newsletter - Substack,Immigration,1,jordanchariton.bsky.social,Jordan Chariton,0,"Reporter, StatusCoup News | Award-Winning Author: ""We the Poisoned: Exposing the Flint Water Cover Up"" | Support ON THE ",7,HIGH,https://bsky.app/profile/jordanchariton.bsky.social,,
julia-angwin,Julia Angwin,Proof News,Website,Tech,1,juliaangwin.com,Julia Angwin,0,"Pre-order: ON COURAGE: HOW TO BE A DISSIDENT IN AN AGE OF FEAR  (6/30 HarperCollins) tinyurl.com/yxpvn488

NYTimes Opini",7,HIGH,https://bsky.app/profile/juliaangwin.com,,
kai-kupferschmidt,Kai Kupferschmidt,Kai Kupferschmidt,Social - BlueSky,Science,1,kakape.bsky.social,Kai Kupferschmidt,0,"science journalist. author. molecular biologist. curious.
interested in #microbes, #misinformation and all things #blue
",6,HIGH,https://bsky.app/profile/kakape.bsky.social,,
kate-schneider,Kate Schneider,Kidtivity,Newsletter - Substack,"Parenting, Things to Do",1,kateschneider.bsky.social,Kate Schneider,0,"陳麗姬, data journalist @news.sky.com 📊, 🇨🇦 in 🇬🇧, she/her

got a tip? 📩 kate.schneider@sky.uk or message on signal at kate",7,HIGH,https://bsky.app/profile/kateschneider.bsky.social,,
katelyn-burns,Katelyn Burns,Burns Notice,Newsletter - Ghost,"LGBTQIA, Internet Culture, Politics",1,katelynburns.com,Katelyn Burns,0,"Freelance journalist. @ms.now and Xtra Magazine columnist. Co-founder: The Flytrap. Cancel Me, Daddy podcast co-host. Fo",7,HIGH,https://bsky.app/profile/katelynburns.com,,
katherine-stewart,Katherine Stewart,Katherine Stewart,Newsletter - Substack,Faith/Religion,1,katherinestewart.bsky.social,Katherine Stewart,0,"Money, Lies, and God; The Power Worshippers & other books
@nytopinion.nytimes.com, @newrepublic.com etc 
Katherinestewar",6,HIGH,https://bsky.app/profile/katherinestewart.bsky.social,,
katherine-stewart,Katherine Stewart,Katherine Stewart,Newsletter - Substack,Faith/Religion,1,katherine-stewart.bsky.social,Katherine Stewart,0,she/her,6,HIGH,https://bsky.app/profile/katherine-stewart.bsky.social,,
keren-landman,Keren Landman,Landmansplained,Newsletter - Substack,"Health/Wellness, Science, Mental Health",1,landmanspeaking.bsky.social,Keren Landman,0,"public health/medicine reporter | epidemiologist, ID doc | health misinfo, @soljourno, Southern stuff | Signal: kerenlan",6,HIGH,https://bsky.app/profile/landmanspeaking.bsky.social,,
kingsmill-bond,Kingsmill Bond,The Electrotech Revolution,Newsletter - Substack,Climate/Environment,1,kingsmillbond.bsky.social,Kingsmill Bond,0,Energy strategist @ember-energy.org,6,HIGH,https://bsky.app/profile/kingsmillbond.bsky.social,,
leah-stokes,Leah Stokes,A Matter of Degrees,Podcast,Climate/Environment,1,leahstokes.bsky.social,Leah Stokes,0,"Professor of climate + energy policy at UCSB. Alumni of MIT, Columbia and UToronto. Hosts ""A Matter of Degrees"" podcast.",7,HIGH,https://bsky.app/profile/leahstokes.bsky.social,,
lee-drutman,Lee Drutman,Undercurrent Events,Newsletter - Substack,Politics,1,leedrutman.bsky.social,Lee Drutman,0,"Political scientist. 
- Substack: https://leedrutman.substack.com
- Podcast: http://politicsinquestion.com 
- Senior Fel",7,HIGH,https://bsky.app/profile/leedrutman.bsky.social,,
liz-neeley,Liz Neeley,Meeting the Moment,Newsletter - Buttondown,"Science, Education, Politics, Climate/Environment, Explanatory",1,lizneeley.bsky.social,Liz Neeley,0,Founder of Liminal (LiminalCreations.com) & co-founder of Unbreaking (Unbreaking.org) Focused on turning knowledge into ,6,HIGH,https://bsky.app/profile/lizneeley.bsky.social,,
marcus-cleaver,Marcus Cleaver,UK Law Weekly,Newsletter - Substack,Law/Legal Issues,1,marcuscleaver.bsky.social,Marcus Cleaver,0,Host of the UK Law Weekly podcast but you will find me mostly posting about baseball and Magic: The Gathering.,6,HIGH,https://bsky.app/profile/marcuscleaver.bsky.social,,
mia-mulder,Mia Mulder,Mia Mulder,Video - YouTube,Politics,1,miamulder.bsky.social,Mia Mulder,0,"YouTuber, Political Operator
She/Her
Host of Be Gay Solve Crimes & LeechFest

www.MiaMulder.com
www.BeGaySolveCrimes.com",6,HIGH,https://bsky.app/profile/miamulder.bsky.social,,
michael-hobbes,Michael Hobbes,Maintenance Phase,Podcast,Health/Wellness,1,michaelhobbes.bsky.social,Michael Hobbes,0,"Solitary, poor, nasty, brutish and short.",6,HIGH,https://bsky.app/profile/michaelhobbes.bsky.social,,
michael-shellenberger,Michael Shellenberger,Public,Newsletter - Substack,"Politics, Media/Power",1,mshellenberger.bsky.social,Michael Shellenberger,0,"CBR Chair of Politics, Censorship & Free Speech @UAustinOrg : Dao Journalism Winner : Time, ""Hero of Environment"" : Auth",6,HIGH,https://bsky.app/profile/mshellenberger.bsky.social,,
nathan-robinson,Nathan Robinson,Current Affairs,Website,Politics,1,nathanrobinson.bsky.social,Nathan Robinson,0,"I post about building software, RE, AI, & architecture

http://Plotzy.ai - CRE Prospecting 
http://ArchitectureHelper.co",6,HIGH,https://bsky.app/profile/nathanrobinson.bsky.social,,
parker-molloy,Parker Molloy,The Present Age,Newsletter - Substack,Internet Culture,1,parkermolloy.com,Parker Molloy,0,"I write the media/internet/culture/politics/whatever newsletter The Present Age: www.readtpa.com

Chicagoan / wife of @k",8,HIGH,https://bsky.app/profile/parkermolloy.com,,
popville,Popville,Popville,Social - Twitter / X,General News,1,popville.bsky.social,PoPville,0,Chronicling the happenings in Washington D.C.’s neighborhoods since 2006. Founder: Dan Silverman princeofpetworth@gmail.,6,HIGH,https://bsky.app/profile/popville.bsky.social,,
rachel-donald,Rachel Donald,Planet: Critical,Newsletter - Ghost,"Climate/Environment, Finance/Economics, Politics, World",1,racheldonald.bsky.social,Rachel Donald,0,"I investigate why the world is in crisis: www.planetcritical.com 
I also investigate what to do about it: www.planetcoor",6,HIGH,https://bsky.app/profile/racheldonald.bsky.social,,
rachel-gilmore,Rachel Gilmore,Bubble Pop with Rachel Gilmore,Newsletter - Substack,"Politics, Investigative",1,rachelgilmore.bsky.social,Rachel Gilmore,0,"Your least favourite person's least favourite award-winning journalist✨

Follow for short-form videos on issues that mat",7,HIGH,https://bsky.app/profile/rachelgilmore.bsky.social,,
robert-p-jones,Robert P. Jones,White Too Long / The Convocation,Newsletter - Substack,Faith/Religion,1,robertpjones.bsky.social,Robert P. Jones,0,President and founder of PRRI and NYT bestselling author of Backslide; The Hidden Roots of White Supremacy; White Too Lo,6,HIGH,https://bsky.app/profile/robertpjones.bsky.social,,
robinson-meyer,Robinson Meyer,Heatmap News,Website,Climate/Environment,1,robinsonmeyer.bsky.social,Robinson Meyer,0,"I’m the founding executive editor of Heatmap News, a contributing Opinion writer for The New York Times, and the cohost ",7,HIGH,https://bsky.app/profile/robinsonmeyer.bsky.social,,
sam-seder,Sam Seder,The Majority Report,Podcast,Politics,1,samseder.bsky.social,Sam Seder,0,Host MajorityReport,6,HIGH,https://bsky.app/profile/samseder.bsky.social,,
sarah-mccammon,Sarah McCammon,Off the Air,Newsletter - Substack,"Faith/Religion, Politics",1,sarahmccammon.bsky.social,Sarah McCammon,0,"Host, ‘What It Takes’ Podcast
Senior Fellow, Third Way 
Former NPR Political Correspondent + Co-host, NPR Politics Podca",7,HIGH,https://bsky.app/profile/sarahmccammon.bsky.social,,
sean-naylor,Sean Naylor,The High Side,Newsletter - Substack,Foreign Policy,1,seannaylor.bsky.social,Sean Naylor,0,"Cycling instructor in London, not the American defence writer.",7,HIGH,https://bsky.app/profile/seannaylor.bsky.social,,
skanda-amarnath,Skanda Amarnath,Employ America,Website,Finance/Economics,1,skandaamarnath.bsky.social,Skanda Amarnath,0,"Executive Director of Employ America

Macro / Labor / Finance / Energy / Chart posting",7,HIGH,https://bsky.app/profile/skandaamarnath.bsky.social,,
steven-greenhouse,Steven Greenhouse,Steven Greenhouse,Newsletter - Substack,Labor/Workers Rights,1,greenhousenyt.bsky.social,Steven Greenhouse,0,"Retired New York Times labor reporter, senior fellow Century Foundation, author of Beaten Down, Worked Up: The Past, Pre",6,HIGH,https://bsky.app/profile/greenhousenyt.bsky.social,,
ted-gioia,Ted Gioia,The Honest Broker,Newsletter - Substack,"Books/Writing, Art, Music",1,tedgioia.bsky.social,Ted Gioia,0,"Ted Gioia is author of 12 books, including The History of Jazz and Music: A Subversive History. His newsletter is The Ho",8,HIGH,https://bsky.app/profile/tedgioia.bsky.social,,
teddy-ostrow,Teddy Ostrow,The Upsurge,Newsletter - Substack,Labor/Workers Rights,1,teddyostrow.bsky.social,Teddy Ostrow,0,Journalist covering labor & economics. Host of The Upsurge. Contributor to The Real News. Writing all round. Tips & assi,8,HIGH,https://bsky.app/profile/teddyostrow.bsky.social,,
tod-maffin,Tod Maffin,Far and Wide,Newsletter - Beehiiv,"Politics, Culture",1,todmaffin.com,Tod Maffin 🇨🇦,0,"Your Emotional Support Canadian 🇨🇦 ♥️

📰 𝗡𝗘𝗪𝗦𝗟𝗘𝗧𝗧𝗘𝗥: newsletter.todmaffin.com
👕 𝗠𝗘𝗥𝗖𝗛: shop.todmaffin.com
🎙️ 𝗣𝗢𝗗𝗖𝗔𝗦𝗧: mi",6,HIGH,https://bsky.app/profile/todmaffin.com,,
tom-sietsema,Tom Sietsema,Next Course with Tom Sietsema,Newsletter - Beehiiv,Food,1,tomsietsema.bsky.social,Tom Sietsema,0,I write about restaurants and love/live to travel. Home is DC. The Washington Post is my boss.,6,HIGH,https://bsky.app/profile/tomsietsema.bsky.social,,
van-jackson,Van Jackson,Un-Diplomatic,Newsletter - Substack,Foreign Policy,1,vanjackson.bsky.social,Van Jackson,0,"The class politics of geopolitics. Newsletter, http://Un-Diplomatic.com. Co-host, https://www.BangBangPod.com; https://w",7,HIGH,https://bsky.app/profile/vanjackson.bsky.social,,
vlad,Vlad,A Different Perspective,Newsletter - Substack,"Self-Help, Tech, Culture",1,stevevladeck.bsky.social,Steve Vladeck,0,"@ksvesq.bsky.social’s husband; father of daughters; professor @georgetownlaw.bsky.social; #SCOTUS nerd @CNN.com

Bio: ww",6,HIGH,https://bsky.app/profile/stevevladeck.bsky.social,,
vlad,Vlad,A Different Perspective,Newsletter - Substack,"Self-Help, Tech, Culture",1,vladduthierscbs.bsky.social,Vladimir Duthiers,0,"Featured Host, CBS Mornings, National Correspondent, CBS News, former West Africa correspondent for CNN in Lagos, Nigeri",6,HIGH,https://bsky.app/profile/vladduthierscbs.bsky.social,,
vlad,Vlad,A Different Perspective,Newsletter - Substack,"Self-Help, Tech, Culture",1,vladi.bsky.social,Vlad Savov 🍉,0,"Tech editor, Bloomberg.",6,HIGH,https://bsky.app/profile/vladi.bsky.social,,
yawu-miller,Yawu Miller,The Flipside,Website,Local,1,yawumiller.bsky.social,Yawu Miller,0,Writer and editor,7,HIGH,https://bsky.app/profile/yawumiller.bsky.social,,
addison-del-mastro,Addison Del Mastro,The Deleted Scenes,Newsletter - Substack,"Housing, Design",1,ad-mastro.bsky.social,Addison Del Mastro,0,"Writing with a focus on urbanism, culture, and popular history. I write The Deleted Scenes, a daily, mostly-urbanism new",5,MEDIUM,https://bsky.app/profile/ad-mastro.bsky.social,,
andrew-leach,Andrew Leach,Leach's Occasional Energy Charts,Newsletter - Substack,Climate/Environment,1,aleach.ca,Andrew Leach,0,"Professor of Economics and Law at the University of Alberta. Interested in climate change, constitutional law, and energ",5,MEDIUM,https://bsky.app/profile/aleach.ca,,
andrew-leach,Andrew Leach,Leach's Occasional Energy Charts,Newsletter - Substack,Climate/Environment,1,an-andrew-leach.bsky.social,Andrew Leach Research Group,0,"Follow for updates from Andrew Leach's research group in FBMH at The University of Manchester.

Not the one who wrote th",5,MEDIUM,https://bsky.app/profile/an-andrew-leach.bsky.social,,
andrew-pulrang,Andrew Pulrang,Disability Thinking,Newsletter - Ghost,Identity/Belonging,1,apulrang.bsky.social,Andrew Pulrang,0,"Disability, politics, popular culture. I'm a Baby Boom / Gen X hybrid. #CripTheVote. Freelance disability writing. https",4,MEDIUM,https://bsky.app/profile/apulrang.bsky.social,,
andy-revkin,Andy Revkin,Sustain What,Newsletter - Substack,"Climate/Environment, Science, Media/Power",1,revkin.bsky.social,Andy Revkin  🌎 ✍🏼 🪕 ☮️ revkin.substack.com,0,"40 years of prize-winning sustainability journalism, mostly @nytimes, #sustainwhat webcaster https://revkin.substack.com",4,MEDIUM,https://bsky.app/profile/revkin.bsky.social,,
anthea-butler,Anthea Butler,Under the Desk,Newsletter - Substack,Faith/Religion,1,antheabutler.bsky.social,Prof. Anthea Butler,0,"Geraldine R. Segal Professor of American Social Thought.  Ride or die Eagles fan, traveler and gin drinker. Comedic trut",5,MEDIUM,https://bsky.app/profile/antheabutler.bsky.social,,
aubrey-gordon,Aubrey Gordon,Maintenance Phase,Podcast,Health/Wellness,1,yrfatfriend.bsky.social,Aubrey Gordon,0,Cohost of @maintenancephase.bsky.social. Author of WHAT WE DON'T TALK ABOUT WHEN WE TALK ABOUT FAT and YOU JUST NEED TO ,4,MEDIUM,https://bsky.app/profile/yrfatfriend.bsky.social,,
beth-allison-barr,Beth Allison Barr,Marginalia,Newsletter - Substack,Faith/Religion,1,bethallisonbarr.bsky.social,"Beth Allison Barr, PhD",0,"James Vardaman Professor @Baylor_History; USAToday and NYTimes bestselling author @brazospress; 
Medieval &Women’s histo",5,MEDIUM,https://bsky.app/profile/bethallisonbarr.bsky.social,,
brandon-chew,Brandon Chew,Chew's News,Newsletter - Substack,"Politics, Labor/Workers Rights, Local",1,brandonmichew.bsky.social,Brandon Chew,0,Journalist in Chicago metropolitan area. Read latest stories on my Substack: https://open.substack.com/pub/brandonchew?r,5,MEDIUM,https://bsky.app/profile/brandonmichew.bsky.social,,
brittney-mcnamara,Brittney McNamara,La Fronde,Newsletter - Beehiiv,"Media/Power, Gender",1,brittneymac15.bsky.social,Brittney McNamara,0,Journalist + editor  ✨ Digital @Playboy.com ✨ Editor @lafronde.bsky.social ✨ Pulitzer Center grantee ✨She/her.,5,MEDIUM,https://bsky.app/profile/brittneymac15.bsky.social,,
caroline-criado-perez,Caroline Criado Perez,Invisible Women,Newsletter - Substack,Science,1,ccriadoperez.bsky.social,Caroline Criado Perez,0,"Writer, speaker, author of Invisible Women",5,MEDIUM,https://bsky.app/profile/ccriadoperez.bsky.social,,
casey-lewis,Casey Lewis,After School,Newsletter - Substack,Internet Culture,1,caseymlewis.bsky.social,Casey Lewis,0,"Yes, THE Casey Lewis",4,MEDIUM,https://bsky.app/profile/caseymlewis.bsky.social,,
celine-gounder,Celine Gounder,What I Can & Can't Say on,Newsletter - Substack,Health/Wellness,1,celinegounder.com,Dr. Céline Gounder,0,"MEDICINE / INFECTIOUS DISEASES / EPIDEMIOLOGY / JOURNALISM

🔹 Editor-at-Large for Public Health at @KFFhealthnews.bsky.s",4,MEDIUM,https://bsky.app/profile/celinegounder.com,,
cesar-madison-tapia,Cesar Madison Tapia,Cesar Madison Tapia,Video - TikTok,Politics,1,cjmadison.bsky.social,Cesar Madison Tapia,0,"Simple guy, with complicated goals.",4,MEDIUM,https://bsky.app/profile/cjmadison.bsky.social,,
christian-bryant,Christian Bryant,Christian P. Bryant,Newsletter - Substack,"Culture, Politics",1,cgbryant.bsky.social,Christian Bryant,0,Drinkin’ margaritas at the mall,4,MEDIUM,https://bsky.app/profile/cgbryant.bsky.social,,
farron-cousins,Farron Cousins,Farron Balanced,Podcast,Politics,1,farronbalanced.bsky.social,Farron Cousins,0,"Host of Farron Balanced.

https://linktr.ee/FarronBalanced",4,MEDIUM,https://bsky.app/profile/farronbalanced.bsky.social,,
gustavo-faleiros,Gustavo Faleiros,InfoAmazonia,Website,Climate/Environment,1,gufalei.bsky.social,Gustavo Faleiros,0,"Environmental Investigations Editor at Pulitzer Center
 
Co-founder of InfoAmazonia and drummer of Eventos Extremos",5,MEDIUM,https://bsky.app/profile/gufalei.bsky.social,,
jack-werner,Jack Werner,Veckans vandringssägen,Newsletter - Beehiiv,"Culture, History, Internet Culture",1,kwasbeb.bsky.social,Jack Werner,0,Gamla goda Jack.,4,MEDIUM,https://bsky.app/profile/kwasbeb.bsky.social,,
jack-werner,Jack Werner,Veckans vandringssägen,Newsletter - Beehiiv,"Culture, History, Internet Culture",1,blackcoffeehistory.bsky.social,Jack Werner,0,Ph.D Candidate at UMD. A reader who cares what academics write.,4,MEDIUM,https://bsky.app/profile/blackcoffeehistory.bsky.social,,
jacob-carter,Jacob Carter,SciLight,Newsletter - Substack,"Science, Government Accountability",1,jacobacarter.bsky.social,Jacob Carter,0,Animal and LGBTQIA+ Advocate. Business Owner. Wine Drinker.,4,MEDIUM,https://bsky.app/profile/jacobacarter.bsky.social,,
jacob-carter,Jacob Carter,SciLight,Newsletter - Substack,"Science, Government Accountability",1,jcarter74824.bsky.social,Jacob Carter,0,"jesus, construction, bike rides",4,MEDIUM,https://bsky.app/profile/jcarter74824.bsky.social,,
jasmine-sun,Jasmine Sun,jasmi.news,Newsletter - Substack,"Tech, Science, Labor/Workers Rights",1,jasmine.bsky.social,jasmine sun,0,anthropologist of disruption / writing jasmi.news / san francisco,4,MEDIUM,https://bsky.app/profile/jasmine.bsky.social,,
jasmine-sun,Jasmine Sun,jasmi.news,Newsletter - Substack,"Tech, Science, Labor/Workers Rights",1,jzmsn.bsky.social,Jasmine Sun,0,"Postbacc at WashU in St. Louis🪱 | Regeneration, DevBio, &✨weird organisms and the weird things they do✨ | I paint! (spor",4,MEDIUM,https://bsky.app/profile/jzmsn.bsky.social,,
jesse-dollemore,Jesse Dollemore,Jesse Dollemore,Podcast,Politics,1,dollemore.com,Jesse Dollemore,0,"U.S. Marine, host of Dollemore Daily on YouTube & I Doubt It Podcast - Voicemail Line - (714) 576-4054 https://linktr.ee",4,MEDIUM,https://bsky.app/profile/dollemore.com,,
jordi-amaral,Jordi Amaral,Americas Migration Brief,Newsletter - Substack,Immigration,1,amaraljordi.bsky.social,Jordi Amaral,0,"Founder and Author of the Americas Migration Brief. PhDing in Political Science at GWU. Former IDB, Hxagon, MPI, WOLA, U",4,MEDIUM,https://bsky.app/profile/amaraljordi.bsky.social,,
katie-halper,Katie Halper,The Katie Halper Show,Podcast,Politics,1,kthalps.bsky.social,Katie Halper,0,,4,MEDIUM,https://bsky.app/profile/kthalps.bsky.social,,
laurie-garrett,Laurie Garrett,Making Science Sense,Newsletter - Substack,Health/Wellness,1,lauriegarrett1.bsky.social,Laurie Garrett (twitter feed),0,"Member @CFR_org. Recipient of Pulitzer Prize, Polk (3Xs) and Peabody Awards. Author: I Heard theSirensScream, TheComingP",5,MEDIUM,https://bsky.app/profile/lauriegarrett1.bsky.social,,
matt,Matt,Remote Queer,Newsletter - Ghost,"Travel, LGBTQIA",1,matthieu.bsky.team,Matthieu 🦋,0,"Protocol Engineer at Bluesky. Building the open social web on AT Protocol. Into web standards, OAuth, TypeScript, and qu",5,MEDIUM,https://bsky.app/profile/matthieu.bsky.team,,
matt,Matt,Remote Queer,Newsletter - Ghost,"Travel, LGBTQIA",1,mattgertz.bsky.social,Matthew Gertz,0,Senior Fellow at @mmfa. Views expressed here my own. Husband of @alyssarosenberg. Dad. Not the former GOP congressman. F,5,MEDIUM,https://bsky.app/profile/mattgertz.bsky.social,,
matt,Matt,Remote Queer,Newsletter - Ghost,"Travel, LGBTQIA",1,mattyglesias.bsky.social,Matthew Yglesias ,0,,5,MEDIUM,https://bsky.app/profile/mattyglesias.bsky.social,,
matt,Matt,Remote Queer,Newsletter - Ghost,"Travel, LGBTQIA",1,mattbinder.bsky.social,Matt Binder,0,"Subscribe: 
disruptionist.com
youtube.com/mattbinder",5,MEDIUM,https://bsky.app/profile/mattbinder.bsky.social,,
meghan-mangrum,Meghan Mangrum,Deep South Education,Newsletter - Substack,Education,1,mmangrum.bsky.social,Meghan Mangrum,0,"managing editor @FauquierTimes | i love ☀️ and the South | past lives: @Tennessean, @TimesFreePress, @UFJSchool | @mmang",5,MEDIUM,https://bsky.app/profile/mmangrum.bsky.social,,
michael-jones,Michael Jones,Once Upon a Hill,Newsletter - Substack,"Politics, Government Accountability, Investigative",1,100percentmikey.bsky.social,Michael Jones,0,"Food 
Patreon.com/100PercentEat
Game
Patreon.com/MikeyFredo",4,MEDIUM,https://bsky.app/profile/100percentmikey.bsky.social,,
michael-jones,Michael Jones,Once Upon a Hill,Newsletter - Substack,"Politics, Government Accountability, Investigative",1,mjonescorrea.bsky.social,Michael Jones-Correa,0,"Political scientist at UPenn: immigrants and politics, cities, and other things.",4,MEDIUM,https://bsky.app/profile/mjonescorrea.bsky.social,,
miguel-lago,Miguel Lago,Miguel Lago,Social - Twitter / X,Tech,1,joaomiguellago.bsky.social,João Miguel Lago,0,,5,MEDIUM,https://bsky.app/profile/joaomiguellago.bsky.social,,
packy-mccormick,Packy McCormick,Not Boring,Newsletter - Substack,Finance/Economics,1,packym.bsky.social,Packy McCormick,0,Not Boring,4,MEDIUM,https://bsky.app/profile/packym.bsky.social,,
phillip-lewis,Phillip Lewis,What I'm Reading,Newsletter - Substack,"Identity/Belonging, General News, Media/Power",1,ekhornbeck.bsky.social,Phillip Lewis,0,"Author of The Barrowfields (Hogarth); also, civil litigation in the Carolinas to keep the lights on.",4,MEDIUM,https://bsky.app/profile/ekhornbeck.bsky.social,,
rashmee-roshan-lall,Rashmee Roshan Lall,"This Week, Those Books",Newsletter - Substack,"Foreign Policy, Books/Writing, Politics",1,rashmee.bsky.social,Dr Rashmee Roshan Lall,0,"Journalist by trade & inclination. PhD. FRSA. 
Lecturer @goldsmithsuol.bsky.social
Novel The Pomegranate Peace, Hachette",4,MEDIUM,https://bsky.app/profile/rashmee.bsky.social,,
richard-heydarian,Richard Heydarian,Deep Dive with Richard Heydarian,Newsletter - Substack,"Politics, Foreign Policy, World",1,richheydarian.bsky.social,Richard Heydarian,0,Global affairs academic/ TV Host 📚📺🖋️ Podcaster “Deep Dive” 🎙️ Columnist @inquirerdotnet; Senior Lecturer @UPAsianCenter,5,MEDIUM,https://bsky.app/profile/richheydarian.bsky.social,,
russ-roberts,Russ Roberts,EconTalk,Podcast,Finance/Economics,1,kh6jrm.bsky.social,Russ Roberts,0,Retired news and public service director for Pacific Radio Group on Hawaii Island.  Licensed FCC Amateur Radio Operator ,4,MEDIUM,https://bsky.app/profile/kh6jrm.bsky.social,,
samuel-perry,Samuel Perry,Samuel Perry,Newsletter - Substack,Faith/Religion,1,profsamperry.bsky.social,Samuel Perry,0,Professor | 2026-2027 Russell Sage Foundation Visiting Scholar | Books: Growing God's Family; Addicted to Lust; Taking A,4,MEDIUM,https://bsky.app/profile/profsamperry.bsky.social,,
sarah-jaffe,Sarah Jaffe,Belabored,Newsletter - Substack,Labor/Workers Rights,1,sarahljaffe.bsky.social,Sarah Jaffe,0,"Troublemaker. Vagrant. Author of From the Ashes, Work Won't Love You Back and Necessary Trouble.",4,MEDIUM,https://bsky.app/profile/sarahljaffe.bsky.social,,
saul,Saul,Remote Queer,Newsletter - Ghost,"Travel, LGBTQIA",1,saulwilliams.bsky.social,Saul Williams ,0,Poet,5,MEDIUM,https://bsky.app/profile/saulwilliams.bsky.social,,
stephanie-williams,Stephanie Williams,La Fronde,Newsletter - Beehiiv,"Media/Power, Gender",1,stephwilliams.bsky.social,Stephanie Williams,0,"Writer. Avid Charles Xavier hater. Written comics for MARVEL COMICS, DC COMICS, IDW, BOOM, ONI PRESS, and more.",5,MEDIUM,https://bsky.app/profile/stephwilliams.bsky.social,,
thomas-goetz,Thomas Goetz,Drug Story,Podcast,Health/Wellness,1,thgoetz.bsky.social,Thomas Goetz,0,sometime journalist someplace,5,MEDIUM,https://bsky.app/profile/thgoetz.bsky.social,,
todd-moss,Todd Moss,Eat More Electrons,Newsletter - Substack,Climate/Environment,1,toddzilla72.bsky.social,Todd Moss,0,"Christian, husband, father, USN veteran, VP Navy, Michigander, #Maine lover, anti fascist, and concerned citizen.  Go Bl",4,MEDIUM,https://bsky.app/profile/toddzilla72.bsky.social,,
trung-phan,Trung Phan,Trung Phan,Newsletter - Substack,Finance/Economics,1,ikimus.bsky.social,Trung Phan,0,,4,MEDIUM,https://bsky.app/profile/ikimus.bsky.social,,
emily-smith,Emily Smith,Friendly Neighbor Epidemiologist,Newsletter - Substack,Health/Wellness,1,essegyptologist.bsky.social,"Emily Smith-Sangster, PhD",0,Archaeologist | Visiting Assistant Professor x 2 | Associate Director of the Abydos South Project | Scholar interested i,3,LOW,https://bsky.app/profile/essegyptologist.bsky.social,,
jessica-malaty-rivera,Jessica Malaty Rivera,Jessica Malaty Rivera,Social - Instagram,Health/Wellness,1,jessicamalaty.bsky.social,"Jessica Malaty Rivera, MS",0,"Infectious Disease Epidemiologist & Science Communicator 
Tracking Pandemics & Infodemics @bsph-chs
DrPH student @JohnsH",3,LOW,https://bsky.app/profile/jessicamalaty.bsky.social,,
jessica-malaty-rivera,Jessica Malaty Rivera,Jessica Malaty Rivera,Social - Instagram,Health/Wellness,1,makingsciencemakesense.skystack.xyz,"Jessica Malaty Rivera, MS",0,Infectious Disease Epidemiologist | Infodemiologist | Science Communicator | Mama of 3 | Here to make it all make sense.,3,LOW,https://bsky.app/profile/makingsciencemakesense.skystack.xyz,,
jillian-melero,Jillian Melero,Connect Puerto Rico,Newsletter - Other,Energy,1,jillianmelero.bsky.social,Jillian,0,"Journalist • Editor • Founder @ Connect Puerto Rico
https://connect-puerto-rico.beehiiv.com/subscribe
2nd gen NuYorican.",3,LOW,https://bsky.app/profile/jillianmelero.bsky.social,,
ken-white,Ken White,The PopeHat Report,Newsletter - Beehiiv,Law/Legal Issues,1,kenwhite.bsky.social,The Popehat Fits Fine,0,"Ken White, criminal defense attorney and First Amendment litigator.  Co-host of Serious Trouble podcast and writer at Th",3,LOW,https://bsky.app/profile/kenwhite.bsky.social,,
sandro-galea,Sandro Galea,The Healthiest Goldfish,Newsletter - Substack,Health/Wellness,1,sandrogalea.skystack.xyz,The Healthiest Goldfish,0,"Health is not healthcare. I write about the foundational forces that shape health.


This is an automated Substack Accou",3,LOW,https://bsky.app/profile/sandrogalea.skystack.xyz,,
adam-schrader,Adam Schrader,Urgent Matter,Newsletter - Ghost,"Art, Culture, Museums",1,,,,,0,NO_MATCH,,,
alexandra-fasulo,Alexandra Fasulo,House Of Green,Newsletter - Substack,Climate/Environment,1,,,,,0,NO_MATCH,,,
ali-slagle,Ali Slagle,40 Ingredients Forever,Newsletter - Substack,"Recipes, Food",1,,,,,0,NO_MATCH,,,
alisa-tang,Alisa Tang,Alisa Daily Dose,Newsletter - Beehiiv,Local,1,,,,,0,NO_MATCH,,,
alison-roman,Alison Roman,a newsletter ,Newsletter - Substack,"Food, Day in a Life",1,,,,,0,NO_MATCH,,,
alix-bryant,Alix Bryant,The Mah Jongg Insider,Newsletter - Beehiiv,Culture,1,,,,,0,NO_MATCH,,,
allie-jones,Allie Jones,Gossip Time,Newsletter - Substack,"Culture, Entertainment/Hollywood",1,,,,,0,NO_MATCH,,,
alon-levy,Alon Levy,Pedestrian Observations,Newsletter - Substack,Transportation,1,,,,,0,NO_MATCH,,,
alyssa-rosenberg,Alyssa Rosenberg,Across the Movie Aisle,Newsletter - Substack,Film/Movies,1,,,,,0,NO_MATCH,,,
amanda-montei,Amanda Montei,Mad Woman,Newsletter - Substack,"Gender, Internet Culture, Parenting",1,,,,,0,NO_MATCH,,,
amanda-royal,Amanda Royal,Earth Hope,Newsletter - Substack,"Climate/Environment, Positive News",1,,,,,0,NO_MATCH,,,
ambreen-ali,Ambreen Ali,Central Desi,Newsletter - Beehiiv,"Local, Culture",1,,,,,0,NO_MATCH,,,
amy-h-peterson,Amy H. Peterson,The E'ville Good,Newsletter - Beehiiv,Local,1,,,,,0,NO_MATCH,,,
amyec3,AmyeC3,AmyeC3,Newsletter - Substack,"Housing, Real Estate",1,,,,,0,NO_MATCH,,,
analise-sesay,Analise Sesay,Good Neighbor,Newsletter - Substack,"Art, Culture, Local, Music",1,,,,,0,NO_MATCH,,,
andrea-jones-rooy,Andrea Jones-Rooy,jonesrooy,Video - Instagram,Politics,1,,,,,0,NO_MATCH,,,
andrew-donlan,Andrew Donlan,Still Gotta Come Through Chicago,Newsletter - Substack,"Sports, Local",1,,,,,0,NO_MATCH,,,
andrew-ricketts,Andrew Ricketts,Big Black Commentary,Newsletter - Substack,"Culture, Entertainment/Hollywood",1,,,,,0,NO_MATCH,,,
andy-demeo,Andy DeMeo,Granite Goodness,Newsletter - Substack,"Local, Positive News",1,,,,,0,NO_MATCH,,,
angela-saini,Angela Saini,Angela Saini,Website,Science,1,,,,,0,NO_MATCH,,,
anna-brones,Anna Brones,Creative Fuel,Newsletter - Substack,Art,1,,,,,0,NO_MATCH,,,
anne-kadet,Anne Kadet,CAFÉ ANNE,Newsletter - Substack,"Local, Comedy",1,,,,,0,NO_MATCH,,,
annie-dance,Annie Dance,Cops & Congress by Annie Dance,Newsletter - Substack,"Local, Crime, Government Accountability",1,,,,,0,NO_MATCH,,,
annie-koshy,Annie Koshy,Branding Ninja,Newsletter - Substack,"World, Politics, Business",1,,,,,0,NO_MATCH,,,
anton-sorkin,Anton Sorkin,Cross and Gavel ,Newsletter - Substack,"Faith/Religion, Law/Legal Issues",1,,,,,0,NO_MATCH,,,
arianny-valles,Arianny Valles,Pendiente mi Gente,Video - Instagram,Local,1,,,,,0,NO_MATCH,,,
ariella-steinhorn,Ariella Steinhorn,Hard Reset Media,Newsletter - Substack,"Tech, Politics",1,,,,,0,NO_MATCH,,,
barb-warden,Barb Warden,Golden Today,Website,Local,1,,,,,0,NO_MATCH,,,
barbara-bob-allen,"Barbara ""Bob"" Allen",The College Journalism Newsletter,Newsletter - Beehiiv,"Politics, Government Accountability",1,,,,,0,NO_MATCH,,,
becca-farsace,Becca Farsace,Taking Tech Outside,Video - YouTube,Tech,1,,,,,0,NO_MATCH,,,
ben-camacho,Ben Camacho,Inadvertent,Newsletter - Substack,"Investigative, Local, Government Accountability",1,,,,,0,NO_MATCH,,,
ben-werdmller,Ben Werdmüller,Werd I/O,Website,Tech,1,,,,,0,NO_MATCH,,,
bennett-z-kobb,Bennett Z. Kobb,Experimental Radio News,Newsletter - Ghost,"Tech, Policy",1,,,,,0,NO_MATCH,,,
bian-li,Bian Li,The Regenerative Futurist,Newsletter - Substack,Politics,1,,,,,0,NO_MATCH,,,
bill-nye,Bill Nye,Bill Nye,Website,Science,1,,,,,0,NO_MATCH,,,
blog-a-bull,Blog A Bull,Blogabull.com,Newsletter - Substack,"Sports, Local",1,,,,,0,NO_MATCH,,,
brady-dale,Brady Dale,Front Stage Exit,Newsletter - Substack,Tech,1,,,,,0,NO_MATCH,,,
breanna-morello,Breanna Morello,Independent Newsroom,Newsletter - Beehiiv,"Media/Power, Politics",1,,,,,0,NO_MATCH,,,
brett-bristow,Brett Bristow,Tech with Brett,Video - YouTube,Tech,1,,,,,0,NO_MATCH,,,
brian-morrissey,Brian Morrissey,The Rebooting,Newsletter - Beehiiv,"Media/Power, Tech",1,,,,,0,NO_MATCH,,,
brianna-wickey,Brianna Wickey,Scoop Charlotte,Newsletter - Beehiiv,"Local, Home, Lifestyle, Real Estate",1,,,,,0,NO_MATCH,,,
bruce-schneier,Bruce Schneier,Schneier on Security,Website,Tech,1,,,,,0,NO_MATCH,,,
bruce-unfiltered,Bruce Unfiltered,Bruce Unfiltered,Video - YouTube,Politics,1,,,,,0,NO_MATCH,,,
bryan-m-vance,Bryan M. Vance,Stumptown Savings,Newsletter - Beehiiv,"Finance/Economics, Local",1,,,,,0,NO_MATCH,,,
byrne-hobart,Byrne Hobart,The Diff,Newsletter - Other,"Finance/Economics, Tech",1,,,,,0,NO_MATCH,,,
cahal-moran,Cahal Moran,Unlearning Economics,Video - YouTube,Finance/Economics,1,,,,,0,NO_MATCH,,,
cara-goodwin,Cara Goodwin,Parenting Translator,Newsletter - Substack,Parenting,1,,,,,0,NO_MATCH,,,
carldez-goodley,Carldez Goodley,Hoodanchorye,Video - Instagram,Local,1,,,,,0,NO_MATCH,,,
caroline-patton,Caroline Patton,Chicago Show Calendar,Newsletter - Substack,"Culture, Local, Music, Things to Do",1,,,,,0,NO_MATCH,,,
catherine-goetze,Catherine Goetze,CatGPT,Video - Instagram,Tech,1,,,,,0,NO_MATCH,,,
catilin-johnstone,Catilin Johnstone,Caitlin's Newsletter,Newsletter - Substack,"Politics, Foreign Policy",1,,,,,0,NO_MATCH,,,
charlie-kilman,Charlie Kilman,Our Changing Climate,Video - YouTube,Climate/Environment,1,,,,,0,NO_MATCH,,,
charlotte-salley,Charlotte Salley,Hot Bones,Newsletter - Beehiiv,"Local, Health/Wellness",1,,,,,0,NO_MATCH,,,
chris-dangelo,Chris D'angelo,Public Domain,Newsletter - Substack,Climate/Environment,1,,,,,0,NO_MATCH,,,
christiana-figueres,Christiana Figueres,Outrage + Optimism,Podcast,Climate/Environment,1,,,,,0,NO_MATCH,,,
christophe-haubursin,Christophe Haubursin,Tunnel Vision,Video - YouTube,Tech,1,,,,,0,NO_MATCH,,,
christopher-barnatt,Christopher Barnatt,ExplainingComputers,Video - YouTube,Tech,1,,,,,0,NO_MATCH,,,
claudine-zap,Claudine Zap,Must Like Fog,Newsletter - Substack,"Real Estate, Local",1,,,,,0,NO_MATCH,,,
cleo-abram,Cleo Abram,Huge If True,Video - YouTube,Tech,1,,,,,0,NO_MATCH,,,
colin-alsheimer,Colin Alsheimer,TWIP (This Week in Podiatry),Newsletter - Other,Games/Gaming,1,,,,,0,NO_MATCH,,,
east-atlanta-anthem,Connor Nolte,East Atlanta Anthem,Newsletter - Other,Local,1,,,,,0,NO_MATCH,,,
cory-haik,Cory Haik,The Intersect,Podcast,Tech,1,,,,,0,NO_MATCH,,,
dj-byrnes,D.J. Byrnes,The Rooster,Newsletter - Substack,"Politics, Local",1,,,,,0,NO_MATCH,,,
dagogo-altraide,Dagogo Altraide,ColdFusion,Video - YouTube,Tech,1,,,,,0,NO_MATCH,,,
dan-boguslaw,Dan Boguslaw,Deeper States,Newsletter - Substack,"Investigative, Politics, Government Accountability",1,,,,,0,NO_MATCH,,,
dan-mims,Dan Mims,Daily Nutmeg,Newsletter - Other,"Local, Culture",1,,,,,0,NO_MATCH,,,
daniel-rider,Daniel Rider,Earthly Education,Video - Instagram,Climate/Environment,1,,,,,0,NO_MATCH,,,
daniela-galarza,Daniela Galarza,a petite feast,Newsletter - Substack,Food,1,,,,,0,NO_MATCH,,,
dave-borlace,Dave Borlace,Just Have a Think,Video - YouTube,Climate/Environment,1,,,,,0,NO_MATCH,,,
david-lebovitz,David Lebovitz,David Lebovitz,Newsletter - Substack,"Food, Travel",1,,,,,0,NO_MATCH,,,
david-warsh,David Warsh,Economic Principals,Newsletter - Substack,Finance/Economics,1,,,,,0,NO_MATCH,,,
daron,Da’ron,Current Fire Situation,Video - TikTok,Local,1,,,,,0,NO_MATCH,,,
dc-zesty-story,DC Zesty Story,DC Zesty Story,Social - Instagram,General News,1,,,,,0,NO_MATCH,,,
delia-cai,Delia Cai,Deez Links,Newsletter - Substack,"Media/Power, Internet Culture, Entertainment/Hollywood",1,,,,,0,NO_MATCH,,,
derek-muller,Derek Muller,Veritasium,Video - YouTube,Science,1,,,,,0,NO_MATCH,,,
dick-tofel,Dick Tofel,Second Rough Draft,Newsletter - Substack,Media/Power,1,,,,,0,NO_MATCH,,,
dina-temple-raston,Dina Temple-Raston,Click Here,Podcast,Tech,1,,,,,0,NO_MATCH,,,
dmv-the-move,DMV The Move,DMV The Move,Social - Instagram,Local,1,,,,,0,NO_MATCH,,,
doug-olaughlin,Doug O’Laughlin,Fabricated Knowledge,Newsletter - Substack,Tech,1,,,,,0,NO_MATCH,,,
dr-joel-bervell,Dr. Joel Bervell,Dr. Joel Bervell,Video - TikTok,Health/Wellness,1,,,,,0,NO_MATCH,,,
dwarkesh-patel,Dwarkesh Patel,Dwarkesh Patel,Video - YouTube,Tech,1,,,,,0,NO_MATCH,,,
eben-shapiro,Eben Shapiro,Ebenshapiro.substack,Newsletter - Substack,"Culture, Business, Tech",1,,,,,0,NO_MATCH,,,
egemba-chinonso,Egemba Chinonso,Aproko Doctor,Social - Instagram,Health/Wellness,1,,,,,0,NO_MATCH,,,
elise-granata,Elise Granata,Grouphug,Newsletter - Substack,"Media/Power, Local",1,,,,,0,NO_MATCH,,,
elizabeth-lang,Elizabeth Lang,Impulsiva Stories,Newsletter - Ghost,"Art, Culture",1,,,,,0,NO_MATCH,,,
emily-sundberg,Emily Sundberg,Feed Me,Newsletter - Substack,Culture,1,,,,,0,NO_MATCH,,,
enrique-anarte-lazo,Enrique Anarte Lazo,The Rainbow Compass,Newsletter - Substack,"LGBTQIA, Human Rights, Politics",1,,,,,0,NO_MATCH,,,
erin-calandrelli,Erin Calandrelli,Erin Calandrelli,Social - Instagram,Science,1,,,,,0,NO_MATCH,,,
ethan-strauss,Ethan Strauss,House of Strauss,Newsletter - Substack,"Sports, Culture",1,,,,,0,NO_MATCH,,,
gabe-fleisher,Gabe Fleisher,Wake Up To Politics,Video - Instagram,Politics,1,,,,,0,NO_MATCH,,,
gaby-del-valle,Gaby Del Valle,Borderlines,Newsletter - Substack,Immigration,1,,,,,0,NO_MATCH,,,
geopolitical-guy,Geopolitical Guy,Geopolitical Guy,Newsletter - Substack,"World, Explanatory",1,,,,,0,NO_MATCH,,,
gideon-meyerowitz-katz,Gideon Meyerowitz-Katz,Health Nerd,Newsletter - Substack,"Health/Wellness, Science",1,,,,,0,NO_MATCH,,,
graciela-martin,Graciela Martin,Gen33 News,Newsletter - Beehiiv,"World, Culture, Fashion",1,,,,,0,NO_MATCH,,,
guillaume-pley,Guillaume Pley,Guillaume Pley,Video - YouTube,General News,1,,,,,0,NO_MATCH,,,
h-street-beat,H Street Beat,H Street Beat,Social - Instagram,Local,1,,,,,0,NO_MATCH,,,
hank-medina,Hank Medina,Litquidity,Video - Instagram,Finance/Economics,1,,,,,0,NO_MATCH,,,
hebba-youssef,Hebba Youssef,I Hate It Here,Newsletter - Substack,Culture,1,,,,,0,NO_MATCH,,,
henok-mengistu,Henok Mengistu,Ethiopique,Website,Local,1,,,,,0,NO_MATCH,,,
henry-reich,Henry Reich,MinutePhysics,Video - YouTube,Science,1,,,,,0,NO_MATCH,,,
herb-greenberg,Herb Greenberg,On the Street,Newsletter - Substack,Finance/Economics,1,,,,,0,NO_MATCH,,,
hetty-lui-mckinnon,Hetty Lui McKinnon,"To Vegetables, With Love",Newsletter - Substack,Food,1,,,,,0,NO_MATCH,,,
hsing-huei-chou,Hsing-Huei Chou,The LA Reporter,Newsletter - Other,"Local, Politics",1,,,,,0,NO_MATCH,,,
isaac-saul,Isaac Saul,Tangle News,Newsletter - Ghost,Politics,1,,,,,0,NO_MATCH,,,
jack-cocchiarella,Jack Cocchiarella,Jack Cocchiarella,Newsletter - Substack,Politics,1,,,,,0,NO_MATCH,,,
jack-poulson,Jack Poulson,Jack Poulson,Newsletter - Substack,"Tech, National Security",1,,,,,0,NO_MATCH,,,
jacqueline-nesi,Jacqueline Nesi,Techno Sapiens,Newsletter - Substack,"Health/Wellness, Tech, Parenting",1,,,,,0,NO_MATCH,,,
james-cave,James Cave,The Jiffy,Newsletter - Beehiiv,Local,1,,,,,0,NO_MATCH,,,
jamin-ball,Jamin Ball,Clouded Judgement,Newsletter - Substack,Tech,1,,,,,0,NO_MATCH,,,
jared-dashevsky,Jared Dashevsky,Healthcare Huddle,Newsletter - Beehiiv,"Health/Wellness, Tech",1,,,,,0,NO_MATCH,,,
jason-tashea,Jason Tashea,Justice Tech Download,Newsletter - Substack,"Law/Legal Issues, Tech",1,,,,,0,NO_MATCH,,,
jatan-mehta,Jatan Mehta,jatan.space,Newsletter - Ghost,"Science, Tech",1,,,,,0,NO_MATCH,,,
jean-twenge,Jean Twenge,Generation Tech,Newsletter - Substack,"Education, Tech",1,,,,,0,NO_MATCH,,,
jeff-delaney,Jeff Delaney,Fireship,Video - YouTube,Tech,1,,,,,0,NO_MATCH,,,
jenni-monet,Jenni Monet,Indigenously,Newsletter - Other,"Investigative, Climate/Environment",1,,,,,0,NO_MATCH,,,
jennifer-chowdhury,Jennifer Chowdhury,Port Of Entry,Newsletter - Substack,Immigration,1,,,,,0,NO_MATCH,,,
jenny-rosenstrach,Jenny Rosenstrach,Dinner: A Love Story,Newsletter - Substack,"Food, Parenting",1,,,,,0,NO_MATCH,,,
jesse-jenkins,Jesse Jenkins,Princeton ZERO Lab,Website,Climate/Environment,1,,,,,0,NO_MATCH,,,
jessica-burbank,Jessica Burbank,Jessica Burbank,Video - Instagram,General News,1,,,,,0,NO_MATCH,,,
jessica-yellin,Jessica Yellin,News Not Noise,Video - Instagram,Politics,1,,,,,0,NO_MATCH,,,
joeri-schasfoort,Joeri Schasfoort,Money & Macro,Video - YouTube,Finance/Economics,1,,,,,0,NO_MATCH,,,
johanna-ferreira,Johanna Ferreira,Johanna Ferreira,Newsletter - Substack,"Identity/Belonging, Culture, Health/Wellness",1,,,,,0,NO_MATCH,,,
jon-haidt,Jon Haidt,After Babel,Newsletter - Substack,"Tech, Culture",1,,,,,0,NO_MATCH,,,
jonathan-p-thompson,Jonathan P. Thompson,The Land Desk,Newsletter - Substack,Climate/Environment,1,,,,,0,NO_MATCH,,,
jonathan-schwabish,Jonathan Schwabish,Policy Viz,Newsletter - Substack,"Explanatory, Government Accountability",1,,,,,0,NO_MATCH,,,
jonny-matthews,Jonny Matthews,Economics Explainer,Video - YouTube,Finance/Economics,1,,,,,0,NO_MATCH,,,
joseph-politano,Joseph Politano,Apricitas,Newsletter - Substack,"Labor/Workers Rights, Finance/Economics",1,,,,,0,NO_MATCH,,,
josh-mcconnel,Josh McConnel,Ctrl Alt Deliberate,Newsletter - Substack,"Tech, Media/Power",1,,,,,0,NO_MATCH,,,
joshua-trunck,Joshua Trunck,Chicago Food HQ,Video - TikTok,Tech,1,,,,,0,NO_MATCH,,,
Joy McConnochie,Joy McConnochie,Sustainable Jungle,Website,Climate/Environment,1,,,,,0,NO_MATCH,,,
julie-fratantoni-phd,Julie Fratantoni Phd,Better Brain by Dr. Julie,Newsletter - Substack,Health/Wellness,1,,,,,0,NO_MATCH,,,
julie-holstein,Julie Holstein,WARD 6,Newsletter - Beehiiv,Local,1,,,,,0,NO_MATCH,,,
kat-vargas,Kat Vargas,Howdy Politics,Video - Instagram,Politics,1,,,,,0,NO_MATCH,,,
keith-bryant,Keith Bryant,Keeping Up With Keith,Video - TikTok,Local,1,,,,,0,NO_MATCH,,,
kelly-coyne,Kelly Coyne,Guilty Pleasures,Newsletter - Substack,"Culture, Gender",1,,,,,0,NO_MATCH,,,
kelton-wright,Kelton Wright,Shangri-logs,Newsletter - Substack,"Climate/Environment, Local, Outdoors, Home",1,,,,,0,NO_MATCH,,,
kevin-cirilli,Kevin Cirilli,Meet the Future,Newsletter - Substack,Tech,1,,,,,0,NO_MATCH,,,
kris-de-decker,Kris De Decker,Low-Tech Magazine,Website,Tech,1,,,,,0,NO_MATCH,,,
kristin-kobes-dumez,Kristin Kobes DuMez,Du Mez CONNECTIONS,Newsletter - Substack,"Faith/Religion, Gender",1,,,,,0,NO_MATCH,,,
kyle-kulinski,Kyle Kulinski,Secular Talk,Video - YouTube,Politics,1,,,,,0,NO_MATCH,,,
lachlan-cartwright,Lachlan Cartwright,Breaker Media,Newsletter - Beehiiv,Media/Power,1,,,,,0,NO_MATCH,,,
landon-hustig,Landon Hustig,Wichita Life,Newsletter - Beehiiv,"Local, Things to Do, Food, Music",1,,,,,0,NO_MATCH,,,
latoya-allen,Latoya Allen,The Strategy Files,Newsletter - Beehiiv,Fashion,1,,,,,0,NO_MATCH,,,
laura-amico,Laura Amico,Scene in Boston,Newsletter - Ghost,"Local, Entertainment/Hollywood, Culture",1,,,,,0,NO_MATCH,,,
laura-angelina-hillstrom,Laura Angelina Hillstrom,OurHyattsville,Social - Instagram,Local,1,,,,,0,NO_MATCH,,,
laura-paskus,Laura Paskus,Laura Paskus,Newsletter - Substack,"Climate/Environment, Local, Government Accountability",1,,,,,0,NO_MATCH,,,
leigh-mcgowan,Leigh McGowan,PoliticsGirl,Social - Instagram,Politics,1,,,,,0,NO_MATCH,,,
leqwane-lynch,LeQwane Lynch,Calder News,Newsletter - Other,Local,1,,,,,0,NO_MATCH,,,
les-leopold,Les Leopold,Wall Street's War on Workers,Newsletter - Substack,"Labor/Workers Rights, Finance/Economics",1,,,,,0,NO_MATCH,,,
lincoln-mitchel,Lincoln Mitchel,Counter Craft,Newsletter - Substack,Books/Writing,1,,,,,0,NO_MATCH,,,
lindsey-stanberry,Lindsey Stanberry,The Purse,Newsletter - Ghost,"Personal Finance, Careers, Parenting",1,,,,,0,NO_MATCH,,,
link-lauren,Link Lauren,Link Lauren,Video - TikTok,General News,1,,,,,0,NO_MATCH,,,
liz-plank,Liz Plank,Airplane Mode,Newsletter - Substack,"Dating/Romance, Gender",1,,,,,0,NO_MATCH,,,
Lyall Mabin,Lyall Mabin,Sustainable Jungle,Website,Climate/Environment,1,,,,,0,NO_MATCH,,,
lyz-lenz,Lyz Lenz,Lyz,Newsletter - Substack,"Gender, Politics, Culture",1,,,,,0,NO_MATCH,,,
mario-gabriele,Mario Gabriele,The Generalist,Website,Finance/Economics,1,,,,,0,NO_MATCH,,,
marissa-lovell,Marissa Lovell,From Boise,Website,Local,1,,,,,0,NO_MATCH,,,
mark-bittman,Mark Bittman,The Bittman Project,Newsletter - Substack,"Food, Health/Wellness, Labor/Workers Rights",1,,,,,0,NO_MATCH,,,
mark-trahant,Mark Trahant,Mark Trahant,Newsletter - Substack,"Identity/Belonging, Policy",1,,,,,0,NO_MATCH,,,
marton-barcza,Marton Barcza,TechAltar,Video - YouTube,Tech,1,,,,,0,NO_MATCH,,,
masuma-ahuja,Masuma Ahuja,Future Possible,Newsletter - Substack,"Finance/Economics, Tech",1,,,,,0,NO_MATCH,,,
mathew-ingram,Mathew Ingram,Mathew Ingram,Newsletter - Ghost,"Tech, Media/Power",1,,,,,0,NO_MATCH,,,
matt-laslo,Matt Laslo,Ask a Pol,Newsletter - Substack,Politics,1,,,,,0,NO_MATCH,,,
matt-taibbi,Matt Taibbi,Racket News,Newsletter - Ghost,"Politics, Culture, Media/Power",1,,,,,0,NO_MATCH,,,
matt-yglesias,Matt Yglesias,Slow Boring,Newsletter - Substack,"Finance/Economics, Politics",1,,,,,0,NO_MATCH,,,
matthew-c-klein,Matthew C. Klein,The Overshoot,Newsletter - Substack,Finance/Economics,1,,,,,0,NO_MATCH,,,
matthew-zeitlin,Matthew Zeitlin,Footnoted,Newsletter - Beehiiv,Law/Legal Issues,1,,,,,0,NO_MATCH,,,
mattia-peretti,Mattia Peretti,News Alchemists,Newsletter - Ghost,"Media/Power, Tech, Careers",1,,,,,0,NO_MATCH,,,
melanie-ehrenkranz,Melanie Ehrenkranz,Laid Off,Newsletter - Substack,Media/Power,1,,,,,0,NO_MATCH,,,
melinda-wenner-moyer,Melinda Wenner Moyer,Now What,Newsletter - Substack,"Science, Parenting",1,,,,,0,NO_MATCH,,,
melissa-bunni-elian,Melissa Bunni Elian,The Leveler News,Website,Local,1,,,,,0,NO_MATCH,,,
michael-khieu,Michael Khieu,King Khieu,Video - Instagram,General News,1,,,,,0,NO_MATCH,,,
michael-nagrant,Michael Nagrant,The Hunger,Newsletter - Substack,"Restaurants and bars, Food, Local",1,,,,,0,NO_MATCH,,,
michael-ruhlman,Michael Ruhlman,Michael Ruhlman,Newsletter - Substack,Food,1,,,,,0,NO_MATCH,,,
michelle-leder,Michelle Leder,Foot Noted,Newsletter - Ghost,Law/Legal Issues,1,,,,,0,NO_MATCH,,,
miles-griffis,Miles Griffis,The Sick Times,Website,Health/Wellness,1,,,,,0,NO_MATCH,,,
monique-o-madan,Monique O. Madan,Two can be true,Newsletter - Substack,"Identity/Belonging, Careers, Parenting",1,,,,,0,NO_MATCH,,,
mosheh-oinounou,Mosheh Oinounou,Mo News,Video - Instagram,General News,1,,,,,0,NO_MATCH,,,
nat-herz,Nat Herz,Northern Journal,Newsletter - Ghost,"Politics, Climate/Environment, Local",1,,,,,0,NO_MATCH,,,
natalie-jennings,Natalie Jennings,Down From DC,Newsletter - Substack,"Politics, Policy, Government Accountability, Local",1,,,,,0,NO_MATCH,,,
nate-spangle,Nate Spangle,Get Indiana,Newsletter - Beehiiv,"Local, Lifestyle",1,,,,,0,NO_MATCH,,,
nathan-graber-lipperman,Nathan Graber-Lipperman,Creator Mag,Newsletter - Substack,"Explanatory, Internet Culture",1,,,,,0,NO_MATCH,,,
niala-boodhoo,Niala Boodhoo,Niala Boodhoo,Newsletter - Substack,Faith/Religion,1,,,,,0,NO_MATCH,,,
nigel-braun,Nigel Braun,NileRed,Video - YouTube,Science,1,,,,,0,NO_MATCH,,,
olivia-ruth-messer,Olivia Ruth Messer,The Barbed Wire,Website,Politics,1,,,,,0,NO_MATCH,,,
om-malik,Om Malik,On my Om,Website,Tech,1,,,,,0,NO_MATCH,,,
paul-queary,Paul Queary,The Washington Observer,Newsletter - Substack,"Politics, Local",1,,,,,0,NO_MATCH,,,
phil-rosen,Phil Rosen,Opening Bell Daily,Newsletter - Beehiiv,Finance/Economics,1,,,,,0,NO_MATCH,,,
philip-bennett,Philip Bennett,Dear White Staffers,Social - Instagram,Local,1,,,,,0,NO_MATCH,,,
phoebe-zerwick,Phoebe Zerwick,Down From DC,Newsletter - Substack,"Politics, Policy, Government Accountability, Local",1,,,,,0,NO_MATCH,,,
prakash-loungani,Prakash Loungani,Global Housing Watch,Newsletter - Substack,Finance/Economics,1,,,,,0,NO_MATCH,,,
rachel-bade,Rachel Bade,The Inner Circle,Newsletter - Substack,Politics,1,,,,,0,NO_MATCH,,,
rachel-karten,Rachel Karten,Link in Bio,Newsletter - Substack,"Tech, Media/Power, Culture",1,,,,,0,NO_MATCH,,,
rahim-jessani,Rahim Jessani,Bottom Up Media,Newsletter - Substack,"General News, Media/Power",1,,,,,0,NO_MATCH,,,
ravi-somaiya,Ravi Somaiya,Bungalow Magazine,Newsletter - Beehiiv,Investigative,1,,,,,0,NO_MATCH,,,
rebecca-becky-smethurst,"Rebecca ""Becky"" Smethurst",Dr. Becky,Video - YouTube,Science,1,,,,,0,NO_MATCH,,,
rebecca-enberg,Rebecca Enberg,Your House Machine,Newsletter - Substack,"Home, Tech",1,,,,,0,NO_MATCH,,,
rich-leiby,Rich Leiby,Rich Leiby,Newsletter - Substack,General News,1,,,,,0,NO_MATCH,,,
richard-pretorius,Richard Pretorius,Wanderings & Wisdoms,Newsletter - Substack,"Day in a Life, Travel",1,,,,,0,NO_MATCH,,,
rina-shah,Rina Shah,Rina Shah,Social - Instagram,General News,1,,,,,0,NO_MATCH,,,
robert-cottrell,Robert Cottrell,The Browser,Newsletter - Ghost,General News,1,,,,,0,NO_MATCH,,,
rohin-francis,Rohin Francis,Medlife Crisis,Video - YouTube,Health/Wellness,1,,,,,0,NO_MATCH,,,
rohini-manixkam,Rohini Manixkam,rohinimm,Video - Instagram,Science,1,,,,,0,NO_MATCH,,,
rollie-williams,Rollie Williams,Climate Town,Video - YouTube,Climate/Environment,1,,,,,0,NO_MATCH,,,
ross-barkan,Ross Barkan,Political Currents,Newsletter - Substack,Politics,1,,,,,0,NO_MATCH,,,
russ-mould,Russ Mould,Commodity Context,Newsletter - Substack,Finance/Economics,1,,,,,0,NO_MATCH,,,
ruth-reichl,Ruth Reichl,La Briffe,Newsletter - Substack,"Food, Restaurants and bars",1,,,,,0,NO_MATCH,,,
sally-squires,Sally Squires,Lean Plate Club,Newsletter - Substack,"Food, Health/Wellness",1,,,,,0,NO_MATCH,,,
samantha-yammine,Samantha Yammine,Science Sam,Video - Instagram,Science,1,,,,,0,NO_MATCH,,,
sara-petersen,Sara Petersen,In Pursuit of Clean Countertops,Newsletter - Substack,"Parenting, Home, Day in a Life",1,,,,,0,NO_MATCH,,,
sarah-d-bunting,Sarah D. Bunting,Best Evidence,Newsletter - Other,"Crime, Media/Power",1,,,,,0,NO_MATCH,,,
scott-choppin,Scott Choppin,The Real Signal,Newsletter - Substack,Real Estate,1,,,,,0,NO_MATCH,,,
serena-maria-daniels,Serena Maria Daniels,Midwest Mexican,Newsletter - Substack,Food,1,,,,,0,NO_MATCH,,,
simone-giertz,Simone Giertz,Simone Giertz,Video - YouTube,Tech,1,,,,,0,NO_MATCH,,,
sophia-laurenzi,Sophia Laurenzi,Surface Level,Newsletter - Substack,"Crime, Mental Health, Identity/Belonging",1,,,,,0,NO_MATCH,,,
sophie-from-mars,Sophie from Mars,Sophie from Mars,Video - YouTube,Politics,1,,,,,0,NO_MATCH,,,
stephanie-lau,Stephanie Lau,Cook Club,Newsletter - Substack,"Food, Culture",1,,,,,0,NO_MATCH,,,
tana-ganeva,Tana Ganeva,Substance,Newsletter - Substack,Criminal Justice,1,,,,,0,NO_MATCH,,,
tanmoy-goswami,Tanmoy Goswami,Sanity by Tanmoy,Newsletter - Ghost,"Mental Health, Health/Wellness, World",1,,,,,0,NO_MATCH,,,
tanzina-vega,Tanzina Vega,The New Middle,Newsletter - Substack,"Politics, Culture",1,,,,,0,NO_MATCH,,,
taylor-dahlin,Taylor Dahlin,Taylor Dahlin,Website,Local,1,,,,,0,NO_MATCH,,,
the-hyattsville-wire,The Hyattsville Wire,The Hyattsville Wire,Video - Instagram,Local,1,,,,,0,NO_MATCH,,,
theresa-goodrich,Theresa Goodrich,Living Landmarks Of Chicago,Newsletter - Substack,"Culture, Architecture, Local, History, Things to Do",1,,,,,0,NO_MATCH,,,
tommy-geoco,Tommy Geoco,Designer Tom,Video - TikTok,Tech,1,,,,,0,NO_MATCH,,,
tomo-chien,Tomo Chien,Morning Trojan,Newsletter - Beehiiv,"Local, Education",1,,,,,0,NO_MATCH,,,
tony-mecia,Tony Mecia,The Charlotte Ledger,Newsletter - Substack,Local,1,,,,,0,NO_MATCH,,,
ulrike-langer,Ulrike Langer,News Machines,Newsletter - Beehiiv,"Tech, Media/Power",1,,,,,0,NO_MATCH,,,
victoria-wolff,Victoria Wolff,Our Amagansett House,Newsletter - Substack,"Day in a Life, Design, Lifestyle",1,,,,,0,NO_MATCH,,,
wendall-wilson,Wendall Wilson,Level1Techs,Video - YouTube,Tech,1,,,,,0,NO_MATCH,,,
william-arkin,William Arkin,Government Secrets,Newsletter - Substack,Foreign Policy,1,,,,,0,NO_MATCH,,,
yessina-funes,Yessina Funes,Possibilities,Newsletter - Ghost,Climate/Environment,1,,,,,0,NO_MATCH,,,
zach-griff,Zach Griff,From the Tray Table,Newsletter - Beehiiv,Travel,1,,,,,0,NO_MATCH,,,
zachary-hourihane,Zachary Hourihane,Swiftologist,Newsletter - Substack,Culture,1,,,,,0,NO_MATCH,,,
zahra-burton,Zahra Burton,18 Degrees North,Newsletter - Substack,"Investigative, World",1,,,,,0,NO_MATCH,,,
zineb-haddaji,Zineb Haddaji,Photography of Zineb,Social - LinkedIn,Local,1,,,,,0,NO_MATCH,,,
akhil-reed-amar,Akhil Reed Amar,Amarica's Constitution,Podcast,Law/Legal Issues,2,akhilreedamar.bsky.social,Akhil Reed Amar,0,Constitutional scholar@Yale,6,HIGH,https://bsky.app/profile/akhilreedamar.bsky.social,,
alex-ip,Alex Ip,The Xylom,Website,"Health/Wellness, Climate/Environment",2,alexip718.com,Alex Ip 葉清霖,0,"Freedom through Truth for Service. 
Publisher and Editor at @thexylom.com.

I made the ""Generative AI Slop-free News Out",6,HIGH,https://bsky.app/profile/alexip718.com,,
alex-ip,Alex Ip,The Xylom,Website,"Health/Wellness, Climate/Environment",2,alex-ip.bsky.social,Alex IP,0,"Senior Full Stack Developer
I help developers find a high paying job in 3-6 months!
Check link below 👇
https://www.skool",6,HIGH,https://bsky.app/profile/alex-ip.bsky.social,,
anna-tran,Anna Tran,Anna Tran,Social - Instagram,Travel,2,annatran.bsky.social,Anna Tran,0,"TV Comedy Writer • Recovering Nun • Jolly spirit who always wants to help you, whether you like it or not #multicultural",7,HIGH,https://bsky.app/profile/annatran.bsky.social,,
anthony-davis,Anthony Davis,Five Minute News,Website,"General News, World, Politics",2,theanthonydavis.bsky.social,Anthony Davis,0,British Announcer 🎙️ Please support independent journalism. https://theanthonydavis.substack.com/,7,HIGH,https://bsky.app/profile/theanthonydavis.bsky.social,,
audrey-watters,Audrey Watters,Second Breakfast,Website,Education,2,audreywatters.bsky.social,Audrey Watters,0,"I’m just here so I won’t get fined — Marshawn Lynch
https://t.ajrkmx1.com/331727/6224/0?po=6533&aff_sub5=SF_006OG000004l",6,HIGH,https://bsky.app/profile/audreywatters.bsky.social,,
cheyenne-lin,Cheyenne Lin,Cheyenne Lin,Video - YouTube,Culture,2,cheyennelin.bsky.social,Cheyenne Lin,0,making video essays on youtube 🙂 | she/her | cover art by me,6,HIGH,https://bsky.app/profile/cheyennelin.bsky.social,,
dan-carlin,Dan Carlin,Hardcore History,Podcast,History,2,dancarlin.bsky.social,Dan Carlin,0,Host of Hardcore History. I do other stuff too. Find our (free) irregularity updated newsletter at https://dancarlin.sub,8,HIGH,https://bsky.app/profile/dancarlin.bsky.social,,
francesca-donner,Francesca Donner,The Persistent,Website,Gender,2,francescadonner.bsky.social,Francesca Donner,0,"Former NYT, reinvented as editor of The Persistent — amplifying women’s voices, stories, perspectives and ideas. 💛 Did y",7,HIGH,https://bsky.app/profile/francescadonner.bsky.social,,
fraser-jones,Fraser Jones,Fraser Jones TV,Website,"Culture, Investigative",2,fraserjones.net,Fraser Jones,0,,6,HIGH,https://bsky.app/profile/fraserjones.net,,
gary-stager,Gary Stager,Gary Stager,Website,"Education, Tech",2,garystager.bsky.social,"Gary Stager, Ph.D.",0,"Progressive educator, journalist, speaker, author, book publisher.
Founder & CEO of Constructing Modern Knowledge
https:",7,HIGH,https://bsky.app/profile/garystager.bsky.social,,
gillian-brockell,Gillian Brockell,Gillian Brockell,Website,"World, Immigration",2,gillianbrockell.com,Gillian Brockell,0,"I track ICE flights and third-country removals. Bylines in Mother Jones, Zeteo, Rolling Stone, American Prospect. Former",7,HIGH,https://bsky.app/profile/gillianbrockell.com,,
imani-barbarin,Imani Barbarin,Crutches & Spice,Website,"Identity/Belonging, Health/Wellness",2,imanibarbarin.bsky.social,Imani Barbarin,0,"Disabled Loudmouth.

https://www.canva.com/design/DAFjqA7WtS0/11YO6Ql6Yl9J792_jipiwQ/edit?utm_content=DAFjqA7WtS0&utm_ca",6,HIGH,https://bsky.app/profile/imanibarbarin.bsky.social,,
jake-rockatansky,Jake Rockatansky,QAA Podcast,Podcast,"Comedy, History, Media/Power",2,jakerockatansky.bsky.social,Jake Rockatansky,0,I'm an ideas guy!,6,HIGH,https://bsky.app/profile/jakerockatansky.bsky.social,,
jay-rosen,Jay Rosen,PressThink,Website,Media/Power,2,jayrosen.bsky.social,Jay Rosen,0,Let's see...  39 years teaching journalism at NYU. A critic who tries to be useful. PressThink: the name of my subject a,7,HIGH,https://bsky.app/profile/jayrosen.bsky.social,,
joel-whitaker,Joel Whitaker,Kane's Beverage News Daily,Website,"Business, Finance/Economics",2,joelwhitaker.bsky.social,Joel Whitaker,0,,6,HIGH,https://bsky.app/profile/joelwhitaker.bsky.social,,
jonathan-rabb,Jonathan Rabb,Watch The Yard,Website,Identity/Belonging,2,jonathanrabb.bsky.social,Jonathan Rabb,0,,6,HIGH,https://bsky.app/profile/jonathanrabb.bsky.social,,
ken-layne,Ken Layne,Desert Oracle,Podcast,Culture,2,kenlayne.bsky.social,Ken Layne,0,"Desert Oracle Radio & etc.
http://desertoracle.com
https://podcasts.apple.com/us/podcast/desert-oracle-radio/id125119742",6,HIGH,https://bsky.app/profile/kenlayne.bsky.social,,
marissa,Marissa,Marissa,Social - Instagram,Travel,2,marissarmoss.bsky.social,Marissa R. Moss,0,"Senior Writer, Rolling Stone. Nashvillian, etc. Wrote a book called HER COUNTRY for Holt. Writing one now for Da Capo ca",6,HIGH,https://bsky.app/profile/marissarmoss.bsky.social,,
marissa,Marissa,Marissa,Social - Instagram,Travel,2,marissalenti.com,Marissa Lenti / Vixen the Reindeer,0,"(She/They) Voice Actor/ADR Director/ADR Writer | Streaming: 
@Vixen_VTuber on Twitch | Voiceover & Convention Booking: h",6,HIGH,https://bsky.app/profile/marissalenti.com,,
mike-cosper,Mike Cosper,The Rise and Fall of Mars Hill,Podcast,Faith/Religion,2,mikecosper.bsky.social,Mike Cosper,0,"Podcaster, writer at Christianity Today and elsewhere. Author of The Church in Dark Times and other books. Host of Rise ",7,HIGH,https://bsky.app/profile/mikecosper.bsky.social,,
peter-zeihan,Peter Zeihan,Zeihan on Geopolitics,Website,World,2,peterzeihan.bsky.social,Peter Zeihan,0,"Geopolitical strategist, speaker, author.

Free Newsletter → http://zeihan.com/newsletter/ ",7,HIGH,https://bsky.app/profile/peterzeihan.bsky.social,,
preet-bharara,Preet Bharara,Stay Tuned with Preet,Podcast,"Law/Legal Issues, Politics",2,preetbharara.bsky.social,Preet Bharara,0,"Patriotic American. Former US Attorney, SDNY. Banned by Putin. Fired by Trump.",6,HIGH,https://bsky.app/profile/preetbharara.bsky.social,,
sara-yasin,Sara Yasin,The Key,Website,World,2,sarayasin.bsky.social,Sara Yasin,0,"palestinian-american raised on a steady diet of hummus and fried chicken. editor-in-chief, the key (a palfest production",7,HIGH,https://bsky.app/profile/sarayasin.bsky.social,,
sarah-marshall,Sarah Marshall,You're Wrong About,Podcast,"History, Media/Power, Gender",2,sarahmarshall.bsky.social,Sarah Marshall,0,,6,HIGH,https://bsky.app/profile/sarahmarshall.bsky.social,,
sarah-posner,Sarah Posner,Reign of Error,Podcast,Faith/Religion,2,sarahposner.bsky.social,Sarah Posner,0,"Contributing writer, TPM: https://talkingpointsmemo.com/profile/sarahposner

Host, Reign of Error podcast: https://www.a",7,HIGH,https://bsky.app/profile/sarahposner.bsky.social,,
sean-hammond,Sean Hammond,Sean Hammond,Social - Instagram,Travel,2,seanhammond.bsky.social,Sean Hammond,0,Chicago Bears beat reporter for the Chicago Tribune.,7,HIGH,https://bsky.app/profile/seanhammond.bsky.social,,
tara,Tara,Tara,Social - Instagram,Travel,2,taradublinrocks.com,"Tara Dublin, Rock Star Author📚❤️‍🔥🤘🏻",0,"Political writer for hire in Portland 

Unsigned author of THE SOUND OF SETTLING, A Rock & Roll Love Story 

taradublinr",6,HIGH,https://bsky.app/profile/taradublinrocks.com,,
travis-view,Travis View,QAA Podcast,Podcast,"Comedy, History, Media/Power",2,travisview.bsky.social,Travis View,0,"Father. Husband. Tap water goblin. QAnon Anonymous podcast host. 

QAnon, conspiracy theories, disinfo, and other signs ",6,HIGH,https://bsky.app/profile/travisview.bsky.social,,
ada,Ada,Ada,Social - Instagram,Travel,2,adamserwer.bsky.social,Adam Serwer,0,Romanista. Buy my book: https://www.penguinrandomhouse.com/books/665171/the-cruelty-is-the-point-by-adam-serwer/,5,MEDIUM,https://bsky.app/profile/adamserwer.bsky.social,,
ada,Ada,Ada,Social - Instagram,Travel,2,adamkinzinger.substack.com,Adam Kinzinger,0,Dad. Husband. Former GOP congressman. Voted to impeach Trump. Now fighting for our democracy. Lt. Col. Air National Guar,5,MEDIUM,https://bsky.app/profile/adamkinzinger.substack.com,,
ada,Ada,Ada,Social - Instagram,Travel,2,adamparkhomenko.bsky.social,Adam Parkhomenko,0,"Dem Strategist. Dad to Cameron, Paxton & Brooks. https://TheAltMedia.com
https://youtube.com/@adamparkhomenkoshow",5,MEDIUM,https://bsky.app/profile/adamparkhomenko.bsky.social,,
alex-goldman,Alex Goldman,Hyperfixed,Podcast,"Tech, Culture",2,agoldnerd.bsky.social,Alex Goldman,0,"Tech nerd, game player, reader, writer.",5,MEDIUM,https://bsky.app/profile/agoldnerd.bsky.social,,
blake-chastain,Blake Chastain,The Post-Evangelical Post / Exvangelical,Podcast,Faith/Religion,2,brchastain.social,Blake Chastain,0,"Author, Exvangelical & Beyond: How American Christianity Went Radical and the Movement That's Fighting Back. Host: Exvan",5,MEDIUM,https://bsky.app/profile/brchastain.social,,
dmitri-alperovitch,Dmitri Alperovitch,Geopolitics Decanted,Podcast,Foreign Policy,2,dmitri.silverado.org,Dmitri Alperovitch,0,"Geopolitics, Russia, China, Cyber
Chairman @silverado.org
Author of WorldOnTheBrink.com
Host GeopoliticsDecanted.com pod",4,MEDIUM,https://bsky.app/profile/dmitri.silverado.org,,
gabriel-sanchez,Gabriel Sanchez,Gabriel Sanchez,Social - Instagram,Culture,2,gsm7.bsky.social,Gabriel Sanchez,0,"Economist at the IBD, professor at UTDT, aspirational writer",5,MEDIUM,https://bsky.app/profile/gsm7.bsky.social,,
jason-mundok,Jason Mundok,So Good Lancaster,Podcast,"Culture, Food, Art, Lifestyle",2,jmundok.bsky.social,Jason Mundok,0,"A not-famous musician and podcaster from Lancaster, PA. 

@sogoodlancaster.bsky.social

#lancasterpa",4,MEDIUM,https://bsky.app/profile/jmundok.bsky.social,,
jose-antonio-vargas,Jose Antonio Vargas,Define American,Website,Immigration,2,joseiswriting.bsky.social,Jose Antonio Vargas,0,"Founder of @defineamerican 
Co-founder, @1587sneakers 
📚: White Is Not a Country, Dear America
🎭: Here Lies love  
🎓: Va",4,MEDIUM,https://bsky.app/profile/joseiswriting.bsky.social,,
kate-wagner,Kate Wagner,McMansion Hell,Website,Architecture,2,katewagnerschleigh.bsky.social,Kate Wagner Schleigh,0,"Mom, stepmom, Girl Scout leader, legislative aide, and lover of good beer. 🍺",5,MEDIUM,https://bsky.app/profile/katewagnerschleigh.bsky.social,,
lisa-morris,Lisa Morris,Lisa Morris,Social - Instagram,Travel,2,lmorris-author.bsky.social,Lisa Morris,0,"Author, poet, editor | EIC @ Q&C
Chaotic and feral. 
🏳️‍🌈🏳️‍⚧️🇵🇸🇺🇦
BETHESDA - 2026 - Quill & Crow Publishing House",5,MEDIUM,https://bsky.app/profile/lmorris-author.bsky.social,,
liz-carlson,Liz Carlson,Young Adventuress,Website,Travel,2,lizcarlsonart.bsky.social,Liz Carlson Tomczak,0,"Artist & teacher in Saint Paul, MN
🐶Noodles mom
Mrs.Studio406Provisions",5,MEDIUM,https://bsky.app/profile/lizcarlsonart.bsky.social,,
samuel-sinyangwe,Samuel Sinyangwe,Mapping Police Violence,Website,Criminal Justice,2,samswey.bsky.social,Samuel Sinyangwe,0,Data Scientist. Mapping Police Violence.,4,MEDIUM,https://bsky.app/profile/samswey.bsky.social,,
julian-feeld,Julian Feeld,QAA Podcast,Podcast,"Comedy, History, Media/Power",2,superstructurepod.bsky.social,Super Structure with Julian Feeld,0,"Current events, history & politics podcast w/ Julian Feeld & Jon Gabrus about the power of propaganda, political repress",3,LOW,https://bsky.app/profile/superstructurepod.bsky.social,,
ada-tseng,Ada Tseng,Ada Tseng,Website,"Identity/Belonging, Culture, Food",2,,,,,0,NO_MATCH,,,
adedayo-fashanu,Adedayo Fashanu,TANTV,Website,Travel,2,,,,,0,NO_MATCH,,,
aleah-seth,Aleah & Seth,Aleah & Seth,Social - Instagram,Travel,2,,,,,0,NO_MATCH,,,
alexis-buchanan-thomas,Alexis Buchanan Thomas,Black Girls Do Politics,Website,"Politics, Identity/Belonging, Gender",2,,,,,0,NO_MATCH,,,
alina-zubanova,Alina Zubanova,Alina Zubanova,Social - Instagram,Travel,2,,,,,0,NO_MATCH,,,
alisha-miranda,Alisha Miranda,Alisha in the Biz,Website,"Restaurants and bars, Food, Culture, Local",2,,,,,0,NO_MATCH,,,
asia,Asia,Asia,Social - Instagram,Travel,2,,,,,0,NO_MATCH,,,
bethany-looi,Bethany Looi,Bethany Looi,Social - Instagram,Travel,2,,,,,0,NO_MATCH,,,
bianca-ling,Bianca Ling,Bianca Ling,Social - Instagram,Travel,2,,,,,0,NO_MATCH,,,
brace-belden,Brace Belden,TrueAnon Podcast,Podcast,"Government Accountability, Media/Power",2,,,,,0,NO_MATCH,,,
brinda-sharma,Brinda Sharma,Brinda Sharma,Social - Instagram,Travel,2,,,,,0,NO_MATCH,,,
bruce-maples,Bruce Maples,Forward Kentucky,Website,"Politics, Local",2,,,,,0,NO_MATCH,,,
caitlin-schmidt,Caitlin Schmidt,Tucson Spotlight,Website,Entertainment/Hollywood,2,,,,,0,NO_MATCH,,,
caleb-harmon-marshall,Caleb Harmon-Marshall,Gate Access,Video - TikTok,Travel,2,,,,,0,NO_MATCH,,,
cameron-cowan,Cameron Cowan,The Cameron Journal,Website,Culture,2,,,,,0,NO_MATCH,,,
camille-copeland,Camille Copeland,Generocity,Website,Education,2,,,,,0,NO_MATCH,,,
chai-sunkist,Chai & Sunkist,Chai & Sunkist,Social - Instagram,Travel,2,,,,,0,NO_MATCH,,,
cherie-brooke-luo,Cherie Brooke Luo,Tiger Sisters,Podcast,Personal Finance,2,,,,,0,NO_MATCH,,,
christine-platt,Christine Platt,The Afrominimalist,Website,"Culture, Identity/Belonging",2,,,,,0,NO_MATCH,,,
claire-mcnamara,Claire McNamara,Oh My Rockness,Website,"Things to Do, Music",2,,,,,0,NO_MATCH,,,
cristina-pulfo-andrea-razeto,Cristina Pulfo & Andrea Razeto,Cristina Pulfo & Andrea Razeto,Social - Instagram,Travel,2,,,,,0,NO_MATCH,,,
curtis-chang,Curtis Chang,The Good Faith Podcast,Podcast,"Faith/Religion, Culture",2,,,,,0,NO_MATCH,,,
danica-samuel,Danica Samuel,Vainqueur Magazine,Website,Fashion,2,,,,,0,NO_MATCH,,,
danielle-desir-corbett,Danielle Desir Corbett,The Thought Card,Podcast,"Culture, Travel",2,,,,,0,NO_MATCH,,,
dario-durham,Dario Durham,77 Flavors Of Chicago,Website,"Restaurants and bars, History, Culture, Local",2,,,,,0,NO_MATCH,,,
dermot-cole,Dermot Cole,Reporting from Alask,Website,"Politics, Local",2,,,,,0,NO_MATCH,,,
desmond-latham,Desmond Latham,History of South Africa Podcast,Podcast,History,2,,,,,0,NO_MATCH,,,
dmv-adventures-chris,DMV Adventures Chris,DMV Adventures Chris,Video - YouTube,Travel,2,,,,,0,NO_MATCH,,,
dr-jennifer-ashton,Dr. Jennifer Ashton,Ajenda,Website,"Health/Wellness, Fitness",2,,,,,0,NO_MATCH,,,
eddy-brotemarkle,Eddy Brotemarkle,Wichita By E.B.,Website,"Local, Food",2,,,,,0,NO_MATCH,,,
emily-oster,Emily Oster,Parent Data,Website,Parenting,2,,,,,0,NO_MATCH,,,
emily-silverman,Emily Silverman,The Nocturnists,Podcast,"Health/Wellness, Day in a Life",2,,,,,0,NO_MATCH,,,
emma-grede,Emma Grede,Aspire with Emma Grede,Podcast,Business,2,,,,,0,NO_MATCH,,,
erin-allmann-updyke,Erin Allmann Updyke,This Podcast Will Kill You,Podcast,"Health/Wellness, History, Science",2,,,,,0,NO_MATCH,,,
esther-perel,Esther Perel,Where Should We Begin?,Podcast,"Health/Wellness, Mental Health",2,,,,,0,NO_MATCH,,,
fari-sanyika,Fari Sanyika,Fari Sanyika,Social - Instagram,Travel,2,,,,,0,NO_MATCH,,,
farrah-malala,Farrah Malala,momofmamony,Social - Instagram,Travel,2,,,,,0,NO_MATCH,,,
florian-sohnke,Florian Sohnke,Chicago Contrarian,Website,"Government Accountability, Politics, Local, Crime",2,,,,,0,NO_MATCH,,,
gabrielle-judge,Gabrielle Judge,Ms. Anti Work,Video - Instagram,Culture,2,,,,,0,NO_MATCH,,,
ginny-yurich,Ginny Yurich,1000 Hours Outside,Podcast,"Outdoors, Parenting",2,,,,,0,NO_MATCH,,,
hannah-gaber,Hannah Gaber,Jew-ish,Podcast,Identity/Belonging,2,,,,,0,NO_MATCH,,,
ilyssa-panitz,Ilyssa Panitz,The Divorce Hour,Website,,2,,,,,0,NO_MATCH,,,
ivan-oransky,Ivan Oransky,Retraction Watch,Website,"Science, Health/Wellness",2,,,,,0,NO_MATCH,,,
jared-byas,Jared Byas,The Bible for Normal People,Podcast,Faith/Religion,2,,,,,0,NO_MATCH,,,
jason-fraley,Jason Fraley,Beyond the Fame with Jason Fraley,Podcast,"Film/Movies, Music, Entertainment/Hollywood, Comedy",2,,,,,0,NO_MATCH,,,
jason-kottke,Jason Kottke,Kottke.org,Website,"Tech, Art",2,,,,,0,NO_MATCH,,,
jeff-eager,Jeff Eager,The Oregon Roundup,Website,"Politics, Finance/Economics, Local",2,,,,,0,NO_MATCH,,,
jen-ruiz,Jen Ruiz,jenonajetplane,Video - TikTok,Travel,2,,,,,0,NO_MATCH,,,
jesse-ogundiran,Jesse Ogundiran,Jesse Ogundiran,Video - YouTube,Travel,2,,,,,0,NO_MATCH,,,
joanna-goddard,Joanna Goddard,Cup of Jo,Website,"Parenting, Lifestyle, Home",2,,,,,0,NO_MATCH,,,
jordan-gass-poore,Jordan Gass-Poore,Hazard Podcast,Podcast,"Investigative, Climate/Environment",2,,,,,0,NO_MATCH,,,
jose-luis-vilson,Jose Luis Vilson,The Jose Vilson,Website,"Education, Identity/Belonging",2,,,,,0,NO_MATCH,,,
kaiser-fung,Kaiser Fung,Junk Charts,Website,Data Visualization,2,,,,,0,NO_MATCH,,,
katie-romero,Katie Romero,Katie Romero,Social - Instagram,Travel,2,,,,,0,NO_MATCH,,,
khadija-mbowe,Khadija Mbowe,Khadija Mbowe,Video - YouTube,Culture,2,,,,,0,NO_MATCH,,,
king-demetrius-pendleton,King Demetrius Pendleton,Listen Media,Website,Immigration,2,,,,,0,NO_MATCH,,,
kris-mcdaniel,Kris McDaniel,LittleTechGirl,Website,"Tech, Home, Design",2,,,,,0,NO_MATCH,,,
kristen-wile,Kristen Wile,Unpretentious Palate,Website,"Food, Local",2,,,,,0,NO_MATCH,,,
lance-lambert,Lance Lambert,ResiClub,Website,Housing,2,,,,,0,NO_MATCH,,,
laura-weffer-cifuentes,Laura Weffer Cifuentes,Esta es la Cosa,Website,"Local, Politics, Government Accountability",2,,,,,0,NO_MATCH,,,
lawrence-schlossman,Lawrence Schlossman,Throwing Fits,Podcast,Fashion,2,,,,,0,NO_MATCH,,,
libby-rasmussen,Libby Rasmussen,Libby Living Colorfully,Video - Instagram,Culture,2,,,,,0,NO_MATCH,,,
liz-franczak,Liz Franczak,TrueAnon Podcast,Podcast,"Government Accountability, Media/Power",2,,,,,0,NO_MATCH,,,
luc-clement,Luc Clément,SUDNLY,Website,"Design, Art, Culture, Architecture, Lifestyle",2,,,,,0,NO_MATCH,,,
maggie-sellers-reum,Maggie Sellers Reum,Hot Smart Rich,Website,"Business, Personal Finance",2,,,,,0,NO_MATCH,,,
marcy-wheeler,Marcy Wheeler,emptywheel,Website,National Security,2,,,,,0,NO_MATCH,,,
maria-hinojosa,Maria Hinojosa,Futuro Media,Website,"Immigration, Identity/Belonging",2,,,,,0,NO_MATCH,,,
mark-manson,Mark Manson,Subtle Art of Not Giving a F*ck,Podcast,Explanatory,2,,,,,0,NO_MATCH,,,
matika-wilbur,Matika Wilbur,All My Relations Podcast,Podcast,"Culture, Identity/Belonging",2,,,,,0,NO_MATCH,,,
meena-thiruvengadam,Meena Thiruvengadam,Travel with Meena,Website,Travel,2,,,,,0,NO_MATCH,,,
megan-raposa,Megan Raposa,Sioux Falls Simplified,Website,"Local, Politics, Education",2,,,,,0,NO_MATCH,,,
meghan-ramsey,Meghan Ramsey,Meghan Ramsey,Video - TikTok,Travel,2,,,,,0,NO_MATCH,,,
mercedes-schneider,Mercedes Schneider,Mercedes Schneider,Website,Education,2,,,,,0,NO_MATCH,,,
michael-liroff,Michael Liroff,5-4 Pod,Podcast,"Law/Legal Issues, Politics",2,,,,,0,NO_MATCH,,,
mikekel-robinson,Mikekel Robinson,Mikekel's Media,Website,"Identity/Belonging, Education",2,,,,,0,NO_MATCH,,,
monet-hambrick,Monet Hambrick,Monet Hambrick,Social - Instagram,Travel,2,,,,,0,NO_MATCH,,,
nadia-bolz-weber,Nadia Bolz Weber,Sarcastic Lutheran,Video - Instagram,Faith/Religion,2,,,,,0,NO_MATCH,,,
neha-ruch,Neha Ruch,Mother Untitled,Website,"Identity/Belonging, Parenting",2,,,,,0,NO_MATCH,,,
neil-malik,Neil Malik,The Level,Website,World,2,,,,,0,NO_MATCH,,,
nupur-singh,Nupur Singh,nupur.singh,Video - Instagram,Travel,2,,,,,0,NO_MATCH,,,
olivia-maher,Olivia Maher,Olivia Maher,Social - Instagram,Travel,2,,,,,0,NO_MATCH,,,
overheard-dc,Overheard DC,Overheard DC,Social - Instagram,Culture,2,,,,,0,NO_MATCH,,,
patrick-pfingsten,Patrick Pfingsten,The Illinoize,Website,"Politics, Local",2,,,,,0,NO_MATCH,,,
patrick-jeremy-randy-richardson,"Patrick, Jeremy, Randy Richardson",Wrigleyville Nation,Website,"Sports, Local",2,,,,,0,NO_MATCH,,,
pete-enns,Pete Enns,The Bible for Normal People,Podcast,Faith/Religion,2,,,,,0,NO_MATCH,,,
pete-kastanes,Pete Kastanes,Vanished Chicagoland Stories,Podcast,"Culture, Explanatory, Local, History",2,,,,,0,NO_MATCH,,,
peter-shamshiri,Peter Shamshiri,5-4 Pod,Podcast,"Law/Legal Issues, Politics",2,,,,,0,NO_MATCH,,,
peter-shamshiri-michael-hobbes,Peter Shamshiri & Michael Hobbes,If Books Could Kill,Podcast,"Books/Writing, Media/Power",2,,,,,0,NO_MATCH,,,
phil-vischer,Phil Vischer,Holy Post,Podcast,Faith/Religion,2,,,,,0,NO_MATCH,,,
rhiannon-hamam,Rhiannon Hamam,5-4 Pod,Podcast,"Law/Legal Issues, Politics",2,,,,,0,NO_MATCH,,,
roya-fox,Roya Fox,royaventurera,Video - TikTok,Culture,2,,,,,0,NO_MATCH,,,
ru-kotryna,Ru Kotryna,Ru Kotryna,Social - Instagram,Travel,2,,,,,0,NO_MATCH,,,
se-smith,s.e. smith,s.e. smith,Website,"Identity/Belonging, Health/Wellness",2,,,,,0,NO_MATCH,,,
sara-faddah,Sara Faddah,77 Flavors Of Chicago,Website,"Restaurants and bars, History, Culture, Local",2,,,,,0,NO_MATCH,,,
shajan-c-kumar,Shajan C Kumar,News Natives,Website,"Data Visualization, Tech",2,,,,,0,NO_MATCH,,,
shanspeare,Shanspeare,Shanspeare,Video - YouTube,Culture,2,,,,,0,NO_MATCH,,,
shenelle-rodrigo,Shenelle Rodrigo,Sheneller,Social - Instagram,Travel,2,,,,,0,NO_MATCH,,,
steven-bartlett,Steven Bartlett,The Diary of a CEO,Podcast,"Business, Self-Help",2,,,,,0,NO_MATCH,,,
suzy-verduron-austin-chou,Suzy Verduron & Austin Chou,Suzy Verduron & Austin Chou,Social - Instagram,Travel,2,,,,,0,NO_MATCH,,,
sydnee-mcelroy,Sydnee McElroy,Sawbones,Podcast,"Health/Wellness, History",2,,,,,0,NO_MATCH,,,
taylor-justin,Taylor Justin,The Haute Seeker,Website,"Things to Do, Restaurants and bars, Lifestyle, Food, Fashion, Design, Culture, Local",2,,,,,0,NO_MATCH,,,
the-bigs,The Bigs,The Bigs,Website,"Local, Sports",2,,,,,0,NO_MATCH,,,
theo-henderson,Theo Henderson,We The Unhoused,Podcast,"Activism, Housing",2,,,,,0,NO_MATCH,,,
thinking-basketball,Thinking Basketball,Thinking Basketball,Podcast,Sports,2,,,,,0,NO_MATCH,,,
tim-urban,Tim Urban,Wait But Why,Website,Explanatory,2,,,,,0,NO_MATCH,,,
tine-kiefer,Tine & Kiefer,Tine & Kiefer,Video - TikTok,Travel,2,,,,,0,NO_MATCH,,,
trish-regan,Trish Regan,Trish Regan Show,Podcast,"Politics, Finance/Economics",2,,,,,0,NO_MATCH,,,
troy-petenbrink,Troy Petenbrink,Troy Petenbrink,Social - Instagram,Travel,2,,,,,0,NO_MATCH,,,
victoria-loi,Victoria Loi,Victoria Loi,Social - Instagram,Travel,2,,,,,0,NO_MATCH,,,
zanna-van-dijk,Zanna Van Dijk,Zanna Van Dijk,Social - Instagram,Travel,2,,,,,0,NO_MATCH,,,
alexander-avila,Alexander Avila,itsall.gay,Video - YouTube,LGBTQIA,3,alexander-avila.bsky.social,Alexander Avila,0,"YouTuber guy

https://youtube.com/@alexander_avila",6,HIGH,https://bsky.app/profile/alexander-avila.bsky.social,,
angelica-talan,Angelica Talan,Angelica Talan,Social - Instagram,Things to Do,3,angelicatalan.bsky.social,Angelica Talan,0,"DC based Content Creator, Mom, Wife & friend ❤️",6,HIGH,https://bsky.app/profile/angelicatalan.bsky.social,,
anya,Anya,Anya,Social - Instagram,Lifestyle,3,anya1anya.bsky.social,Anya Kamenetz,0,"Ex-NPR. Writer. New Narratives Fellow, EHRP. Books: Generation Debt, DIY U, The Art of Screen Time, The Test, The Stolen",6,HIGH,https://bsky.app/profile/anya1anya.bsky.social,,
ap,AP,AP,Social - Instagram,Restaurants and bars,3,apmresearchlab.org,APM Research Lab,0,"Data journalism hub of American Public Media Group and beyond.

Bringing facts into focus

https://www.apmresearchlab.or",6,HIGH,https://bsky.app/profile/apmresearchlab.org,,
attorney-ryan,Attorney Ryan,Attorney Ryan,Video - TikTok,Law/Legal Issues,3,attorneyryan.bsky.social,Attorney Ryan,0,"Worker’s Rights Lawyer,
Former California Firefighter",6,HIGH,https://bsky.app/profile/attorneyryan.bsky.social,,
brandy,Brandy,Brandy,Social - Instagram,Restaurants and bars,3,brandyzadrozny.bsky.social,Brandy Zadrozny,0,"Reporter lady @ms.now
Signal username: brandyzadrozny.53
Email from a non-work account: brandy.zadrozny@ms.now",6,HIGH,https://bsky.app/profile/brandyzadrozny.bsky.social,,
brandy,Brandy,Brandy,Social - Instagram,Restaurants and bars,3,brandyjensen.bsky.social,Brandy Jensen,0,Culture Editor at Defector,6,HIGH,https://bsky.app/profile/brandyjensen.bsky.social,,
brandy,Brandy,Brandy,Social - Instagram,Restaurants and bars,3,gregorbrandy.bsky.social,Grégor Brandy,0,j’aime bien internet. journaliste au monde,6,HIGH,https://bsky.app/profile/gregorbrandy.bsky.social,,
cassandra-stone,Cassandra Stone,Cassandra Stone,Social - Instagram,Lifestyle,3,cassandrastone.bsky.social,Cassandra Stone,0,"Pittsburgh editor, PTA President, and somehow Type B. Opinions are my own.",7,HIGH,https://bsky.app/profile/cassandrastone.bsky.social,,
chase-cain,Chase Cain,Chase What Matters,Video - YouTube,"Climate/Environment, Science, Explanatory",3,chasecain.bsky.social,Chase Cain,0,"🌦️ Meteorologist
🌎 former NBC Climate Reporter
📍 San Francisco

https://youtube.com/@chasecain",8,HIGH,https://bsky.app/profile/chasecain.bsky.social,,
david-horton,David Horton,David Horton,Social - Instagram,Restaurants and bars,3,davidhortonn.bsky.social,David Horton,0,"Scientist, writer, atheist. Photo - childhood home and dog
Ginninderra Press memoir (www.ginninderrapress.com.au/store.p",7,HIGH,https://bsky.app/profile/davidhortonn.bsky.social,,
eric-lee,Eric Lee,Eric Lee,Social - Instagram,Photography,3,ericleeacts.bsky.social,Eric Lee,0,Twin Cities based actor. 2016 elections activated me on Twitter. Went there to listen to/amplify the heart of the Democr,6,HIGH,https://bsky.app/profile/ericleeacts.bsky.social,,
eric-lee,Eric Lee,Eric Lee,Social - Instagram,Photography,3,ericlee.bsky.social,Eric Lee,0,"SA at Consulting Co.
Board of Directors at Mental Health Hackers
Cyclist (mainly gravel)
Be a good human",6,HIGH,https://bsky.app/profile/ericlee.bsky.social,,
erin,Erin,hillea,Video - TikTok,Lifestyle,3,erininthemorning.com,Erin Reed,0,"Independent LGBTQ+ journalist, mom, D&D DM. Tips: http://ko-fi.com/erininthemorn // Booking: http://erinreedwrites.com /",6,HIGH,https://bsky.app/profile/erininthemorning.com,,
erin,Erin,hillea,Video - TikTok,Lifestyle,3,erinbiba.bsky.social,Erin Biba,0,"She/Her

Freelance Science Journalist. Fact Checker.
NatGeo, BBC, SciAm, NBC News, PopSci, WIRED, and others. 

Hire me ",6,HIGH,https://bsky.app/profile/erinbiba.bsky.social,,
erin,Erin,hillea,Video - TikTok,Lifestyle,3,erinkeane.bsky.social,Erin Keane,0,"Writer, editor, poet, critic | Chief Content Officer at @Salon.com | Author of Runaway: Notes on the Myths That Made Me ",6,HIGH,https://bsky.app/profile/erinkeane.bsky.social,,
erin,Erin,hillea,Video - TikTok,Lifestyle,3,ering.bsky.social,Erin Griffith,0,"NYT reporter covering startups & venture capital 

Writing a book about startups in the 2010s🦄",6,HIGH,https://bsky.app/profile/ering.bsky.social,,
estee,Estee,cheapnfreedc,Social - Instagram,Things to Do,3,esteeland.bsky.social,Estee,0,"Artist. Engineer. Owns the world's smallest violin.

I'm an indie developer working with a small group of artists to mak",6,HIGH,https://bsky.app/profile/esteeland.bsky.social,,
ethan-clark,Ethan Clark,North Carolina's Weather Authority,Social - Facebook,Weather,3,ethanclark.bsky.social,Ethan Clark,0,"Game Developer/Programmer. N Step Steve, Tauriel Teaches Typing, Bee Magic, Parallel Dungeons, & more. Opinions my own. ",6,HIGH,https://bsky.app/profile/ethanclark.bsky.social,,
evan,Evan,PolyMatter,Video - YouTube,Explanatory,3,evangreer.bsky.social,Evan Greer,0,"Queer activist, writer, and musician causing problems for the powerful. Director of Fight for the Future. New album ""AMA",6,HIGH,https://bsky.app/profile/evangreer.bsky.social,,
evan,Evan,PolyMatter,Video - YouTube,Explanatory,3,john-evans.com,John Evans,0,"Writer, Disaffected Mutineer Perfumer, Latter Day Mod, Husband, Londoner. Full Time Whippet Griever 🐺❤️‍🩹🏳️‍🌈🏳️‍⚧️

http",6,HIGH,https://bsky.app/profile/john-evans.com,,
evan-lovett,Evan Lovett,LA in a Minute,Social - Instagram,"Local, History, Culture",3,evanlovett.bsky.social,Evan Lovett,0,I make art. Sometimes I make animal art for people. Sometimes I make people art for animals.,6,HIGH,https://bsky.app/profile/evanlovett.bsky.social,,
felipe-cardenas,Felipe Cardenas,Felipe Cardenas,Social - Instagram,Restaurants and bars,3,felipecardenas.bsky.social,Felipe Cardenas,0,"Senior Writer, The Athletic | The Athletic FC | CBS Sports Golazo Correspondent 📺 | IG: felipe_cardenas_sccr | @theathle",7,HIGH,https://bsky.app/profile/felipecardenas.bsky.social,,
glenn-kirschner,Glenn Kirschner,Justice Matters,Video - YouTube,Law/Legal Issues,3,glennkirschner.bsky.social,Glenn Kirschner,0,"Former 30-year federal prosecutor. Army vet. Rule of law guy. 
100% independent. 
https://substack.com/@glennkirschner?r",6,HIGH,https://bsky.app/profile/glennkirschner.bsky.social,,
high-speed-dining,High Speed Dining,High Speed Dining,Video - TikTok,Restaurants and bars,3,highspeeddining.bsky.social,High Speed DIning,0,World's Best Eater & Biggest Restaurant Supporter: 946+ Michelin star meals. I have eaten restaurant food for every meal,6,HIGH,https://bsky.app/profile/highspeeddining.bsky.social,,
Ibby,Ibby,Ibby,Social - Instagram,Restaurants and bars,3,ibbychan02.bsky.social,ibby,0,"Anime style illustrator, specialise in Vtuber art& models ✨❄️

| for commission check carrd ⬇️
https://ibbychan.carrd.co",6,HIGH,https://bsky.app/profile/ibbychan02.bsky.social,,
jason-selvig-davram-stiefler,Jason Selvig,The Good Liars,Video - YouTube,"Politics, Comedy",3,jasonselvig.bsky.social,Jason Selvig,0,,6,HIGH,https://bsky.app/profile/jasonselvig.bsky.social,,
joe-flood,Joe Flood,Joe Flood,Social - Instagram,Photography,3,joeflood.bsky.social,Joe Flood,0,"Writer, photographer, web person in DC. Also known as Red Bike Guy.",7,HIGH,https://bsky.app/profile/joeflood.bsky.social,,
jordan-uhl,Jordan Uhl,Jordan Uhl,Video - Instagram,"Politics, General News",3,jordanuhl.com,Jordan Uhl,0,"Vids: https://www.youtube.com/@itgetsworsenews?sub_confirmation=1

@itgetsworse.net 

📍: los angeles",6,HIGH,https://bsky.app/profile/jordanuhl.com,,
kala,Kala,Engineer Everything,Video - TikTok,Home,3,notkala.bsky.social,kala,0,attorney | chronically online | big brother obsessed | pop culture enthusiast | expert yapper 🦋,6,HIGH,https://bsky.app/profile/notkala.bsky.social,,
kala,Kala,Engineer Everything,Video - TikTok,Home,3,kala39.bsky.social,Kala,0,"2026 commission closed
▫️work mail: kalak39@qq.com
▪️AI転載禁止
▫️pixiv: https://www.pixiv.net/users/51241585",6,HIGH,https://bsky.app/profile/kala39.bsky.social,,
kevin,Kevin,Kevin,Social - Instagram,Restaurants and bars,3,kevinroose.com,Kevin Roose,0,"NYT tech columnist, Hard Fork co-host, best at 0.8x speed",6,HIGH,https://bsky.app/profile/kevinroose.com,,
kiki-mordi,Kiki Mordi,Kiki Mordi,Video - YouTube,"Investigative, Gender",3,kikimordi.bsky.social,Kiki Mordi,0,Yup. The very one.,6,HIGH,https://bsky.app/profile/kikimordi.bsky.social,,
kim,Kim,Kim,Social - Instagram,Restaurants and bars,3,kimkelly.bsky.social,Kim Kelly,0,"labor journalist & author. big on metal, workers, tattoos, cold places, and Philly. do no harm, take no shit 🏴

my books",6,HIGH,https://bsky.app/profile/kimkelly.bsky.social,,
kim,Kim,Kim,Social - Instagram,Restaurants and bars,3,web.kim,kim,0,About Me:  http://web.kim,6,HIGH,https://bsky.app/profile/web.kim,,
lanna,Lanna,Lanna,Social - Instagram,Restaurants and bars,3,lannazys.bsky.social,lanna,0,"ᅟᅟᅟᅟᅟᅟ ͏ ͏ ͏ ͏ ͏͏𝖼α𝗍𝗌, 𝗍𝖾α & @stray_kids.  ͏ ͏ ͏ ͏ ͏ ͏ ͏ ͏ ͏ ͏ ͏ ͏ ͏⠀⠀⠀ ⠀⠀⠀⠀ ⠀⠀⠀⠀",6,HIGH,https://bsky.app/profile/lannazys.bsky.social,,
lauren-green,Lauren Green,laurenoncapitolhill,Social - Instagram,Fashion,3,laurengreennn.bsky.social,Lauren Green,0,National Journal Energy & environment congress reporter and the occasional fit check with lawmakers on Tik Tok @ laurenm,7,HIGH,https://bsky.app/profile/laurengreennn.bsky.social,,
lynn-ngugi,Lynn Ngugi,Lynn Ngugi Network,Video - YouTube,"Human Rights, Identity/Belonging, Law/Legal Issues",3,lynnngugi.bsky.social,Lynn Ngugi,0,"Unofficial Handle
Handle Available for Acquisition",6,HIGH,https://bsky.app/profile/lynnngugi.bsky.social,,
mark-alan-andre,Mark Alan Andre,Mark Alan Andre,Social - Instagram,Photography,3,markalanandre.bsky.social,Mark Alan Andre,0,"Architect // Photographer
📍Washington, DC

https://www.markalanandre.com",6,HIGH,https://bsky.app/profile/markalanandre.bsky.social,,
maya-higa,Maya Higa,Maya Higa,Video - YouTube,"Science, Climate/Environment",3,mayahiga.bsky.social,Maya Higa,0,founder of @alveussanctuary.org💚,6,HIGH,https://bsky.app/profile/mayahiga.bsky.social,,
meghan,Meghan,Meghan,Social - Instagram,Restaurants and bars,3,meghanncuniff.bsky.social,Meghann Cuniff,0,"Legal affairs journalist in Southern California. Follow my work by subscribing to Legal Affairs and Trials.
https://www.",6,HIGH,https://bsky.app/profile/meghanncuniff.bsky.social,,
meghan,Meghan,Meghan,Social - Instagram,Restaurants and bars,3,meghanb.bsky.social,Meghan Bobrowsky,0,Reporter covering technology @WSJ. Get in touch: meghan.bobrowsky@wsj.com or meghan.99 on Signal,6,HIGH,https://bsky.app/profile/meghanb.bsky.social,,
mims,MIMS,Make It Make Sense,Video - YouTube,"Culture, Internet Culture, Entertainment/Hollywood",3,mims.bsky.social,Christopher Mims,0,"WSJ tech columnist. Author of How to AI, a bullshit-free guide to what AI is actually good for -- and also how our overe",6,HIGH,https://bsky.app/profile/mims.bsky.social,,
nick-valencia,Nick Valencia,Nick Valencia News,Video - YouTube,Immigration,3,nickvalencianews.bsky.social,Nick Valencia,0,"Independent Journalist. Founder, NVN, a top independent media platform in America, according to Pew. Transforming journa",7,HIGH,https://bsky.app/profile/nickvalencianews.bsky.social,,
nick-valencia,Nick Valencia,Nick Valencia News,Video - YouTube,Immigration,3,nickvalencianews2.bsky.social,Nick Valencia,0,"Independent journalist. CNN veteran. LA BornXRaised @USCEdu bred. ATLien.
Make Truth Go Viral.
Tu/Th, 3pm ET
https://sub",7,HIGH,https://bsky.app/profile/nickvalencianews2.bsky.social,,
nicole,Nicole,Nicole,Social - Instagram,Restaurants and bars,3,nicolefoy.bsky.social,Nicole Foy,0,"investigative reporter covering immigration, labor and more for @propublica.org
signal: nicolefoy.27",6,HIGH,https://bsky.app/profile/nicolefoy.bsky.social,,
obie,Obie,Obie,Social - Instagram,Photography,3,brookeobie.bsky.social,Brooke Obie,0,Writer|Producer| DIRECTOR #abanitufilm and #GodIsAFrequency| @bookofaddis author| Highly sought-after dinner guest| Ever,6,HIGH,https://bsky.app/profile/brookeobie.bsky.social,,
obie,Obie,Obie,Social - Instagram,Photography,3,obienator.bsky.social,Obie,0,"Lighting designer, Videographer , Cat Dad and nerd. Living on a tiny island with big dreams. 🇦🇼 ( he, him) [ A Song Of I",6,HIGH,https://bsky.app/profile/obienator.bsky.social,,
oh-the-urbanity,Oh The Urbanity!,Oh The Urbanity!,Video - YouTube,Urban Planning,3,ohtheurbanity.bsky.social,Oh The Urbanity!,0,"More housing, bikes, and transit.

https://youtube.com/@ohtheurbanity

📍 Montreal, Quebec",7,HIGH,https://bsky.app/profile/ohtheurbanity.bsky.social,,
paris-marx,Paris Marx,Paris Marx,Social - BlueSky,"Tech, World",3,parismarx.com,Paris Marx,0,"i criticize the tech industry. my new book HYPERSCALE is out October 20!

🎙️ @techwontsave.us
📬 https://disconnect.blog
",6,HIGH,https://bsky.app/profile/parismarx.com,,
phil-martin,Phil Martin,Phil Martin,Social - Instagram,Photography,3,philmartin.bsky.social,Phil Martin,0,Ikerbasque research fellow at BC3 - Basque Centre for Climate Change | applied forest ecology | evidence synthesis | Ass,7,HIGH,https://bsky.app/profile/philmartin.bsky.social,,
rachel-chefilicios,Rachel,Rachel,Social - Instagram,Restaurants and bars,3,rachelgilmore.bsky.social,Rachel Gilmore,0,"Your least favourite person's least favourite award-winning journalist✨

Follow for short-form videos on issues that mat",6,HIGH,https://bsky.app/profile/rachelgilmore.bsky.social,,
rachel-dimsumgirl,Rachel,Rachel,Social - Instagram,Restaurants and bars,3,rachelgilmore.bsky.social,Rachel Gilmore,0,"Your least favourite person's least favourite award-winning journalist✨

Follow for short-form videos on issues that mat",6,HIGH,https://bsky.app/profile/rachelgilmore.bsky.social,,
roland-s-martin,Roland S. Martin,Roland S. Martin,Video - YouTube,"Politics, General News",3,rolandsmartin.bsky.social,Roland S. Martin,0,,6,HIGH,https://bsky.app/profile/rolandsmartin.bsky.social,,
ruona-meyer,Ruona Meyer,Ruona Meyer,Social - Twitter / X,Investigative,3,rgameyer.bsky.social,Ruona Meyer,0,Independent Media Trainer and DEI Consultant. Journalist with 21 years’ experience across West Africa and Europe. Final-,6,HIGH,https://bsky.app/profile/rgameyer.bsky.social,,
samantha-lee,Samantha Lee,Samantha Lee,Social - Instagram,Restaurants and bars,3,samanthaleehowe.bsky.social,Samantha Lee Howe,0,Multi-award winning screenwriter and USA Today bestselling thriller author. #TheStrangerInOurBed #bestthriller.,6,HIGH,https://bsky.app/profile/samanthaleehowe.bsky.social,,
samantha-lee,Samantha Lee,Samantha Lee,Social - Instagram,Restaurants and bars,3,modelsamanthalee.bsky.social,Samantha Lee,0,"NJ based multi-published model specializing in nude fine art & boudoir; I also shoot various other genres.

I’m looking ",6,HIGH,https://bsky.app/profile/modelsamanthalee.bsky.social,,
sara,Sara,Long Walks DC,Video - Instagram,"Things to Do, Parenting",3,sarahp.bsky.social,Sarah Perez,0,TechCrunch reporter and editor. Used to be @sarahintampa / @sarahperezTC on Twitter. Tips? Signal @sarahperez.01 / sarah,6,HIGH,https://bsky.app/profile/sarahp.bsky.social,,
sarah,Sarah,History on Holiday,Video - Instagram,Museums,3,sarahp.bsky.social,Sarah Perez,0,TechCrunch reporter and editor. Used to be @sarahintampa / @sarahperezTC on Twitter. Tips? Signal @sarahperez.01 / sarah,6,HIGH,https://bsky.app/profile/sarahp.bsky.social,,
sharon-yang,Sharon Yang,Sharon Yang,Social - Instagram,Photography,3,sharonyang.bsky.social,Sharon Yang,0,"arts + architecture enthusiast. 
partnerships @ meta
washington, dc | san diego, california grown
sharonyang.com",6,HIGH,https://bsky.app/profile/sharonyang.bsky.social,,
tim-ebner,Tim Ebner,Tim Ebner,Social - Instagram,Restaurants and bars,3,timebner.bsky.social,Tim Ebner,0,#NRW / Data @ Datendurst / Digital / Social Ads / Content / WebDev / Automation / Analytics / Social Listening / #wissen,6,HIGH,https://bsky.app/profile/timebner.bsky.social,,
valerie-plesch,Valerie Plesch,Valerie Plesch,Social - Instagram,Photography,3,valerieplesch.bsky.social,Valerie Plesch,0,"Photojournalist based in Washington, D.C. 🇦🇷/🇻🇳. Previously in Kosovo + Afghanistan. Working for NYT, WaPo, WSJ, Bloombe",7,HIGH,https://bsky.app/profile/valerieplesch.bsky.social,,
vir-sanghvi,Vir Sanghvi,Vir Sanghvi,Social - Instagram,"Food, Travel, Politics",3,virsanghvi.bsky.social,Vir Sanghvi,0,"Author, columnist, TV presenter.",7,HIGH,https://bsky.app/profile/virsanghvi.bsky.social,,
yasmin,Yasmin,Yasmin,Video - TikTok,Restaurants and bars,3,yasminecmbarek.bsky.social,Yasmine M‘Barek,0,"author, journalist @diezeit
",6,HIGH,https://bsky.app/profile/yasminecmbarek.bsky.social,,
yasmin,Yasmin,Yasmin,Video - TikTok,Restaurants and bars,3,yeahyeahyasmin.bsky.social,Yasmin Tayag,0,"Staff writer at The Atlantic. Chaotic neutral, power forward, good cook, fun mom 🇵🇭🇨🇦 Writing a book called HOW WE'LL EA",6,HIGH,https://bsky.app/profile/yeahyeahyasmin.bsky.social,,
yuri-fernandes,Yuri Fernandes,Colabora,Video - YouTube,"Media/Power, Climate/Environment",3,yurifernandes1.bsky.social,Yuri Fernandes,0,ig:yurifernandess._,6,HIGH,https://bsky.app/profile/yurifernandes1.bsky.social,,
april,April,April,Social - Instagram,Restaurants and bars,3,april.social,April King,0,"Staff Security Engineer at some random tech company, previously Mozilla, Dropbox, LinkedIn, and (pre-Elon) Twitter. Has ",5,MEDIUM,https://bsky.app/profile/april.social,,
blair-imani,Blair Imani,Smarter in Seconds,Social - Instagram,Identity/Belonging,3,blairimani.bsky.social,Blair Imani Ali,0,Los Angeles based • Let’s get Smarter one post at a time! Creator of Smarter in Seconds • Author of LA Times bestseller ,5,MEDIUM,https://bsky.app/profile/blairimani.bsky.social,,
dave-amos,Dave Amos,City Beautiful,Video - YouTube,Urban Planning,3,densifytcg.bsky.social,Dave Amos,0,"By day, a professor and YouTube creator: https://bsky.app/profile/citybeautiful.nebula.tv

By night, I play PokemonTCG!",4,MEDIUM,https://bsky.app/profile/densifytcg.bsky.social,,
geoff-livingston,Geoff Livingston,Geoff Livingston,Social - Instagram,Photography,3,livingwf8.bsky.social,Geoff Livingston,0,Great captures happen when one is mindful and present. I like running. 3x marathoner after 50.,4,MEDIUM,https://bsky.app/profile/livingwf8.bsky.social,,
jai,Jai,Lavish Food Life,Video - TikTok,"Travel, Restaurants and bars, Lifestyle, Food, Local",3,jairme.bsky.social,Jairme,0,Jairme is ABSOLUTELY brat - A drunk. A poser. Bad taste in music. Party girl. Uncultured as hell. Cliche in every aspect,5,MEDIUM,https://bsky.app/profile/jairme.bsky.social,,
jai,Jai,Lavish Food Life,Video - TikTok,"Travel, Restaurants and bars, Lifestyle, Food, Local",3,jaimeharrison.bsky.social,Jaime Harrison,0,Proud husband and father. Former Chair of the DNC.,5,MEDIUM,https://bsky.app/profile/jaimeharrison.bsky.social,,
jai,Jai,Lavish Food Life,Video - TikTok,"Travel, Restaurants and bars, Lifestyle, Food, Local",3,jaimecordova.bsky.social,"Jaime Cordova, Ph.D.",0,Program Coordinator and Instructor @ BioPharmaceutical Technology Center Institute. Solar System Ambassador. Often seen ,5,MEDIUM,https://bsky.app/profile/jaimecordova.bsky.social,,
jared-yates-sexton,Jared Yates Sexton,The Ink,Social - BlueSky,"History, Politics",3,jysexton.bsky.social,Jared Yates Sexton,0,"Hoosier, Political Analyst, newsletter Dispatches From A Collapsing State, author The Midnight Kingdom: A History of Pow",5,MEDIUM,https://bsky.app/profile/jysexton.bsky.social,,
jessica-nguyen,Jessica Nguyen,Jessica Nguyen,Social - Instagram,Things to Do,3,jessica123456789.bsky.social,Jessica Nguyen,0,Dog mom🥰🥰,4,MEDIUM,https://bsky.app/profile/jessica123456789.bsky.social,,
joe-polito,Joe Polito,Joe Polito,Social - Instagram,"Travel, LGBTQIA",3,joepojr.bsky.social,Joe Polito,0,"Photographer, Engineer & Geek
www.art2graphy.com",4,MEDIUM,https://bsky.app/profile/joepojr.bsky.social,,
khara,Khara,Khara,Social - Instagram,Restaurants and bars,3,alexanderkhara.bsky.social,Alexander Khara,0,"CEO, Centre for Defence Strategies (Kyiv)
Ukrainian Greek/ native of Donetsk/ proponent of Europe Whole and Free and at ",5,MEDIUM,https://bsky.app/profile/alexanderkhara.bsky.social,,
khara,Khara,Khara,Social - Instagram,Restaurants and bars,3,nkharasu.bsky.social,Kharasu,0,Tukupá tukupá tukupá,5,MEDIUM,https://bsky.app/profile/nkharasu.bsky.social,,
magdalene,Magdalene,Magdalene,Social - Instagram,Restaurants and bars,3,magdalene.bsky.social,Magdalene J. Taylor,0,big naturals theorist ,5,MEDIUM,https://bsky.app/profile/magdalene.bsky.social,,
magdalene,Magdalene,Magdalene,Social - Instagram,Restaurants and bars,3,magdalenetrue.bsky.social,Magdalene True,0,"▫️All-Natural 18+ Professional Role-Player
▫️Neurofunky Nerd! 
▫️Shapeshifter Hungry for All Forms ▫️Verified Monsterfuc",5,MEDIUM,https://bsky.app/profile/magdalenetrue.bsky.social,,
maria-nextstop,Maria,Maria,Social - Instagram,Restaurants and bars,3,mariabustillos.com,Maria Bustillos,0,"I help run @flaminghydra.com and the Brick House Cooperative.

Freedom of expression, digital ownership rights, librarie",5,MEDIUM,https://bsky.app/profile/mariabustillos.com,,
maria-nextstop,Maria,Maria,Social - Instagram,Restaurants and bars,3,mariabamford.bsky.social,Maria Bamford,0,✈️ I'M COMING TO SEE YOU! Want to come to a show but no $? Email me ➡️ Ariamaamfordba@gmail.com,5,MEDIUM,https://bsky.app/profile/mariabamford.bsky.social,,
maria-grubs,Maria,Maria,Social - Instagram,Restaurants and bars,3,mariabustillos.com,Maria Bustillos,0,"I help run @flaminghydra.com and the Brick House Cooperative.

Freedom of expression, digital ownership rights, librarie",5,MEDIUM,https://bsky.app/profile/mariabustillos.com,,
maria-grubs,Maria,Maria,Social - Instagram,Restaurants and bars,3,mariabamford.bsky.social,Maria Bamford,0,✈️ I'M COMING TO SEE YOU! Want to come to a show but no $? Email me ➡️ Ariamaamfordba@gmail.com,5,MEDIUM,https://bsky.app/profile/mariabamford.bsky.social,,
matthew-cortland,Matthew Cortland,Matthew Cortland,Patreon,"Identity/Belonging, Health/Wellness",3,matthewcort.land,Matthew Cortland (they),0,chronically ill public health lawyer writing to make sense of the policy hellscape so you don't have to do it alone. Act,5,MEDIUM,https://bsky.app/profile/matthewcort.land,,
meg,Meg,District By Meg,Video - Instagram,Things to Do,3,megamidevice.bsky.social,メガミデバイス公式/MEGAMI DEVICE official,0,"”美少女×メカニック”の1/1スケールプラモデルシリーズ【メガミデバイス】はあなたの“創る”を応援します！
1/1 scale model kit series combining Bishoujo-style x heavy armame",5,MEDIUM,https://bsky.app/profile/megamidevice.bsky.social,,
meg,Meg,District By Meg,Video - Instagram,Things to Do,3,meganamram.bsky.social,Megan Amram,0,"it's this weird, sexual, anti-comedy comedy that's 'in' right now. - my mom",5,MEDIUM,https://bsky.app/profile/meganamram.bsky.social,,
meg,Meg,District By Meg,Video - Instagram,Things to Do,3,meganhunt.bsky.social,Senator Megan Hunt,0,"Independent State Senator in Omaha's District 8, shopgirl, mother, big Taurus energy. meganhunt.net.",5,MEDIUM,https://bsky.app/profile/meganhunt.bsky.social,,
morgan,Morgan,Morgan,Social - Instagram,Books/Writing,3,morganricks1.bsky.social,Morgan Ricks,0,"Vanderbilt law professor. Formerly U.S. Treasury (crisis team), Citadel (merger arbitrage), Merrill Lynch (financial ins",5,MEDIUM,https://bsky.app/profile/morganricks1.bsky.social,,
morgan,Morgan,Morgan,Social - Instagram,Books/Writing,3,morgansung.bsky.social,morgan sung,0,"internet explainer, yarn hoarder, professional yapper on Close All Tabs from KQED ❣️",5,MEDIUM,https://bsky.app/profile/morgansung.bsky.social,,
noorz,Noorz,Noorz,Social - Instagram,Lifestyle,3,najnoorzai.bsky.social,Najib Noorzai,0,"Humanitarian worker & PhD student studying political violence & governance, Alum @AmericanU and @VUamsterdam",5,MEDIUM,https://bsky.app/profile/najnoorzai.bsky.social,,
noorz,Noorz,Noorz,Social - Instagram,Lifestyle,3,noorzaman.bsky.social,Noorzaman,0,Book seller,5,MEDIUM,https://bsky.app/profile/noorzaman.bsky.social,,
paul-thacker,Paul Thacker,Paul Thacker,Social - Instagram,Photography,3,housethacker.bsky.social,Paul Thacker ,0,"House Thacker Photography
Instagram: @housethacker",4,MEDIUM,https://bsky.app/profile/housethacker.bsky.social,,
raquel-willis,Raquel Willis,Raquel Willis,Video - Instagram,"LGBTQIA, Identity/Belonging",3,handle.invalid,Raquel Willis,0,"✦ co-founder, @genderlib.com
✦ author, THE RISK IT TAKES TO BLOOM
✦ host, AFTERLIVES + QUEER CHRONICLES
✦ activist ✦ med",4,MEDIUM,https://bsky.app/profile/handle.invalid,,
recel,Recel,Recel,Social - Instagram,Restaurants and bars,3,visnereceli.bsky.social,visne receli,0,,5,MEDIUM,https://bsky.app/profile/visnereceli.bsky.social,,
reece-martin,Reece Martin,RMTransit,Video - YouTube,Transportation,3,rmtransit.bsky.social,Reece Martin,0,"Writer, Learning Enthusiast, Urbanist, Optimist, Traveller, ?.

Passionate about making the world better.

https://cinqp",5,MEDIUM,https://bsky.app/profile/rmtransit.bsky.social,,
samara-singer,Samara Singer,Samara Singer,Social - Instagram,Restaurants and bars,3,thesingingsam.bsky.social,Samara Singer,0,She/her | 🌈 | TTRPG AP producer/performer @caltropchronicals | PNW resident | dancer,4,MEDIUM,https://bsky.app/profile/thesingingsam.bsky.social,,
talia-jane,Talia Jane,Talia Jane,Social - BlueSky,Activism,3,taliaotg.bsky.social,talia jane,0,"indie reporter - same handle on twitter.

holding here for when this site starts hosting video correctly.",5,MEDIUM,https://bsky.app/profile/taliaotg.bsky.social,,
tanya,Tanya,Let's Have Fun in Md,Social - Instagram,Things to Do,3,tanyarlfes.bsky.social,tanyarlfes,0,"
Get Follback? 𝗙𝗢𝗟𝗟𝗢𝗪 𝗳𝗶𝘀𝗿𝘁 and 𝗖𝗛𝗘𝗖𝗞 cara kirim menfess👉🏻 https://bsky.app/profile/tanyarlfes.bsky.social/post/3kuqozu6",5,MEDIUM,https://bsky.app/profile/tanyarlfes.bsky.social,,
tanya,Tanya,Let's Have Fun in Md,Social - Instagram,Things to Do,3,tanyakanrl.bsky.social,tanyakanrl 💚,0,akun bluesky tanyakanrl 💚,5,MEDIUM,https://bsky.app/profile/tanyakanrl.bsky.social,,
tanya,Tanya,Let's Have Fun in Md,Social - Instagram,Things to Do,3,tanyaxshort.bsky.social,Tanya X. Short,0,"Captain of Kitfox Games (Streets of Fortuna, Boyfriend Dungeon, Dwarf Fortress, Caves of Qud). Co-director of Pixelles &",5,MEDIUM,https://bsky.app/profile/tanyaxshort.bsky.social,,
tanya,Tanya,Let's Have Fun in Md,Social - Instagram,Things to Do,3,tanyaofmars.bsky.social,Dr. Tanya Harrison,0,"“Very Respected Science Person” -NBC News
🔴 Former science operations for NASA Mars missions
🛰️ Current space sector str",5,MEDIUM,https://bsky.app/profile/tanyaofmars.bsky.social,,
Webbie,Webbie,Webbie,Video - TikTok,Lifestyle,3,cutewebbies.bsky.social,Cute Webbies,0,Webbed Toed Content Creator • Foot Fetish • Femdom • Sexting • Custom Videos • Hiker Girl Socks for Sale • Free OnlyFans,5,MEDIUM,https://bsky.app/profile/cutewebbies.bsky.social,,
Webbie,Webbie,Webbie,Video - TikTok,Lifestyle,3,webbiewebbster.bsky.social,Webbie Webbster ,0,"I am the Webbie of KeepingItPeel and of Football and Music and of ScouseVeg. 
",5,MEDIUM,https://bsky.app/profile/webbiewebbster.bsky.social,,
zac-bowling,Zac Bowling,Yes In My Backyard,Video - TikTok,"Housing, Urban Planning, Policy",3,zacbowling.com,Zac Bowling 🥑,0,That famous YIMBY/Urbanist TikToker/YouTuber (@yesinmybackyard) | CA Dem Party Delegate | YIMBY East Bay Lead | Engineer,5,MEDIUM,https://bsky.app/profile/zacbowling.com,,
ck,CK,Hype Foodies,Video - Instagram,"Restaurants and bars, Travel",3,ckd.sh,Chris Dehghanpoor,0,"OSINT reporter, Washington Post investigations • @chrisd9r on twitter • https://ckd.sh",3,LOW,https://bsky.app/profile/ckd.sh,,
ck,CK,Hype Foodies,Video - Instagram,"Restaurants and bars, Travel",3,ckunzelman.bsky.social,cmrn knzlmn,0,Critic. Tabletop columnist for Rascal News. Podcasts for Ranged Touch (Shelved By Genre | Just King Things | Game Studie,3,LOW,https://bsky.app/profile/ckunzelman.bsky.social,,
dr-ed-weir,Dr. Ed Weir,Dr. Ed Weir,Video - YouTube,Personal Finance,3,mygovexpert.bsky.social,"Dr. Ed Weir, PhD, Former Social Security Manager",0,I help people get the Social Security benefits THEY earned! Over 800 YouTube videos and FREE YouTube LIVE Q&A several ti,3,LOW,https://bsky.app/profile/mygovexpert.bsky.social,,
holly-garner,Holly Garner,Holly Garner,Social - Instagram,Photography,3,hollyanngarner.bsky.social,Holly Garner (she/her),0,,3,LOW,https://bsky.app/profile/hollyanngarner.bsky.social,,
noel-burgess,Noel Burgess,Noel Burgess,Video - Instagram,"Food, Travel, Identity/Belonging",3,noelburgess.bsky.social,Noël Burgess,0,"I tell stories about Travel, Food, Drink, and Culture",3,LOW,https://bsky.app/profile/noelburgess.bsky.social,,
onose,Onose,Onose,Social - Instagram,Things to Do,3,onos3ndai.bsky.social,Onosendai,0,Modular Synth / Hard SF / Good Video Games,3,LOW,https://bsky.app/profile/onos3ndai.bsky.social,,
ray-delahanty,Ray Delahanty,City Nerd,Video - YouTube,Housing,3,nerd4cities.bsky.social,Ray Delahanty | CityNerd,0,"Plangineer (AICP) when I’m at work, alter ego CityNerd when I’m not. New videos on cities and transportation every Wedne",3,LOW,https://bsky.app/profile/nerd4cities.bsky.social,,
taya-graham,Taya Graham,Police Accountability Report,Video - YouTube,"Government Accountability, Investigative",3,tayagraham.bsky.social,Taya M Graham (Reporter) I follow back!✊🏾,0,I'm an independent journalist who hosts The Police Accountability Report a show dedicated to sharing your side of the st,3,LOW,https://bsky.app/profile/tayagraham.bsky.social,,
trevell-anderson,Tre'vell Anderson,Tre'vell Anderson,Video - Instagram,"LGBTQIA, Culture",3,trevellanderson.bsky.social,Tre’vell Anderson,0,"They/Them. Journalist. Critic. Authoress (WE SEE EACH OTHER: A BLACK, TRANS JOURNEY THROUGH TV & FILM; HISTORICALLY BLAC",3,LOW,https://bsky.app/profile/trevellanderson.bsky.social,,
chai-jing,柴静 Chai Jing,柴静 Chai Jing,Video - YouTube,"Investigative, Climate/Environment",3,chai-jing.bsky.social,柴静,0,"Chai Jing, journalist. Author of ""Under the Dome"" and ""Stranger: Talking to Jihadists."" chaijing2023@gmail.com",3,LOW,https://bsky.app/profile/chai-jing.bsky.social,,
chai-jing,柴静 Chai Jing,柴静 Chai Jing,Video - YouTube,"Investigative, Climate/Environment",3,chaijing0101.bsky.social,柴静,0,"Chai Jing, journalist. Author of ""Under the Dome"" and ""Stranger: Talking to Jihadists."" chaijing2023@gmail.com",3,LOW,https://bsky.app/profile/chaijing0101.bsky.social,,
ab-burns-tucker,A.B. Burns-Tucker,I am legally hype,Video - Instagram,"Law/Legal Issues, Politics",3,,,,,0,NO_MATCH,,,
aaron-carroll,Aaron Carroll,Healthcare Triage,Video - YouTube,"Health/Wellness, Science",3,,,,,0,NO_MATCH,,,
adeola-fayehun,Adeola Fayehun,Keeping It Real with Adeola,Video - YouTube,World,3,,,,,0,NO_MATCH,,,
adriana-goblirsch,Adriana Goblirsch,Adriana Goblirsch,Video - Instagram,"Health/Wellness, Parenting, Activism",3,,,,,0,NO_MATCH,,,
adrienne-samuels-gibbs,Adrienne Samuels-Gibbs,Adrienne Samuels-Gibbs,Social - LinkedIn,"Culture, Entertainment/Hollywood, Identity/Belonging",3,,,,,0,NO_MATCH,,,
aiden-mccaig,Aiden McCaig,Lemonade Stand,Video - YouTube,Business,3,,,,,0,NO_MATCH,,,
alandya-warren,Alandya Warren,Alandya Warren,Video - TikTok,History,3,,,,,0,NO_MATCH,,,
albert-ting,Albert Ting,pootie_ting,Video - Instagram,Things to Do,3,,,,,0,NO_MATCH,,,
artsy-fashion-peacocks,Alberto Ucles and Tom Noll,Artsy Fashion Peacocks,Social - Instagram,Fashion,3,,,,,0,NO_MATCH,,,
alec-watson,Alec Watson,Technology Connections,Video - YouTube,"Tech, Science",3,,,,,0,NO_MATCH,,,
alessandra-davin,Alessandra Davin,Alessandra Davin,Social - Instagram,Restaurants and bars,3,,,,,0,NO_MATCH,,,
alex-kellerman,Alex Kellerman,The F*ckin' News,Video - Instagram,"General News, Comedy",3,,,,,0,NO_MATCH,,,
alex-schroeder,Alex Schroeder,Devour DC,Video - Instagram,Restaurants and bars,3,,,,,0,NO_MATCH,,,
alice-cappelle,Alice Cappelle,Alice Cappelle,Video - YouTube,Labor/Workers Rights,3,,,,,0,NO_MATCH,,,
alicia-chanel,Alicia & Chanel,Alicia & Chanel,Social - Instagram,Restaurants and bars,3,,,,,0,NO_MATCH,,,
alissa-a,Alissa A,Alissa A,Social - Instagram,Restaurants and bars,3,,,,,0,NO_MATCH,,,
allie-marshall,Allie Marshall,Allie Marshall,Video - TikTok,Things to Do,3,,,,,0,NO_MATCH,,,
alyssa-faigen,Alyssa Faigen,ATL_Bucketlist,Video - Instagram,Things to Do,3,,,,,0,NO_MATCH,,,
amber-ferguson,Amber Ferguson,Girl with Drive,Video - TikTok,Internet Culture,3,,,,,0,NO_MATCH,,,
amber-sherman,Amber Sherman,The Law According to Amber,Video - Instagram,"Identity/Belonging, Government Accountability, Explanatory",3,,,,,0,NO_MATCH,,,
amelia-dimoldenberg,Amelia Dimoldenberg,Chicken Shop Date,Video - YouTube,"Entertainment/Hollywood, Culture",3,,,,,0,NO_MATCH,,,
amin-tomalieh,Amin Tomalieh,Chicago Food Guide,Video - TikTok,"Things to Do, Restaurants and bars, Recipes, Food, Local",3,,,,,0,NO_MATCH,,,
amina-dehbi,Amina Dehbi,Amina Dehbi,Social - Instagram,"Business, Finance/Economics",3,,,,,0,NO_MATCH,,,
andrew-kammerer,Andrew Kammerer,Andrew Kammerer,Video - TikTok,"Health/Wellness, Local, Day in a Life, Food, Things to Do",3,,,,,0,NO_MATCH,,,
andy-baraghani,Andy Baraghani,Andy Baraghani,Social - Instagram,Food,3,,,,,0,NO_MATCH,,,
angel-barragan,Angel Barragan,Señor Barragan,Video - TikTok,"Culture, Education, Identity/Belonging",3,,,,,0,NO_MATCH,,,
angel-de-la-pena,Angel de la Pena,Angel de la Pena,Video - TikTok,"General News, Sports, Crime",3,,,,,0,NO_MATCH,,,
angel-pena,Angel Pena,El Angel de la Pena,Social - Instagram,"Crime, General News",3,,,,,0,NO_MATCH,,,
angela-liguori,Angela Liguori,Angela Liguori,Social - Instagram,"Travel, Outdoors",3,,,,,0,NO_MATCH,,,
angela-pan,Angela Pan,Angela Pan,Social - Instagram,Photography,3,,,,,0,NO_MATCH,,,
anggy-pasaribu,Anggy Pasaribu,Story of Anggy,Video - YouTube,"Politics, Entertainment/Hollywood",3,,,,,0,NO_MATCH,,,
anina-belle-giannini,Anina Belle Giannini,le chefs wife,Video - Instagram,Recipes,3,,,,,0,NO_MATCH,,,
ann-garrison,Ann Garrison,Ann Garrison,Social - Twitter / X,"World, Foreign Policy",3,,,,,0,NO_MATCH,,,
ann-lam,Ann Lam,Ann Lam,Social - Instagram,Things to Do,3,,,,,0,NO_MATCH,,,
anna-constantino,Anna Constantino,Girl Eats World,Video - TikTok,"Food, Local, Day in a Life",3,,,,,0,NO_MATCH,,,
anna-kook,Anna Kook,Anna Kook,Video - TikTok,"World, Culture",3,,,,,0,NO_MATCH,,,
annmarie-gajdos,Annmarie Gajdos,The World According to Annmarie,Video - Instagram,"Culture, Travel, Sports, Gender",3,,,,,0,NO_MATCH,,,
arielle-frodor,Arielle Frodor,Mrs. Frazzled,Video - TikTok,"Education, Politics",3,,,,,0,NO_MATCH,,,
arielle-m-hart,Arielle M. Hart,Arielle M. Hart,Social - Instagram,Restaurants and bars,3,,,,,0,NO_MATCH,,,
arlington-dining,Arlington Dining,Arlington Dining,Social - Instagram,Restaurants and bars,3,,,,,0,NO_MATCH,,,
austin-dickson,Austin Dickson,Austin Dickson,Social - Instagram,Restaurants and bars,3,,,,,0,NO_MATCH,,,
austin-hendrickson,Austin Hendrickson,OVOU,Video - Instagram,Fitness,3,,,,,0,NO_MATCH,,,
barnette-holston,Barnette Holston,DC Fashion Fool,Social - Instagram,Fashion,3,,,,,0,NO_MATCH,,,
bassant-hesham,Bassant Hesham,Bassant Hesham,Video - TikTok,"General News, Culture",3,,,,,0,NO_MATCH,,,
baylees-belly-in-dc,Baylee’s Belly in DC,Baylee’s Belly in DC,Social - Instagram,Restaurants and bars,3,,,,,0,NO_MATCH,,,
becky-beamer,Becky Beamer,This Is Not That Podcast,Video - Instagram,"General News, Weather",3,,,,,0,NO_MATCH,,,
becky-bullard,Becky Bullard,Democrasexy,Video - Instagram,"LGBTQIA, Politics, Government Accountability",3,,,,,0,NO_MATCH,,,
ben-swann,Ben Swann,Ben Swann,Video - Instagram,Investigative,3,,,,,0,NO_MATCH,,,
bethesda-history-blog,Bethesda History Blog,Bethesda History Blog,Social - Instagram,History,3,,,,,0,NO_MATCH,,,
bethesdahistoryblog,Bethesdahistoryblog,Bethesda History Blog,Video - Instagram,"Local, History",3,,,,,0,NO_MATCH,,,
bisan-owda,Bisan Owda,Bisan Owda,Video - Instagram,"World, Culture, History",3,,,,,0,NO_MATCH,,,
bite-sized-dc,Bite Sized DC,Bite Sized DC,Social - Instagram,Restaurants and bars,3,,,,,0,NO_MATCH,,,
blessing-adesiyan,Blessing Adesiyan,The Care Gap,Video - Instagram,"Parenting, Gender, Culture",3,,,,,0,NO_MATCH,,,
bob-kronbauer,Bob Kronbauer,BC Bob,Video - Instagram,"History, Culture",3,,,,,0,NO_MATCH,,,
boone-hogg,Boone Hogg,Stick Reviews,Video - Instagram,"World, Internet Culture, Outdoors",3,,,,,0,NO_MATCH,,,
brandon-ewing-aiden-mccaig-doug-wreden,"Brandon Ewing, Aiden McCaig & Doug Wreden",Lemonade Stand,Video - YouTube,Business,3,,,,,0,NO_MATCH,,,
brandon-perna,Brandon Perna,Thats Good Sports,Video - YouTube,Sports,3,,,,,0,NO_MATCH,,,
brb-drooling,BRB Drooling,BRB Drooling,Social - Instagram,Restaurants and bars,3,,,,,0,NO_MATCH,,,
briahna-joy-gray,Briahna Joy Gray,Bad Faith,Video - YouTube,"Politics, Culture",3,,,,,0,NO_MATCH,,,
brian-oliver,Brian Oliver,briankoliver,Video - Instagram,Things to Do,3,,,,,0,NO_MATCH,,,
briana-houston,Briana Houston,Chef Bri,Video - TikTok,"Recipes, Food, Health/Wellness",3,,,,,0,NO_MATCH,,,
burcin-kaia-dalkanat,"Burcin ""Kaia"" Dalkanat","Burcin ""Kaia"" Dalkanat",Social - Instagram,Restaurants and bars,3,,,,,0,NO_MATCH,,,
carla-angola,Carla Angola,Carla Angola,Video - Instagram,World,3,,,,,0,NO_MATCH,,,
carla-sanchez,Carla Sanchez,Carla Sanchez,Social - Instagram,Restaurants and bars,3,,,,,0,NO_MATCH,,,
carlos-eduardo-espina,Carlos Eduardo Espina,Carlos Eduardo Espina,Video - TikTok,"Politics, Immigration",3,,,,,0,NO_MATCH,,,
carolay-morales,Carolay Morales,Carolay Morales,Video - TikTok,"Immigration, Human Rights, Inequality, Investigative",3,,,,,0,NO_MATCH,,,
carolines-playlist,Caroline's Playlist,Caroline's Playlist,Social - Instagram,Music,3,,,,,0,NO_MATCH,,,
cesar-cuauhtemoc-garcia-hernandez,Cesar Cuauhtémoc García Hernández,Crimmigration,Social - Facebook,Immigration,3,,,,,0,NO_MATCH,,,
charlotte-gage,Charlotte Gage,Your Pal Charlotte,Video - TikTok,Transportation,3,,,,,0,NO_MATCH,,,
chase-vondran,Chase Vondran,Explore With Chase,Video - TikTok,"Things to Do, Travel, Restaurants and bars, Lifestyle, LGBTQIA",3,,,,,0,NO_MATCH,,,
cherisse-rivera,Cherisse Rivera,Cherisse Rivera,Social - Instagram,Music,3,,,,,0,NO_MATCH,,,
chico-felitti,Chico Felitti,Chico Felitti,Video - Instagram,"World, Investigative",3,,,,,0,NO_MATCH,,,
chloe-zhang,Chloe Zhang,That Girl Chloe,Video - Instagram,"Lifestyle, Dating/Romance",3,,,,,0,NO_MATCH,,,
chris-dolo,Chris Dolo,Chris Dolo,Video - TikTok,"Restaurants and bars, Recipes, Food, Local",3,,,,,0,NO_MATCH,,,
chris-franzoni,Chris Franzoni,eatmorebemore,Video - Instagram,Restaurants and bars,3,,,,,0,NO_MATCH,,,
chris-koeherne,Chris Koeherne,Chris Koeherne,Social - LinkedIn,"Careers, Tech",3,,,,,0,NO_MATCH,,,
chris-van-vliet,Chris Van Vliet,Chris Van Vliet,Video - YouTube,Entertainment/Hollywood,3,,,,,0,NO_MATCH,,,
christopher-chern,Christopher Chern,Christopher Chern,Social - Instagram,Photography,3,,,,,0,NO_MATCH,,,
ck-diane,CK & Diane,CK & Diane,Social - Instagram,Restaurants and bars,3,,,,,0,NO_MATCH,,,
cody-short-johnson,Cody Short Johnson,CoCo's Tea Media,Video - TikTok,"Local, Identity/Belonging",3,,,,,0,NO_MATCH,,,
coffee-travel-dmv,Coffee Travel DMV,Coffee Travel DMV,Social - Instagram,Lifestyle,3,,,,,0,NO_MATCH,,,
colby-dorfman,Colby Dorfman,Half Past Moon,Video - Instagram,Sports,3,,,,,0,NO_MATCH,,,
colin-rocker,Colin Rocker,Career Colin,Social - LinkedIn,"Identity/Belonging, Careers",3,,,,,0,NO_MATCH,,,
community-as-therapy,Community As Therapy,Community as Therapy,Video - Instagram,Mental Health,3,,,,,0,NO_MATCH,,,
courtney-j-white,Courtney J. White,Courthouse Couture,Video - TikTok,"Politics, Identity/Belonging",3,,,,,0,NO_MATCH,,,
cris-clapp-logan,Cris Clapp Logan,Cris Clapp Logan,Social - Instagram,Art,3,,,,,0,NO_MATCH,,,
cesar-miguel-rondon,César Miguel Rondón,César Miguel Rondón,Social - Instagram,"Politics, World",3,,,,,0,NO_MATCH,,,
dami-lee,Dami Lee,Dami Lee,Video - YouTube,"Design, Architecture, Explanatory",3,,,,,0,NO_MATCH,,,
dani-sauter,Dani Sauter,The Blond Cat Lady,Video - Instagram,"Lifestyle, Fashion",3,,,,,0,NO_MATCH,,,
daniel-van-binsbergen,Daniel Van Binsbergen,Daniel Van Binsbergen,Social - LinkedIn,"Law/Legal Issues, Tech",3,,,,,0,NO_MATCH,,,
fun-fitness-fam,Darla Slade,Fun Fitness Fam,Social - Instagram,Things to Do,3,,,,,0,NO_MATCH,,,
dave-lease,Dave Lease,The Skating Lesson,Patreon,Sports,3,,,,,0,NO_MATCH,,,
david-gokhshtein,David Gokhshtein,Gokhshtein News Network,Video - YouTube,"Finance/Economics, Tech",3,,,,,0,NO_MATCH,,,
david-santori,David Santori,David Santori,Social - Instagram,Photography,3,,,,,0,NO_MATCH,,,
davram-stiefler,Davram Stiefler,The Good Liars,Video - YouTube,"Politics, Comedy",3,,,,,0,NO_MATCH,,,
dc-cheap-eats,DC Cheap Eats,DC Cheap Eats,Social - Instagram,Restaurants and bars,3,,,,,0,NO_MATCH,,,
dc-food-god,DC Food God,DC Food God,Social - Instagram,Restaurants and bars,3,,,,,0,NO_MATCH,,,
dc-frolics,DC Frolics,DC Frolics,Social - Instagram,Things to Do,3,,,,,0,NO_MATCH,,,
dc-moms,DC Moms,DC Moms,Video - Instagram,Parenting,3,,,,,0,NO_MATCH,,,
dc-spot,DC Spot,DC Spot,Social - Instagram,Restaurants and bars,3,,,,,0,NO_MATCH,,,
dc4free,DC4Free,DC4Free,Social - Instagram,Things to Do,3,,,,,0,NO_MATCH,,,
dean-lauvina,Dean Lauvina,DeanChicago,Video - TikTok,"Local, Real Estate",3,,,,,0,NO_MATCH,,,
destin-sandlin,Destin Sandlin,SmarterEveryDay,Video - YouTube,"Science, Explanatory",3,,,,,0,NO_MATCH,,,
dhruv-rathee,Dhruv Rathee,Dhruv Rathee,Video - YouTube,"Politics, World, Culture",3,,,,,0,NO_MATCH,,,
diana-umana,Diana Umana,Iadidai,Video - Instagram,"Culture, Music",3,,,,,0,NO_MATCH,,,
district-delicious,District Delicious,District Delicious,Social - Instagram,Restaurants and bars,3,,,,,0,NO_MATCH,,,
district-eats,District Eats,District Eats,Social - Instagram,Restaurants and bars,3,,,,,0,NO_MATCH,,,
dj-raffi,DJ Raffi,DJ Raffi,Social - Instagram,Music,3,,,,,0,NO_MATCH,,,
dmv-bite,DMV Bite,DMV Bite,Social - Instagram,Restaurants and bars,3,,,,,0,NO_MATCH,,,
dmv-does,DMV DOES,DMV DOES,Social - Instagram,Things to Do,3,,,,,0,NO_MATCH,,,
dmv-eats,DMV Eats,DMV Eats,Social - Instagram,Restaurants and bars,3,,,,,0,NO_MATCH,,,
dmv-fooodie,DMV Fooodie,DMV Fooodie,Social - Instagram,Restaurants and bars,3,,,,,0,NO_MATCH,,,
dmv-kids,DMV Kids,DMV Kids,Social - Instagram,Things to Do,3,,,,,0,NO_MATCH,,,
dmv-muncher,DMV Muncher,DMV Muncher,Social - Instagram,Restaurants and bars,3,,,,,0,NO_MATCH,,,
dmv-sports-zone,DMV Sports Zone,DMV Sports Zone,Social - Instagram,Sports,3,,,,,0,NO_MATCH,,,
dmveats,DMVEats,DMVEats,Social - Instagram,Restaurants and bars,3,,,,,0,NO_MATCH,,,
domonique-bazil,Domonique Bazil,As Told by Domm,Video - Instagram,"Restaurants and bars, Fitness",3,,,,,0,NO_MATCH,,,
dory-jackson,Dory Jackson,Dory_Jackson,Video - TikTok,Film/Movies,3,,,,,0,NO_MATCH,,,
doug-wreden,Doug Wreden,Lemonade Stand,Video - YouTube,Business,3,,,,,0,NO_MATCH,,,
dr-aditi-nerurkar-md,"Dr. Aditi Nerurkar, MD","Dr. Aditi Nerurkar, MD",Video - Instagram,"Mental Health, Health/Wellness",3,,,,,0,NO_MATCH,,,
dr-jessica-knurick,Dr. Jessica Knurick,Dr. Jessica Knurick,Video - Instagram,"Health/Wellness, Food",3,,,,,0,NO_MATCH,,,
dr-kiki-sanford,Dr. Kiki Sanford,This Week in Science,Video - YouTube,"Science, Education",3,,,,,0,NO_MATCH,,,
dr-shad-zahrai,Dr. Shadé Zahrai,Dr. Shadé Zahrai,Video - TikTok,Business,3,,,,,0,NO_MATCH,,,
dr-tenninger-kellenbarger,Dr. Tenninger Kellenbarger,Dirt Diaries,Video - TikTok,"Art, History",3,,,,,0,NO_MATCH,,,
drinks-in-the-district,Drinks in the District,Drinks in the District,Social - Instagram,Restaurants and bars,3,,,,,0,NO_MATCH,,,
ebenezer-kwame-wormadey,Ebenezer Kwame Wormadey,Devlin's Report,Video - TikTok,"Politics, Government Accountability, Local",3,,,,,0,NO_MATCH,,,
eileen-ivette,Eileen Ivette,Black Latin History,Video - Instagram,"History, Travel, Identity/Belonging",3,,,,,0,NO_MATCH,,,
el-pelon-chicago,El Pelon Chicago,El Pelon Chicago,Video - TikTok,"Politics, Local, Identity/Belonging",3,,,,,0,NO_MATCH,,,
elena-bridgers,Elena Bridgers,Elena Bridgers,Video - Instagram,"Mental Health, Dating/Romance",3,,,,,0,NO_MATCH,,,
elisha-machado,Elisha Machado,Elisha Machado,Video - TikTok,"Entertainment/Hollywood, General News",3,,,,,0,NO_MATCH,,,
eman-sobhy,Eman Sobhy,What If — ماذا لو,Video - Instagram,"History, Local, World",3,,,,,0,NO_MATCH,,,
emily-fedner,Emily Fedner,Emily Fedner,Video - Instagram,"Food, World",3,,,,,0,NO_MATCH,,,
emily-hynds,Emily Hynds,Emily Takes Notes,Video - Instagram,"Government Accountability, Local",3,,,,,0,NO_MATCH,,,
erica-noblecilla,Erica Noblecilla,Erica Eats Everything,Video - TikTok,"Restaurants and bars, Food, Local",3,,,,,0,NO_MATCH,,,
erika-harrison,Erika Harrison,Black Girls Who Brunch,Video - TikTok,"Culture, Politics, Identity/Belonging, Activism",3,,,,,0,NO_MATCH,,,
ethan-penner,Ethan Penner,Rock Man Ethan,Video - TikTok,"Climate/Environment, Outdoors, Science",3,,,,,0,NO_MATCH,,,
everett-chu,Everett Chu,Everett Chu,Social - Instagram,Photography,3,,,,,0,NO_MATCH,,,
ezel-jimmy-smith,"Ezel ""Jimmy"" Smith","Ezel ""Jimmy"" Smith",Social - Instagram,Lifestyle,3,,,,,0,NO_MATCH,,,
farah-elkordy,Farah ElKordy,فرح الكردي,Video - Instagram,"Tech, Business, World",3,,,,,0,NO_MATCH,,,
farrah-skeiky,Farrah Skeiky,Farrah Skeiky,Social - Instagram,Photography,3,,,,,0,NO_MATCH,,,
fernando-hurtado,Fernando Hurtado,In the Hyphen,Video - YouTube,"Identity/Belonging, Culture",3,,,,,0,NO_MATCH,,,
flo-lloyd-hughes,Flo Lloyd-Hughes,Flo Lloyd-Hughes,Video - Instagram,Sports,3,,,,,0,NO_MATCH,,,
ford-fischer,Ford Fischer,News2Share,Video - YouTube,Immigration,3,,,,,0,NO_MATCH,,,
gabby-izzy,Gabby & Izzy,Gabby & Izzy,Social - Instagram,Restaurants and bars,3,,,,,0,NO_MATCH,,,
geo-global-tales,Geo Global Tales,Geo Global Tales,Video - YouTube,"World, Explanatory",3,,,,,0,NO_MATCH,,,
georgia-fort,Georgia Fort,Georgia Fort,Social - Facebook,"General News, Local, Politics",3,,,,,0,NO_MATCH,,,
greg-hartley,Greg Hartley,The Behavior Panel,Video - YouTube,"Politics, General News, Crime",3,,,,,0,NO_MATCH,,,
hadeel-arja,Hadeel Arja,Tiny Hand,Social - Instagram,Investigative,3,,,,,0,NO_MATCH,,,
haley-lickstein,Haley Lickstein,haleysonthego,Video - Instagram,"Activism, Politics, Identity/Belonging",3,,,,,0,NO_MATCH,,,
happy-dmv,Happy DMV,Happy DMV,Social - Instagram,Restaurants and bars,3,,,,,0,NO_MATCH,,,
hasan-piker,Hasan Piker,HasanAbi,Video - Twitch,"Politics, Culture, World",3,,,,,0,NO_MATCH,,,
helen-vince,Helen & Vince,Helen & Vince,Social - Instagram,Restaurants and bars,3,,,,,0,NO_MATCH,,,
hind-khoudary,Hind Khoudary,hindkhoudary,Social - Instagram,"World, Day in a Life",3,,,,,0,NO_MATCH,,,
huma-razvi,Huma Razvi,The Fifth,Video - Instagram,"Media/Power, Politics, Government Accountability",3,,,,,0,NO_MATCH,,,
huma-zaidi-razvi,Huma Zaidi Razvi,The Fifth,Video - Instagram,"Explanatory, General News",3,,,,,0,NO_MATCH,,,
igdc,IGDC,IGDC,Social - Instagram,Photography,3,,,,,0,NO_MATCH,,,
imani-keal,Imani Keal,Imani Keal,Social - Instagram,Home,3,,,,,0,NO_MATCH,,,
jacklyn-dallas,Jacklyn Dallas,Nothing But Tech,Video - YouTube,"Explanatory, Tech",3,,,,,0,NO_MATCH,,,
jacklynn-botwe,Jacklynn Botwe,Jacklynn Botwe,Video - TikTok,"Travel, History",3,,,,,0,NO_MATCH,,,
jackson-barton,Jackson Barton,Jackson Barton,Social - Instagram,"Politics, General News",3,,,,,0,NO_MATCH,,,
jackson-perkins,Jackson Perkins,Jackson Perkins,Social - Instagram,Music,3,,,,,0,NO_MATCH,,,
jade-womack,Jade Womack,Clockout DC,Video - Instagram,Things to Do,3,,,,,0,NO_MATCH,,,
jane-dangelo,Jane D'Angelo,Jane D'Angelo,Social - Instagram,Things to Do,3,,,,,0,NO_MATCH,,,
jarrett-hendrix,Jarrett Hendrix,Jarrett Hendrix,Social - Instagram,Photography,3,,,,,0,NO_MATCH,,,
jen-chase-solomon,Jen Chase Solomon,Jen Chase Solomon,Social - Instagram,Photography,3,,,,,0,NO_MATCH,,,
jen-in-chicago,Jen In Chicago,Jen In Chicago,Video - TikTok,"Local, Lifestyle, Day in a Life",3,,,,,0,NO_MATCH,,,
jenn-w,Jenn W.,Jenn W.,Social - Instagram,Photography,3,,,,,0,NO_MATCH,,,
jessica-dante,Jessica Dante,Love and London,Video - YouTube,"Travel, Lifestyle, Food",3,,,,,0,NO_MATCH,,,
jhonn-jackson,Jhonn Jackson,Uncle Jhonn,Video - Instagram,Home,3,,,,,0,NO_MATCH,,,
joe-himali,Joe Himali,Best Address,Video - Instagram,"History, Architecture",3,,,,,0,NO_MATCH,,,
joey-ferguson,Joey Ferguson,JFergal,Video - YouTube,"General News, Internet Culture",3,,,,,0,NO_MATCH,,,
johnny-cole-dickson,Johnny Cole Dickson,No Lab Coat Required,Video - YouTube,"Science, Health/Wellness",3,,,,,0,NO_MATCH,,,
johnny-harris,Johnny Harris,Johnny Harris,Video - YouTube,Explanatory,3,,,,,0,NO_MATCH,,,
jon-youshaei,Jon Youshaei,Jon Youshaei,Video - YouTube,"Careers, Tech",3,,,,,0,NO_MATCH,,,
jonah-fialkow,Jonah Fialkow,Jewish Jonah,Video - TikTok,"Comedy, Sports, Identity/Belonging, Food, Day in a Life, Local",3,,,,,0,NO_MATCH,,,
jonathan-zaragoza,Jonathan Zaragoza,goatboyintl,Video - TikTok,"Recipes, Food, Identity/Belonging",3,,,,,0,NO_MATCH,,,
jonni-scott,Jonni Scott,Jonni Scott,Social - Instagram,Restaurants and bars,3,,,,,0,NO_MATCH,,,
jordan-kahana,Jordan Kahana,Jordan Kahana,Video - Instagram,"Travel, Science",3,,,,,0,NO_MATCH,,,
joseph-pisenti,Joseph Pisenti,Real Life Lore,Video - YouTube,Explanatory,3,,,,,0,NO_MATCH,,,
josh-young,Josh Young,Josh Young,Social - Instagram,Design,3,,,,,0,NO_MATCH,,,
joss-fong,Joss Fong,Howtown,Video - YouTube,Explanatory,3,,,,,0,NO_MATCH,,,
judy-pan,Judy Pan,foodooboos,Social - Instagram,Food,3,,,,,0,NO_MATCH,,,
jules-from-virginia,Jules from Virginia,Jules from Virginia,Social - Instagram,Things to Do,3,,,,,0,NO_MATCH,,,
julia-la-roche,Julia La Roche,The Julia La Roche Show,Video - YouTube,"Business, Personal Finance, Tech",3,,,,,0,NO_MATCH,,,
julian-brave-noisecat,Julian Brave NoiseCat,Julian Brave NoiseCat,Video - Instagram,"Climate/Environment, Art",3,,,,,0,NO_MATCH,,,
jxmyhighroller,Jxmyhighroller,Jxmyhighroller,Video - YouTube,Sports,3,,,,,0,NO_MATCH,,,
kadria-kassem,Kadria Kassem,Kadropedia,Video - TikTok,"History, World, Explanatory",3,,,,,0,NO_MATCH,,,
kahja-elliott,Kahja Elliott,heykayinthebay,Video - Instagram,"Food, Travel, Restaurants and bars",3,,,,,0,NO_MATCH,,,
kaia-yu,Kaia Yu,Kaia Yu,Video - Instagram,"Travel, Identity/Belonging, Culture",3,,,,,0,NO_MATCH,,,
kansas-helen,Kansas Helen,Kansas Helen,Video - YouTube,"Politics, Government Accountability, Local",3,,,,,0,NO_MATCH,,,
kara-harms,Kara Harms,Kara Harms,Video - Instagram,"Local, Lifestyle",3,,,,,0,NO_MATCH,,,
kareem-rahma,Kareem Rahma,Kareem Rahma,Video - Instagram,"Internet Culture, Local",3,,,,,0,NO_MATCH,,,
karli-zschgner,Karli Zschögner,karli_zschogner,Video - Instagram,"World, Local",3,,,,,0,NO_MATCH,,,
kassy-cho,Kassy Cho,Kassy,Video - TikTok,Human Rights,3,,,,,0,NO_MATCH,,,
kate-broug,Kate Broug,Anna Katharina,Video - Instagram,"History, Tech",3,,,,,0,NO_MATCH,,,
kate-michael,Kate Michael,Kstkate,Social - Instagram,Fashion,3,,,,,0,NO_MATCH,,,
katie-gatti-tassin,Katie Gatti Tassin,Money with Katie,Video - Instagram,Personal Finance,3,,,,,0,NO_MATCH,,,
kaylee-jo-flores,Kaylee Jo Flores,Kaylee Jo Chicago,Video - TikTok,"Things to Do, Restaurants and bars, Museums, Food, Local",3,,,,,0,NO_MATCH,,,
kelly-paras,Kelly Paras,Kelly Paras,Social - Instagram,Photography,3,,,,,0,NO_MATCH,,,
kelly-lynne-russell,Kelly-Lynne Russell,thelowlowstyle,Social - Instagram,Fashion,3,,,,,0,NO_MATCH,,,
kennedy-claire-bloom,Kennedy Claire Bloom,KeninChicago,Video - TikTok,"Things to Do, Restaurants and bars, Lifestyle, Food, Fashion, Local",3,,,,,0,NO_MATCH,,,
kenny-beecham,Kenny Beecham,KOT4Q,Video - YouTube,Sports,3,,,,,0,NO_MATCH,,,
kofie-yeboah,Kofie Yeboah,Kofie,Video - YouTube,"Sports, Culture",3,,,,,0,NO_MATCH,,,
kyle-eberly,Kyle Eberly,Sitreps to Steercos,Video - Instagram,Careers,3,,,,,0,NO_MATCH,,,
kyle-lybarger,Kyle Lybarger,Kyle Lybarger,Video - TikTok,"Climate/Environment, Explanatory",3,,,,,0,NO_MATCH,,,
la-pulla,La Pulla,La Pulla,Video - YouTube,"Politics, Comedy",3,,,,,0,NO_MATCH,,,
lamenuel-scales,Lamenuel Scales,Hood News 75,Video - Instagram,"Local, Comedy",3,,,,,0,NO_MATCH,,,
laura-odea,Laura O'Dea,"Laura O'Dea, M.A.",Video - Instagram,"Mental Health, Law/Legal Issues, Politics",3,,,,,0,NO_MATCH,,,
lauren-finney-harden,Lauren Finney Harden,Lauren Finney Harden,Video - Instagram,"Fashion, Parenting, Day in a Life",3,,,,,0,NO_MATCH,,,
libby-ward,Libby Ward,libbywardofficial,Video - TikTok,"Health/Wellness, Parenting",3,,,,,0,NO_MATCH,,,
lina-chawaf,Lina Chawaf,Rozana Radio,Social - LinkedIn,"World, Gender",3,,,,,0,NO_MATCH,,,
linda-samuel,Linda Samuel,Linda Samuel,Social - Instagram,Lifestyle,3,,,,,0,NO_MATCH,,,
liz-pak,Liz Pak,Liz Pak,Video - TikTok,Lifestyle,3,,,,,0,NO_MATCH,,,
lola-ajayi,Lola Ajayi,LifeWithLeauxla,Social - Instagram,Lifestyle,3,,,,,0,NO_MATCH,,,
long-island-wise-guy,Long Island Wise Guy,Long Island Wise Guy,Video - Instagram,"Comedy, Local",3,,,,,0,NO_MATCH,,,
louay-cherni,Louay Cherni,Must Last / ابو يحيى,Video - Instagram,"Politics, History, Finance/Economics",3,,,,,0,NO_MATCH,,,
lucy-blakiston,Lucy Blakiston,Shit You Should Care About,Video - Instagram,"Explanatory, General News",3,,,,,0,NO_MATCH,,,
luis-chaparro,Luis Chaparro,Pie de Nota,Video - TikTok,"Investigative, World",3,,,,,0,NO_MATCH,,,
luke-mcfadden,Luke McFadden,F.V. Southern Girl,Video - TikTok,"Food, Local, Day in a Life",3,,,,,0,NO_MATCH,,,
mac-cumpian,Mac Cumpian,Mac Facts NYC,Video - Instagram,"Museums, Things to Do",3,,,,,0,NO_MATCH,,,
maddie-brannon,Maddie Brannon,maddy the b,Video - Instagram,,3,,,,,0,NO_MATCH,,,
madeline-pendleton,Madeline Pendleton,Madeline Pendleton,Video - TikTok,"Politics, Business, Personal Finance",3,,,,,0,NO_MATCH,,,
marcela-trejo,Marcela Trejo,Focos,Video - YouTube,"Politics, Climate/Environment",3,,,,,0,NO_MATCH,,,
margot-de-broglie,Margot De Broglie,Conversations on Money,Video - Instagram,"Finance/Economics, Culture",3,,,,,0,NO_MATCH,,,
maria-bastasch,Maria Bastasch,Maria Bastasch,Social - Instagram,Restaurants and bars,3,,,,,0,NO_MATCH,,,
maria-kim,Maria Kim,Maria Kim,Social - Instagram,Restaurants and bars,3,,,,,0,NO_MATCH,,,
marina-mogilko,Marina Mogilko,Silicon Valley Girl,Video - YouTube,"Explanatory, Tech",3,,,,,0,NO_MATCH,,,
marissa-braswell,Marissa Braswell ,Marissa Kerri,Video - TikTok,"Culture, Identity/Belonging",3,,,,,0,NO_MATCH,,,
mark-horvath,Mark Horvath,Invisible People,Video - YouTube,Housing,3,,,,,0,NO_MATCH,,,
mark-langowski,Mark Langowski,Body By Mark,Video - Instagram,"Health/Wellness, Fitness",3,,,,,0,NO_MATCH,,,
matthew-adler,Matthew Adler,Matthew Adler,Social - Instagram,Restaurants and bars,3,,,,,0,NO_MATCH,,,
matthew-beat,Matthew Beat,Mr. Beat,Video - YouTube,"History, Education",3,,,,,0,NO_MATCH,,,
matthew-dickey,Matthew Dickey,Street Scape Curator,Video - Instagram,"Local, Architecture, Photography",3,,,,,0,NO_MATCH,,,
mattie-hanley,Mattie Hanley,hungry_hungry_hanley,Video - Instagram,Restaurants and bars,3,,,,,0,NO_MATCH,,,
mauna-eats-chicago,Mauna Eats Chicago,Mauna Eats Chicago,Video - TikTok,"Restaurants and bars, Food, Local",3,,,,,0,NO_MATCH,,,
maura-postlethwait,Maura Postlethwait,maura.gfconcierge,Social - Instagram,Restaurants and bars,3,,,,,0,NO_MATCH,,,
max-karlinsky,Max Karlinsky,Distant Elephant,Video - TikTok,"Explanatory, World, Architecture",3,,,,,0,NO_MATCH,,,
max-towey,Max Towey,Ride the News,Video - Instagram,"Explanatory, General News",3,,,,,0,NO_MATCH,,,
maynard-okereke,Maynard Okereke,Hip Hop Science,Video - Instagram,"Education, Science",3,,,,,0,NO_MATCH,,,
mcaila-wagna,Mcaila Wagna,Mcaila Wagna,Video - Instagram,"Climate/Environment, Outdoors, Travel",3,,,,,0,NO_MATCH,,,
mcamila-gallegor,Mcamila Gallegor,Chicago Food Guide,Video - TikTok,"Things to Do, Restaurants and bars, Recipes, Food, Local",3,,,,,0,NO_MATCH,,,
megan-schibelka,Megan Schibelka,Megan Schibelka,Video - TikTok,"Things to Do, Travel, Restaurants and bars, Lifestyle, Food, Local",3,,,,,0,NO_MATCH,,,
michael-mackelvie,Michael MacKelvie,Michael MacKelvie,Video - YouTube,"Sports, Explanatory",3,,,,,0,NO_MATCH,,,
michelle-katz,Michelle Katz,Michelle Katz,Social - Instagram,Restaurants and bars,3,,,,,0,NO_MATCH,,,
mohammad-taher,Mohammad Taher,The Airport Guy,Video - Instagram,"Transportation, Labor/Workers Rights, Education",3,,,,,0,NO_MATCH,,,
mohuya-khan,Mohuya Khan,Mohuya Khan,Video - Instagram,"Lifestyle, Fashion",3,,,,,0,NO_MATCH,,,
molly-ward,Molly Ward,Molly Ward,Social - Instagram,Things to Do,3,,,,,0,NO_MATCH,,,
monique-black-belt-babe,Monique (Black Belt Babe),Black Belt Babe,Video - TikTok,"Politics, Immigration, Human Rights",3,,,,,0,NO_MATCH,,,
morgan-lynzi,Morgan Lynzi,Morganlynzi,Video - Instagram,"Identity/Belonging, Culture, Health/Wellness",3,,,,,0,NO_MATCH,,,
moses-sibley,Moses Sibley,Made by Mojo,Video - Instagram,"Local, Film/Movies",3,,,,,0,NO_MATCH,,,
motaz-azaiza,Motaz Azaiza,motaz_azaiza,Social - Instagram,Photography,3,,,,,0,NO_MATCH,,,
nayyera-haq,Nayyera Haq,Nayyera Haq,Video - Instagram,"Politics, Media/Power",3,,,,,0,NO_MATCH,,,
neida-sandoval,Neida Sandoval,Neida Sandoval,Social - Instagram,"Immigration, Investigative, Positive News",3,,,,,0,NO_MATCH,,,
nicholas-martino,Nicholas Martino,Nicholas Martino,Social - Instagram,Lifestyle,3,,,,,0,NO_MATCH,,,
nicolas-heller,Nicolas Heller,New York Nico,Video - Instagram,Day in a Life,3,,,,,0,NO_MATCH,,,
nicolas-copano,Nicolás Copano,Copano.News / Turno,Social - Twitter / X,"Politics, Tech, Media/Power",3,,,,,0,NO_MATCH,,,
niklas-kolorz,Niklas Kolorz,Niklas Kolorz,Video - TikTok,"Science, Explanatory",3,,,,,0,NO_MATCH,,,
noah-rinsky,Noah Rinsky,Old Jewish Men,Video - Instagram,"Culture, Local, Comedy",3,,,,,0,NO_MATCH,,,
noor-tagouri,Noor Tagouri,Noor,Video - Instagram,"Investigative, Identity/Belonging",3,,,,,0,NO_MATCH,,,
not-bored-in-dc,Not Bored In DC,Not Bored In DC,Video - Instagram,History,3,,,,,0,NO_MATCH,,,
nova-foodies,NOVA Foodies,NOVA Foodies,Social - Instagram,Restaurants and bars,3,,,,,0,NO_MATCH,,,
nova-nomz,NoVa Nomz,NoVa Nomz,Social - Instagram,Restaurants and bars,3,,,,,0,NO_MATCH,,,
paige-muller,Paige Muller,Curious Caravan,Social - Instagram,History,3,,,,,0,NO_MATCH,,,
paige-tingey,Paige Tingey,Paige Tingey,Video - Instagram,"Travel, Photography",3,,,,,0,NO_MATCH,,,
palki-sharma-upadhyay,Palki Sharma Upadhyay,India Global Review,Social - Instagram,"World, Politics",3,,,,,0,NO_MATCH,,,
pat-the-designer-p-kidd,Pat The Designer (P. Kidd),Windy City Breeze,Video - YouTube,"Sports, Local",3,,,,,0,NO_MATCH,,,
paul-barbs-barbato,"Paul ""Barbs"" Barbato",Geography Now,Video - YouTube,"Explanatory, World, Travel",3,,,,,0,NO_MATCH,,,
petter-hrnfeldt,Petter Hörnfeldt,Mentour Pilot,Video - YouTube,"Transportation, World",3,,,,,0,NO_MATCH,,,
philipp-dettmer,Philipp Dettmer,Kurzgesagt - In a Nutshell,Video - YouTube,"Science, Tech",3,,,,,0,NO_MATCH,,,
philippine-darblay,Philippine Darblay,Philippine Darblay,Social - Instagram,"Travel, Food",3,,,,,0,NO_MATCH,,,
politician-trade-tracker,Politician Trade Tracker,Politician Trade Tracker,Video - Instagram,"Government Accountability, Politics",3,,,,,0,NO_MATCH,,,
queer-talk-dc,Queer Talk DC,Queer Talk DC,Social - Instagram,Things to Do,3,,,,,0,NO_MATCH,,,
rahsaan-thomas,Rahsaan Thomas,New York,Video - Instagram,"Activism, Law/Legal Issues",3,,,,,0,NO_MATCH,,,
raman-santra,Raman Santra,Barred in DC,Social - Twitter / X,Restaurants and bars,3,,,,,0,NO_MATCH,,,
renee-koontz,Renee Koontz,Chicago By Ren,Video - TikTok,"Things to Do, Restaurants and bars, Lifestyle, Food, Local",3,,,,,0,NO_MATCH,,,
rick-mcguire,Rick McGuire,Subway Creatures,Video - Instagram,"Local, Comedy, Transportation",3,,,,,0,NO_MATCH,,,
riley-arthur,Riley Arthur,Diners of NYC,Video - Instagram,"Architecture, History, Food",3,,,,,0,NO_MATCH,,,
rivandwino-rivan,Rivandwino Rivan,Rivan Updates,Video - TikTok,World,3,,,,,0,NO_MATCH,,,
romin-shahpouri,Romin Shahpouri,Romin Shahpouri,Social - Instagram,Fashion,3,,,,,0,NO_MATCH,,,
sam-denby,Sam Denby,Wendover Productions,Video - YouTube,Explanatory,3,,,,,0,NO_MATCH,,,
sam-parven,Sam Parven,sjparv,Social - Instagram,Fashion,3,,,,,0,NO_MATCH,,,
sam-schlageter,Sam Schlageter,Your DC Bestie,Video - Instagram,"Things to Do, Travel",3,,,,,0,NO_MATCH,,,
samantha-roby,Samantha Roby,Chicago Food Authority,Video - TikTok,"Things to Do, Restaurants and bars, Food, Local",3,,,,,0,NO_MATCH,,,
sanaz-saleh-ebrahimi,Sanaz Saleh-Ebrahimi,Sanaz Cooks,Video - TikTok,"Health/Wellness, Food, Science",3,,,,,0,NO_MATCH,,,
sara-faddah-dario-durham,"Sara Faddah, Dario Durham",77 Flavors Of Chicago,Video - Instagram,"Restaurants and bars, History, Culture, Local",3,,,,,0,NO_MATCH,,,
sarah-jakes-roberts,Sarah Jakes Roberts,Sarah Jakes Roberts,Video - Instagram,"Faith/Religion, Gender, Health/Wellness",3,,,,,0,NO_MATCH,,,
savannah-eccles-johnson,Savannah Eccles Johnson,Savypolitics,Video - Instagram,"Law/Legal Issues, Politics",3,,,,,0,NO_MATCH,,,
scott-rouse,Scott Rouse,The Behavior Panel,Video - YouTube,"Politics, General News, Crime",3,,,,,0,NO_MATCH,,,
sean-paul-reyes,Sean Paul Reyes,Long Island Audit,Video - YouTube,"Government Accountability, Law/Legal Issues, Politics",3,,,,,0,NO_MATCH,,,
sean-west,Sean West,GeoLegal Notes,Social - LinkedIn,"Law/Legal Issues, Politics",3,,,,,0,NO_MATCH,,,
secret-washington-dc,Secret Washington DC,Secret Washington DC,Social - Instagram,Things to Do,3,,,,,0,NO_MATCH,,,
sharon-mcmahon,Sharon McMahon,Sharon Says So,Video - Instagram,"Politics, Government Accountability, Explanatory, Finance/Economics",3,,,,,0,NO_MATCH,,,
shawn-singh,Shawn Singh,Shawn the Food Sheep,Video - Instagram,"Restaurants and bars, Things to Do",3,,,,,0,NO_MATCH,,,
shedrick-pelt,Shedrick Pelt,Shedrick Pelt,Social - Instagram,Photography,3,,,,,0,NO_MATCH,,,
shermann-dilla-thomas,Shermann Dilla Thomas,6figga_dilla,Video - Instagram,"Local, History",3,,,,,0,NO_MATCH,,,
shihan-chowdhury,Shihan Chowdhury,Shihan Chowdhury,Video - TikTok,Food,3,,,,,0,NO_MATCH,,,
simo-benbachir,Simo Benbachir,Sneaky Showbiz,Social - Instagram,"Entertainment/Hollywood, Culture",3,,,,,0,NO_MATCH,,,
soledad-obrien,Soledad O’Brien,Soledad O’Brien,Video - Instagram,"Culture, Politics",3,,,,,0,NO_MATCH,,,
steph-drahozal,Steph Drahozal,A Ticket to Taste,Social - Instagram,Food,3,,,,,0,NO_MATCH,,,
stephen-janis,Stephen Janis,Police Accountability Report,Video - YouTube,"Government Accountability, Investigative",3,,,,,0,NO_MATCH,,,
stuart-schuffman,Stuart Schuffman,BrokeAssStuart,Video - Instagram,"Things to Do, Local, Culture",3,,,,,0,NO_MATCH,,,
summer-dean,Summer Dean,Climate Diva,Video - Instagram,"Fashion, Climate/Environment",3,,,,,0,NO_MATCH,,,
suzanne-lambert,Suzanne Lambert,Suzanne Lambert,Video - Instagram,"Politics, Comedy",3,,,,,0,NO_MATCH,,,
tahmina-aziz,Tahmina Aziz,Tahmina Aziz,Video - TikTok,"Food, Travel, Lifestyle",3,,,,,0,NO_MATCH,,,
tala-al-sharif,Tala Al-Sharif,Female Chimeras,Social - Instagram,"World, Gender",3,,,,,0,NO_MATCH,,,
tamara-sacharczyk,Tamara Sacharczyk,Tamara Sacharczyk,Video - TikTok,Day in a Life,3,,,,,0,NO_MATCH,,,
tanya-badillo,Tanya Badillo,Tanya Badillo,Video - Instagram,"Travel, Outdoors, Identity/Belonging",3,,,,,0,NO_MATCH,,,
tara-kangarlou,Tara Kangarlou,Tara Kangarlou,Social - Instagram,"World, Human Rights",3,,,,,0,NO_MATCH,,,
tara-powell-blackwell,Tara Powell-Blackwell,MissPtv,Social - LinkedIn,"Tech, Lifestyle",3,,,,,0,NO_MATCH,,,
tatyana-arrington,Tatyana Arrington ,What The Film,Video - Instagram,Sports,3,,,,,0,NO_MATCH,,,
te-erika-patterson,Te-Erika Patterson,The Feisty News for Women,Video - TikTok,Gender,3,,,,,0,NO_MATCH,,,
the-other-dc,The Other DC,The Other DC,Social - Instagram,Photography,3,,,,,0,NO_MATCH,,,
tiffany-a-yu,Tiffany A. Yu,Disabled and Well,Video - TikTok,"Identity/Belonging, Activism",3,,,,,0,NO_MATCH,,,
tiffany-aliche,Tiffany Aliche,The Budgetnista,Video - Instagram,Personal Finance,3,,,,,0,NO_MATCH,,,
tiffany-janzen,Tiffany Janzen,Tiff in Tech,Video - Instagram,"Science, Tech",3,,,,,0,NO_MATCH,,,
tina-dunphy,Tina Dunphy,Tina Dunphy,Social - Instagram,Photography,3,,,,,0,NO_MATCH,,,
tonatiuh-higareda,Tonatiuh Higareda,Tonatiuh Higareda,Social - Instagram,"Travel, Food",3,,,,,0,NO_MATCH,,,
trish-pasricha,Trish Pasricha,Trish Pasricha MD,Video - Instagram,"Health/Wellness, Science",3,,,,,0,NO_MATCH,,,
ugo-lord,Ugo Lord,The Modern Attorney,Video - TikTok,Law/Legal Issues,3,,,,,0,NO_MATCH,,,
v-spehar,V Spehar,Under the Desk News,Video - TikTok,"General News, Politics",3,,,,,0,NO_MATCH,,,
valentin-farkasch,Valentin Farkasch,Orbit for Creators,Video - YouTube,Media/Power,3,,,,,0,NO_MATCH,,,
vica-reich,Vica Reich,Vica Reich,Video - TikTok,"Politics, Culture",3,,,,,0,NO_MATCH,,,
victoria-pickering,Victoria Pickering,Victoria Pickering,Social - Instagram,Photography,3,,,,,0,NO_MATCH,,,
vienna-pharaon-lmft,Vienna Pharaon LMFT,Mindful MFT,Video - Instagram,Mental Health,3,,,,,0,NO_MATCH,,,
vivian-tu,Vivian Tu,Your Rich BFF,Video - TikTok,"Finance/Economics, Personal Finance",3,,,,,0,NO_MATCH,,,
william-will-flanary,William (Will) Flanary,Dr. Glaucomflecken,Video - YouTube,"Comedy, Health/Wellness",3,,,,,0,NO_MATCH,,,
wren-woodson,Wren Woodson,NEWSGIRLS,Video - Instagram,"General News, Politics",3,,,,,0,NO_MATCH,,,
yatzuri-thomas,Yatzuri Thomas,Kids Quarantiine and Me,Social - Instagram,Things to Do,3,,,,,0,NO_MATCH,,,
yoav-davis,Yoav Davis,Jews of NY,Video - Instagram,"Local, Identity/Belonging",3,,,,,0,NO_MATCH,,,
your-digital-docent,Your Digital Docent,Your Digital Docent,Video - Instagram,Museums,3,,,,,0,NO_MATCH,,,
yuti-joshi,Yuti Joshi,Yuti Joshi,Video - YouTube,"World, Culture, Tech",3,,,,,0,NO_MATCH,,,
yuval-ben-hayun,Yuval Ben-Hayun,Yuval the Terrible,Video - TikTok,"General News, Government Accountability",3,,,,,0,NO_MATCH,,,
zack-richard,Zack Richard,NFL Historic,Video - YouTube,Sports,3,,,,,0,NO_MATCH,,,
zackory-kirk,Zackory Kirk,Zacktivist,Video - TikTok,"Politics, Activism",3,,,,,0,NO_MATCH,,,
zaid-admani,Zaid Admani,Admani Explains,Video - TikTok,"Business, Tech",3,,,,,0,NO_MATCH,,,
